tree
version=v4
num_class=1
num_tree_per_iteration=1
label_index=0
max_feature_idx=19
objective=binary sigmoid:1
feature_names=Maximal_transversiel_diameter_(cm) Pulse_pressure_(mmHg) Body_Surface_Area_calculated_using_the_DuBois'_formula Maximal_luminal_area_(cm2) Statins Distance_between_iliac_bifurcatures_(cm) Distance_between_lowest_renal_artery_to_the_aortic_bifurcature_(cm) Platelet_inhibitors UniCa-score_at_max._size_over_15mm Right_iliac_artery_maximal_diameter_(cm) Anterior_Wall_thickness_(mm) Distance_between_right_iliac_bifurcature_to_the_aortic_bifurcature_(cm) Distance_between_the_aortic_bifurcature_to_os_saccrum_(cm) Transvers_outer-to-outer_diameter_of_L3_(cm) Smoking Age Distance_between_left_iliac_bifurcature_to_the_aortic_bifurcature_(cm) UniCa-score_in_thrombus Suprarenal_mural_thrombe Hypertension
feature_infos=[3.0599999000000002:15.18] [19:130] [1.3292999999999999:2.5933999999999999] [1.01:94.080001999999993] -1:1:0 [2.71:11.06] [8.1899996000000002:45.57] -1:1:0 [0:2553.3000000000002] [6.5999999000000003:75.199996999999996] [0.68999999999999995:2.21] [2.02:12.880000000000001] [2.6400001:11.82] [1.03:8.5200005000000001] -1:1:2:0 [35:95] [2.9000001000000002:20.360001] [0:347.70001000000002] -1:1:0 -1:1:0:2
tree_sizes=2402 2229 2343 2428 2771 2777 2646 2749 2849 2747 2981 2955 2752 2944 2713 2771 2756 2958 2872 2748 2708 2867 2820 2786 2789 2934 2780 3040 2944 3176 2854 2865 2877 2879 2868 3082 2563 2955 3181 3090 2944 2963 2733 2870 2966 2743 3217 2862 2955 2851 2751 3076 3011 2861 2774 2866 2870 3098 2967 2762 3106 3281 2874 2771 3001 3054 3090 2576 3195 3184 2769 3004 2987 2887 3113 2979 3109 3231 3196 3086 2794 3118 3110 2891 3015 3119 2998 3413 3113 3421 3100 3007 3447 3464 3013 2813 3447 2923 3438 2919

Tree=0
num_leaves=22
num_cat=2
split_feature=0 1 1 2 3 5 3 0 13 6 7 12 8 0 6 9 0 8 12 0 7
split_gain=158.914 81.4969 31.8923 20.3097 17.3895 16.7837 7.14326 12.8616 5.24259 4.46795 7.6919 3.85112 3.74414 1.4594 2.65906 2.57095 0.470692 0.30903 0.480643 7.10543e-15 7.10543e-15
threshold=7.315000050000001 29.500000000000004 39.500000000000007 1.4093499500000002 28.500000000000004 6.9549999000000007 30.430000500000002 6.0850000500000005 4.424999950000001 11.135000000000003 0 6.315000050000001 24.050000500000003 6.0400002000000006 12.895000000000001 17.950000000000003 5.4149999500000012 22.500000000000004 5.7099998000000012 5.7650001000000008 1
decision_type=10 10 10 10 8 10 8 10 10 8 9 10 8 10 8 8 10 8 8 10 9
left_child=1 11 -2 -3 5 -4 9 -8 -7 10 -5 -1 -6 17 15 -15 -12 18 -11 20 -19
right_child=2 3 4 6 12 8 7 -9 -10 13 16 -13 -14 14 -16 -17 -18 19 -20 -21 -22
leaf_value=-0.59886404881979094 -0.50900467355721968 -0.62453815603766849 -0.58987811129353396 -0.67873904905318772 -0.53146951737286241 -0.66830083879541424 -0.75784602043818639 -0.63793334241221322 -0.75514122318948018 -0.77858279934493357 -0.77858279934493357 -0.5218417271661584 -0.59886404881979094 -0.75999120446302226 -0.77858279934493357 -0.70156047769130103 -0.75162498676616218 -0.77858279934493346 -0.75162498676616218 -0.77858279934493357 -0.77858279934493357
leaf_weight=4.6739697307348234 12.463919281959532 4.6739697307348242 6.6770996153354707 6.0093896538019163 5.3416796922683689 4.8965397179126722 8.680229499936102 5.1191097050905219 5.1191097050905228 5.1191097050905201 4.8965397179126722 4.6739697307348251 6.6770996153354654 6.4545296281576165 9.5705094486474973 4.673969730734826 4.4513997435569763 4.8965397179126766 4.4513997435569772 7.1222395896911612 15.134759128093721
leaf_count=21 56 21 30 27 24 22 39 23 23 23 22 21 30 29 43 21 20 22 20 32 68
internal_value=-0.688441 -0.729081 -0.58915 -0.746365 -0.623941 -0.663563 -0.752942 -0.713362 -0.712686 -0.760446 -0.7317 -0.560353 -0.568911 -0.768134 -0.755393 -0.73545 -0.765746 -0.775315 -0.766044 -0.778583 -0.778583
internal_weight=141.777 100.602 41.1754 91.2537 28.7115 16.6927 86.5797 13.7993 10.0156 72.7804 15.3573 9.34794 12.0188 57.4231 20.699 11.1285 9.34794 36.724 9.57051 27.1535 20.0313
internal_count=637 452 185 410 129 75 389 62 45 327 69 42 54 258 93 50 42 165 43 122 90
cat_boundaries=0 1 2
cat_threshold=1 1
is_linear=0
shrinkage=1


Tree=1
num_leaves=20
num_cat=1
split_feature=0 1 1 2 3 5 3 0 13 6 7 2 12 0 6 9 11 8 12
split_gain=137.956 71.4438 25.4063 18.3326 14.3858 14.3665 6.68042 11.5493 4.75219 4.23336 7.07448 3.04408 3.03428 1.40352 2.53121 2.38228 0.488078 0.300039 0.465514
threshold=7.315000050000001 29.500000000000004 39.500000000000007 1.4093499500000002 28.500000000000004 6.9549999000000007 30.430000500000002 6.0850000500000005 4.424999950000001 11.135000000000003 0 2.0615500500000006 6.315000050000001 6.0400002000000006 12.895000000000001 17.950000000000003 6.2750001000000006 22.500000000000004 5.6949999500000006
decision_type=10 10 10 10 8 10 8 10 10 8 9 8 10 10 8 8 10 8 10
left_child=1 12 -2 -3 5 -4 9 -8 -7 10 -5 -6 -1 17 15 -15 -12 18 -11
right_child=2 3 4 6 11 8 7 -9 -10 13 16 -13 -14 14 -16 -17 -18 -19 -20
leaf_value=0.081813290961217131 0.15981806569609786 0.058825781460268435 0.089779172783091776 0.0090901078689963298 0.082634767483729193 0.018803867381116644 -0.066878869495171842 0.046691925387767799 -0.064207837611862772 -0.087576403172178852 -0.087955718259922516 0.14258928486140812 0.14888325458823509 -0.069001224266208541 -0.087543371950059914 -0.012387940887886717 -0.060131153701926322 -0.087543371950059914 -0.06069294915982467
leaf_weight=4.806057929992674 13.130966424942015 4.7695922255516043 6.8836337327957215 6.0286070108413679 7.1417959630489323 4.9288692176341993 8.4739316403865796 5.2025029957294455 5.002331405878067 4.9617655873298627 4.7695786952972394 5.3194874823093423 4.9081992655992508 6.2962338775396356 9.2723588943481428 4.6535245031118402 4.3297791481018066 26.307622909545898 4.3532285094261169
leaf_count=21 56 21 30 27 31 22 39 23 23 23 22 23 21 29 43 21 20 122 20
internal_value=-9.36656e-05 -0.0388366 0.0904738 -0.0556252 0.0593713 0.0231641 -0.062074 -0.0236766 -0.023009 -0.0694731 -0.0413186 0.108228 0.115701 -0.0771 -0.0644754 -0.0449412 -0.0747159 -0.0842667 -0.0750128
internal_weight=141.54 99.133 42.4071 89.4187 29.2761 16.8148 84.6491 13.6764 9.9312 70.9727 15.128 12.4613 9.71426 55.8447 20.2221 10.9498 9.09936 35.6226 9.31499
internal_count=637 452 185 410 129 75 389 62 45 327 69 54 42 258 93 50 42 165 43
cat_boundaries=0 1
cat_threshold=1
is_linear=0
shrinkage=0.06


Tree=2
num_leaves=21
num_cat=1
split_feature=0 1 1 2 3 5 3 0 13 6 7 8 12 0 6 3 12 8 12 0
split_gain=120.75 63.0999 21.0217 16.5909 12.088 12.3853 6.26172 10.3904 4.31264 4.02928 6.52038 2.81763 2.50693 1.35953 2.42486 2.35164 0.494905 0.29449 0.452079 7.10543e-15
threshold=7.315000050000001 29.500000000000004 39.500000000000007 1.4093499500000002 28.500000000000004 6.9549999000000007 30.430000500000002 6.0850000500000005 4.424999950000001 11.135000000000003 0 24.050000500000003 6.315000050000001 6.0400002000000006 12.895000000000001 12.490000000000002 5.9700000000000015 22.500000000000004 5.6949999500000006 5.5850000500000005
decision_type=10 10 10 10 8 10 8 10 10 8 9 8 10 10 8 10 10 8 10 10
left_child=1 12 -2 -3 5 -4 9 -8 -7 10 -5 -6 -1 17 15 -15 -12 18 -11 -19
right_child=2 3 4 6 11 8 7 -9 -10 13 16 -13 -14 14 -16 -17 -18 19 -20 -21
leaf_value=0.075157439124892603 0.14507482329059046 0.054333771790405626 0.082336674730270759 0.0085186942093855179 0.13012628957717515 0.01756687271449936 -0.064518523969612468 0.043264479081342018 -0.061870543739462394 -0.085264117916972776 -0.085869056019029374 0.073531787881248034 0.1352908173527903 -0.018187199325029355 -0.085234657535304376 -0.074688088537139249 -0.057450135985725147 -0.085234657535304348 -0.058398129137180718 -0.085234657535304376
leaf_weight=4.9141764342784864 13.58176529407501 4.8513890951871863 7.0499405264854493 6.046437129378317 5.7461814433336231 4.9584325253963453 8.2633972316980344 5.2753879427909842 4.8834960609674454 4.7956119775772077 4.6303093731403333 7.0554083585739145 5.0715842843055725 6.0415777117013949 8.9615823626518232 4.7267216145992279 4.2134168744087219 13.129760205745699 4.2558479309082031 12.296124637126921
leaf_count=21 56 21 30 27 24 22 39 23 23 23 22 30 21 28 43 22 20 63 20 59
internal_value=-0.000163434 -0.037193 0.0832422 -0.0535025 0.0549601 0.0216334 -0.0598334 -0.0225209 -0.0218494 -0.0671443 -0.0394995 0.0989351 0.105698 -0.074738 -0.0621771 -0.0429881 -0.0723294 -0.0819261 -0.0726322 -0.0852347
internal_weight=140.749 97.4733 43.2752 87.4876 29.6935 16.8919 82.6362 13.5388 9.84193 69.0974 14.8902 12.8016 9.98576 54.2072 19.7299 10.7683 8.84373 34.4773 9.05146 25.4259
internal_count=637 452 185 410 129 75 389 62 45 327 69 54 42 258 93 50 42 165 43 122
cat_boundaries=0 1
cat_threshold=1
is_linear=0
shrinkage=0.06


Tree=3
num_leaves=22
num_cat=2
split_feature=0 1 1 2 3 5 3 16 13 6 7 2 0 12 0 6 9 15 7 10 8
split_gain=106.374 56.044 17.9016 15.0469 10.2927 10.7383 5.87913 9.71065 3.91745 3.84774 6.02063 2.38709 2.27482 2.14819 1.32793 2.33876 2.23501 0.50924 0.293327 0.564307 0.000717448
threshold=7.315000050000001 29.500000000000004 39.500000000000007 1.4093499500000002 28.500000000000004 6.9549999000000007 30.430000500000002 6.7449999000000007 4.424999950000001 11.135000000000003 0 2.0615500500000006 5.5050001000000011 6.315000050000001 6.0400002000000006 12.895000000000001 17.950000000000003 71.500000000000014 1 1.1050000000000002 17.849999500000003
decision_type=10 10 10 10 8 10 8 8 10 8 9 8 10 10 10 8 8 2 9 8 8
left_child=1 13 -2 -3 5 -4 9 -8 -7 10 -5 -6 -9 -1 18 16 -16 -12 20 -20 -11
right_child=2 3 4 6 11 8 7 12 -10 14 17 -13 -14 -15 15 -17 -18 -19 19 -21 -22
leaf_value=0.069369624160362561 0.13358611262165299 0.050325849361024778 0.075926162994580645 0.0079850168261355135 0.068890173977345509 0.016420363368940427 0.054753827646337433 -0.084657998208367807 -0.059666457465372101 -0.083919142797765911 -0.084060886164767465 0.12072733665072198 -0.025081328484441046 0.12450652738222397 -0.065118823687456154 -0.083172909865873459 -0.009469364734142378 -0.054800365581652043 -0.05392737096738446 -0.083493194154558262 -0.083172909865873459
leaf_weight=5.0018243640661222 13.855191111564634 4.9211943894624701 7.1820536255836549 6.062990650534628 7.4441411942243549 4.9854935407638532 4.1535014361143086 4.7478924691677094 4.7637596875429153 6.3125493228435543 4.4931380152702314 5.6068336665630349 4.4884478747844696 5.1765547692775726 6.0226813554763803 8.6424414813518506 4.569262921810151 4.0906066447496414 4.0478481799364063 5.4571520388126382 17.485869973897934
leaf_count=21 56 21 30 27 31 22 19 23 23 31 22 23 20 21 29 43 21 20 20 27 87
internal_value=-0.000216293 -0.0356805 0.0771833 -0.0515253 0.0511188 0.0202544 -0.057746 -0.0214419 -0.0207578 -0.0649814 -0.0377866 0.09116 -0.0557064 0.0974113 -0.0725629 -0.060011 -0.0411122 -0.0701167 -0.0798122 -0.0709021 -0.0833708
internal_weight=139.511 95.674 43.8375 85.4956 29.9823 16.9313 80.5744 13.3898 9.74925 67.1845 14.6467 13.051 9.23634 10.1784 52.5378 19.2344 10.5919 8.58374 33.3034 9.505 23.7984
internal_count=637 452 185 410 129 75 389 62 45 327 69 54 43 42 258 93 50 42 165 47 118
cat_boundaries=0 1 2
cat_threshold=1 2
is_linear=0
shrinkage=0.06


Tree=4
num_leaves=25
num_cat=1
split_feature=0 1 1 2 3 5 3 0 13 6 8 12 0 5 0 1 9 6 6 0 8 7 3 8
split_gain=94.4519 50.9042 17.1971 11.9421 10.4319 8.78671 5.0485 8.61323 4.8071 3.4947 3.01002 1.89374 1.32565 2.15327 1.60662 1.36462 0.214289 0.00493419 0.00238049 0.00230414 0.000872808 7.26996e-05 6.69687e-06 4.41586e-09
threshold=7.2500000000000009 29.500000000000004 39.500000000000007 1.4093499500000002 30.880000000000003 6.9549999000000007 31.430000500000002 6.0850000500000005 4.424999950000001 10.595000000000001 24.050000500000003 6.315000050000001 6.0400002000000006 7.1250000000000009 4.815000050000001 69.500000000000014 24.000000000000004 12.465000000000002 11.310000000000002 8.3249998000000023 11.300000000000002 0 4.855000050000001 94.700000500000016
decision_type=10 10 10 10 8 10 8 10 10 8 8 10 10 8 10 8 10 8 10 10 8 9 10 8
left_child=1 11 19 -3 5 -4 9 -8 -7 -5 -6 -1 14 -14 -11 17 18 -15 -16 -2 -20 -22 -23 -24
right_child=2 3 4 6 10 8 7 -9 -10 12 -12 -13 13 15 16 -17 -18 -19 20 -21 21 22 23 -25
leaf_value=0.064275849270120436 0.12598548426144651 0.041302779113934547 0.062936930088161924 -0.026476593277850981 0.12118251218241495 0.021053738111727314 -0.061027319628966709 0.040325871921221605 -0.06021544621713068 -0.039944490543697808 0.062215125171235362 0.1157235358470342 -0.027472745213085365 -0.085670641613062162 -0.083183210482007747 -0.043671510393772379 -0.067162178523414579 -0.082785254911271755 -0.082301009087083529 0.12438433596391486 -0.081603588461460597 -0.081415348160077505 -0.081320934896141672 -0.081323518877206957
leaf_weight=5.0719907730817777 4.9794898778200141 4.7434258460998526 8.3890304565429741 7.9805476218461981 5.4498266279697392 5.2564276158809644 7.9125629663467389 4.880263164639473 5.2244506031274796 4.0518777519464484 7.2783156484365472 5.2332288175821304 6.3257919400930431 4.3730905652046159 3.9940745830535915 4.5810977518558511 4.1012471467256537 4.1662619858980188 5.131509646773341 9.2385072559118253 5.6442525684833473 3.8763224780559602 3.8688578903675053 6.1905298233032235
leaf_count=21 20 20 35 38 22 23 39 21 26 20 30 21 31 21 20 23 21 21 26 37 29 20 20 32
internal_value=-0.000257977 -0.0352704 0.070145 -0.0510985 0.045487 0.0171731 -0.0567849 -0.0223627 -0.0194569 -0.063635 0.0874633 0.0904022 -0.0689017 -0.0562268 -0.0755889 -0.0700901 -0.0799912 -0.0842629 -0.0818241 0.124945 -0.0816045 -0.0814219 -0.0813483 -0.0813225
internal_weight=137.943 92.1269 45.816 81.8217 31.5981 18.8699 77.0783 12.7928 10.4809 64.2855 12.7281 10.3052 56.3049 19.4462 36.8587 13.1205 32.8068 8.53935 28.7055 14.218 24.7115 19.58 13.9357 10.0594
internal_count=637 444 193 402 136 84 382 60 49 322 52 42 284 96 188 65 168 42 147 57 127 101 72 52
cat_boundaries=0 1
cat_threshold=1
is_linear=0
shrinkage=0.06


Tree=5
num_leaves=25
num_cat=1
split_feature=0 1 1 2 9 12 0 6 13 3 0 6 6 0 6 9 0 9 3 6 8 7 12 8
split_gain=83.9864 45.5715 15.2305 10.8911 9.52641 8.86597 5.74305 10.1466 5.71694 4.75122 7.77585 3.34943 1.71231 1.31006 2.15012 2.70988 1.57309 0.212459 0.00192224 0.00188331 0.000683484 5.68753e-05 5.46967e-06 3.0617e-09
threshold=7.2500000000000009 29.500000000000004 39.500000000000007 1.4093499500000002 44.299999000000007 8.0000002500000011 8.3050003000000014 13.270000000000001 4.5250001000000006 31.430000500000002 6.0850000500000005 10.595000000000001 12.145000000000001 6.0400002000000006 12.895000000000001 18.050000000000004 4.815000050000001 24.000000000000004 30.880000000000003 11.310000000000002 11.300000000000002 0 6.0050001000000011 106.30000000000001
decision_type=10 10 10 10 8 8 10 10 8 8 10 8 8 10 8 8 10 10 10 10 8 9 10 8
left_child=1 12 18 -3 5 6 7 -4 -8 11 -11 -5 -1 16 15 -15 -13 19 -2 -18 -21 -22 23 -23
right_child=2 3 4 9 -6 -7 8 -9 -10 10 -12 13 -14 14 -16 -17 17 -19 -20 20 21 22 -24 -25
leaf_value=0.10758232901320661 0.11681708888549409 0.038467473334764267 0.02757556553050414 -0.025157607827832069 0.10748221082476152 0.099995901130129142 0.082524557642624702 -0.092515140918109001 -0.0083330271217981894 -0.058995380087999733 0.037505735282403474 -0.038225073143590471 0.05877919001631577 -0.064310945674282693 -0.080187528377936176 -0.0065017069670715681 -0.081343276877991366 -0.065267841362212642 0.11827857249087671 -0.080540228535643438 -0.079910804118699705 -0.079655353491327241 -0.079742281129537892 -0.079657548509774898
leaf_weight=5.441537439823148 9.2431312799453718 4.786072075366973 6.0903313905000775 7.8976325690746298 6.4822784215211859 4.7269336283206931 5.4799289852380726 4.3360930681228638 4.574156492948533 7.7005345970392209 4.9307424128055573 3.9822641164064398 4.935692936182023 6.5409561544656762 7.1560837328433982 5.2719963490962991 3.8439343422651353 3.9710694402456275 4.9882701933383933 4.9350673407316235 5.4246874451637188 3.7173388749361118 3.7249816805124274 5.9480790495872506
leaf_count=22 37 20 26 38 27 20 23 20 20 39 21 20 20 33 38 25 20 21 20 26 29 20 20 32
internal_value=-0.000287276 -0.0339122 0.0657664 -0.0492876 0.0426102 0.0259279 0.0088329 -0.0223672 0.0411884 -0.0548843 -0.0213252 -0.0616759 0.0843702 -0.0669662 -0.0542337 -0.0385113 -0.0737606 -0.0782438 0.117329 -0.0801112 -0.0799118 -0.0797469 -0.0796805 -0.0796567
internal_weight=136.13 90.2087 45.9211 79.8314 31.6897 25.2074 20.4805 10.4264 10.0541 75.0454 12.6313 62.4141 10.3772 54.5165 18.969 11.813 35.5474 31.5652 14.2314 27.5941 23.7502 18.8151 13.3904 9.66542
internal_count=637 444 193 402 136 109 89 46 43 382 60 322 42 284 96 58 188 168 57 147 127 101 72 52
cat_boundaries=0 1
cat_threshold=1
is_linear=0
shrinkage=0.06


Tree=6
num_leaves=24
num_cat=0
split_feature=0 1 1 2 3 5 3 12 13 0 8 12 0 0 6 13 6 16 12 6 8 9 10
split_gain=74.7972 40.8824 13.7589 9.99431 8.46959 7.33394 4.62469 7.91053 4.20277 2.89004 2.68755 1.75415 1.74219 1.50909 2.14734 2.79698 1.32131 0.215193 0.00158042 0.00148306 0.000644084 5.97189e-05 8.92618e-06
threshold=7.2500000000000009 29.500000000000004 39.500000000000007 1.48795005 30.880000000000003 6.9549999000000007 31.430000500000002 5.1649999500000012 4.424999950000001 4.815000050000001 24.050000500000003 6.315000050000001 5.5850000500000005 6.0400002000000006 12.895000000000001 4.5050001000000011 10.540000000000001 7.8650000000000011 7.4799998000000008 11.310000000000002 21.750000000000004 21.150000500000004 1.0750000500000001
decision_type=10 10 10 10 8 10 8 8 10 10 8 10 10 10 8 8 8 10 10 10 8 10 8
left_child=1 11 18 -3 5 -4 9 -8 -7 -5 -6 -1 -9 16 15 -15 -11 19 -2 -18 -21 22 -22
right_child=2 3 4 6 10 8 7 12 -10 13 -12 -13 -14 14 -16 -17 17 -19 -20 20 21 -23 -24
leaf_value=0.054209550714042751 0.11052693813162173 0.029448782580485042 0.055633170696280543 -0.019481265496577541 0.10917509054958903 0.017797860945455438 0.051343436270729126 -0.08023945342597967 -0.058461476297572659 -0.040234206549171758 0.05377188514283332 0.10344258388859369 -0.02628006955062415 -0.065059554232579045 -0.078632233665565668 -0.0091113464332537603 -0.079741578030002258 -0.063666493807474647 0.11185599173952476 -0.078977671920100009 -0.078246653697895754 -0.07846964749207426 -0.078147118542060884
leaf_weight=5.1826548427343351 9.1820483952760679 5.6246226578950873 8.5092297047376686 5.5971927195787421 5.491436064243314 5.3255796134471876 3.8359117656946156 4.1474307328462601 5.0865905433893204 4.0648823827505103 7.3988931626081476 5.2388042807579041 4.4819034039974213 6.4331510066986093 6.8685408681631079 6.433935061097146 3.6988318860530915 3.9843508601188651 4.961418777704238 6.017802536487582 6.0792618244886407 3.5990373343229285 6.9534052908420572
leaf_count=21 37 24 35 28 22 23 18 22 26 20 30 21 20 32 38 32 20 22 20 33 34 20 39
internal_value=-0.000315329 -0.0326414 0.0617562 -0.0475866 0.0398655 0.0143124 -0.0535882 -0.0203464 -0.0194566 -0.0605255 0.0773743 0.0789587 -0.052214 -0.0647694 -0.0515438 -0.0370837 -0.0723576 -0.0766624 0.110993 -0.0786277 -0.0784458 -0.0782533 -0.0781935
internal_weight=134.197 88.2417 45.9552 77.8203 31.8117 18.9214 72.1956 12.4652 10.4122 59.7304 12.8903 10.4215 8.62933 54.1332 19.7356 12.8671 34.3976 30.3327 14.1435 26.3483 22.6495 16.6317 13.0327
internal_count=637 444 193 402 136 84 378 60 49 318 52 42 42 290 102 64 188 168 57 146 126 93 73
is_linear=0
shrinkage=0.06


Tree=7
num_leaves=25
num_cat=0
split_feature=0 1 1 2 9 12 1 10 5 3 16 0 0 16 15 8 8 0 11 6 6 16 9 12
split_gain=66.8901 36.7638 12.5171 9.16325 8.01318 7.51348 5.38556 4.46059 4.5896 4.38337 7.10488 2.76901 1.68215 1.49806 2.89308 1.6206 2.30271 0.261937 0.635189 0.00890678 0.00615527 0.00131939 0.00031712 6.28585e-05
threshold=7.2500000000000009 29.500000000000004 39.500000000000007 1.48795005 44.299999000000007 8.0000002500000011 69.500000000000014 1.3049999500000002 7.3750000000000009 31.430000500000002 7.3650000000000011 4.815000050000001 5.6849999500000008 6.2149999000000014 77.500000000000014 54.899999500000007 26.500000000000004 6.0950000500000012 5.4749999000000011 11.545000000000002 11.195000000000002 5.7450001000000013 21.550000000000004 5.565000050000001
decision_type=10 10 10 10 8 8 8 10 10 8 8 10 10 10 2 10 8 10 10 10 8 10 8 10
left_child=1 12 21 -3 5 6 7 8 -4 11 -11 -5 -1 17 15 16 -15 20 -19 -17 -13 -2 23 -22
right_child=2 3 4 9 -6 -7 -8 -9 -10 10 -12 13 -14 14 -16 19 -18 18 -20 -21 22 -23 -24 -25
leaf_value=0.048984300489552761 0.10643791544867659 0.027500406535753953 0.0035056957936494145 -0.018474983897337958 0.096560760693083003 0.089714981019640386 0.057150953756311358 0.035236679362748734 -0.077330745566371276 0.039920492747084188 -0.054355556834479374 -0.079857934887201373 0.097275427640882733 -0.069728610487683043 -0.014450103057732965 -0.081912500327014637 -0.013840227840498841 -0.080957624833136052 -0.046237740457028734 -0.078346537624300661 -0.076803536268403028 0.10521639633166999 -0.077591142222209017 -0.077104023383695833
leaf_weight=4.9538632780313474 4.9054235517978659 5.660568729043006 5.3129077106714337 5.5494410395622245 6.5630270540714255 4.795570731163024 5.4771658033132544 4.8015872538089743 4.8246028423309326 4.5753824263811085 7.7561596632003793 3.683672368526465 5.4575712531805038 6.5061708688736006 5.503682628273963 4.0264372080564481 4.4824718981981286 3.9624642580747595 3.6389770358800888 6.7466688007116318 5.98197445273399 9.0673825591802579 3.4914797842502603 4.3132769912481308
leaf_count=20 20 24 22 28 27 20 23 21 23 21 39 20 22 36 30 21 24 21 20 38 35 37 20 25
internal_value=-0.00033424 -0.0314289 0.0583173 -0.0459359 0.0375051 0.022132 0.00625739 -0.0124019 -0.0349657 -0.0518559 -0.0193762 -0.058775 0.074298 -0.063048 -0.0533139 -0.0631428 -0.0469307 -0.0736338 -0.0643365 -0.0796793 -0.0776792 0.105645 -0.077097 -0.0769294
internal_weight=132.038 86.2903 45.7477 75.8788 31.7749 25.2118 20.4163 14.9391 10.1375 70.2183 12.3315 57.8867 10.4114 52.3373 27.2654 21.7617 10.9886 25.0718 7.60144 10.7731 17.4704 13.9728 13.7867 10.2953
internal_count=637 444 193 402 136 109 89 66 45 378 60 318 42 290 149 119 60 141 41 59 100 57 80 60
is_linear=0
shrinkage=0.06


Tree=8
num_leaves=26
num_cat=0
split_feature=0 1 1 2 9 12 0 6 13 3 0 8 8 3 5 12 2 9 6 0 6 9 0 16 9
split_gain=59.8398 33.0735 11.5508 8.40042 7.01714 6.56365 4.88064 9.05684 4.74779 4.16069 6.82471 2.6528 3.33409 3.35857 1.78354 1.66853 1.02408 0.704891 0.0228338 0.0124275 0.00448659 0.00103618 0.000781832 8.74758e-05 2.54082e-05
threshold=7.2500000000000009 29.500000000000004 39.500000000000007 1.48795005 44.299999000000007 8.0000002500000011 8.3050003000000014 13.270000000000001 4.5250001000000006 31.430000500000002 6.0850000500000005 52.750000000000007 43.599998000000006 14.645000000000001 9.075000300000001 6.315000050000001 2.1794500500000002 13.850000000000003 10.910000000000002 6.0400002000000006 12.465000000000002 14.15 5.2249999000000011 6.5950000500000012 15.850000000000003
decision_type=10 10 10 10 8 8 10 10 8 8 10 10 8 10 8 10 8 8 8 10 8 10 10 10 10
left_child=1 15 21 -3 5 6 7 -4 -8 11 -11 12 13 17 16 -1 18 -5 -13 22 -19 -2 -20 24 -24
right_child=2 3 4 9 -6 -7 8 -9 -10 10 -12 14 -14 -15 -16 -17 -18 20 19 -21 -22 -23 23 -25 -26
leaf_value=0.046129267691902662 0.10178511892353609 0.025701787907909279 0.023392450257174909 -0.047584428937702532 0.090333329346681951 0.083664110881513917 0.072777330159591952 -0.091282492990440584 -0.010014511448975331 -0.055447833206908555 0.035920122572122792 -0.081885661877603072 -0.0046119802734786962 -0.007528819439132476 -0.028576720821999392 0.094219531560556 -0.043037108992257316 -0.078795211928237713 -0.076815867118442446 -0.079197150263102839 -0.076251195234148555 0.10069345301596414 -0.075549178789727015 -0.076024297049041165 -0.075775161986300882
leaf_weight=5.2347062081098539 4.8252001106739035 5.6922684013843527 6.1006701737642377 3.8872174769640013 6.5934153199195853 4.8325741142034522 5.5458371341228458 4.1769134700298309 4.5306610316038141 7.2627544254064542 4.9482036978006363 4.2149949371814825 6.3031318783760062 4.0987160205841056 3.5733097940683356 5.1550877094268799 3.4662925451993933 5.5704087615013114 3.4007819145917919 6.5260436832904807 4.5211645215749749 8.9099415242671949 3.9228313118219358 3.3248908519744873 3.2960522472858429
leaf_count=21 20 24 26 22 27 20 23 20 20 39 21 22 34 22 20 21 20 31 20 36 27 37 24 20 20
internal_value=-0.000350748 -0.0302547 0.0551001 -0.0443276 0.0352292 0.020804 0.00587938 -0.0232126 0.0355519 -0.0501626 -0.0184231 -0.0570704 -0.0421878 -0.0552894 -0.0685076 0.0699901 -0.073576 -0.0692933 -0.0778642 -0.0770361 -0.0776555 0.101077 -0.0760248 -0.0757696 -0.0756524
internal_weight=129.914 84.3989 45.5152 74.0091 31.7801 25.1867 20.3541 10.2776 10.0765 68.3168 12.211 56.1058 24.3806 18.0775 31.7252 10.3898 28.1519 13.9788 24.6856 20.4706 10.0916 13.7351 13.9446 10.5438 7.21888
internal_count=637 444 193 402 136 109 89 46 43 378 60 318 136 102 182 42 162 80 142 120 58 57 84 64 44
is_linear=0
shrinkage=0.06


Tree=9
num_leaves=25
num_cat=2
split_feature=0 2 1 3 1 5 6 5 3 13 9 8 7 14 8 9 1 6 3 2 6 0 6 12
split_gain=53.6771 30.1931 11.7036 7.08152 6.64593 6.12375 5.73712 3.72033 8.80785 3.52396 3.3398 2.54198 1.96649 4.17556 1.87846 1.61803 0.277469 0.23401 0.051608 0.0133331 0.011606 0.00407295 0.00237425 0.000380316
threshold=7.2349999000000009 1.48795005 39.500000000000007 30.880000000000003 29.500000000000004 6.9549999000000007 11.490000000000002 7.1250000000000009 19.920000000000005 4.424999950000001 12.050000000000002 24.050000500000003 0 1 425.34999000000005 18.050000000000004 83.500000000000014 12.505000000000001 26.535000000000004 2.0951500000000007 11.490000000000002 6.0400002000000006 11.360000000000001 5.6250000000000009
decision_type=10 10 10 8 10 10 10 8 8 10 8 8 9 9 10 10 10 8 8 8 10 10 8 10
left_child=1 6 19 5 -3 -4 -1 8 10 -7 -6 -5 14 17 16 20 18 -14 21 -2 -12 22 -9 -24
right_child=2 4 3 11 7 9 -8 12 -10 -11 15 -13 13 -15 -16 -17 -18 -19 -20 -21 -22 -23 23 -25
leaf_value=0.095226811322760799 0.10072000323863281 0.028832863863316929 0.046567194979835344 0.097629797913594052 0.0010085829512862048 0.01142927354317563 0.010885289521841712 -0.076977654481961089 0.038528680044841154 -0.057651733101053169 -0.079578736130536856 0.043592579282528909 -0.080535737987755707 -0.0055488483946022323 -0.028224687213926368 -0.036443599070462608 -0.059468124176302158 -0.059475941040722111 -0.083548186302427649 0.096781235347583996 -0.075278715996947271 -0.077788848182750461 -0.074730263812047851 -0.07559022417922906
leaf_weight=6.7753541022539121 4.727686703205106 4.1877000331878653 8.5704916417598742 5.4107772409915897 3.7907758802175584 5.5668006092309934 5.0806697010993958 3.5922242403030475 5.227501541376113 5.0882030725479126 3.6365411132574064 7.4475180506706247 4.3498392403125763 6.3114998340606672 3.4906166493892661 5.6508252173662177 3.406770408153533 3.3718364238739014 4.6072859019041053 8.953205943107605 5.9681691825389862 4.8687520027160636 4.2682743221521386 3.2694960385560989
leaf_count=28 20 17 35 22 22 24 21 21 26 27 20 30 24 34 20 32 20 20 24 38 37 28 27 20
internal_value=-0.000364011 -0.02946 0.0516767 0.0318633 -0.0444573 0.00881041 0.0590839 -0.0491209 -0.0304596 -0.0215598 -0.0493944 0.0663315 -0.0600265 -0.0417498 -0.0693518 -0.0619188 -0.0753303 -0.0713395 -0.0779528 0.0981423 -0.0769068 -0.0763414 -0.0757082 -0.0751033
internal_weight=127.619 81.8541 45.7647 32.0838 69.9981 19.2255 11.856 65.8104 24.2738 10.655 19.0463 12.8583 41.5366 14.0332 27.5034 15.2555 24.0128 7.72168 20.606 13.6809 9.60471 15.9987 11.13 7.53777
internal_count=637 441 196 138 392 86 49 375 137 51 111 52 238 78 160 89 140 44 120 58 57 96 68 47
cat_boundaries=0 1 2
cat_threshold=2 2
is_linear=0
shrinkage=0.06


Tree=10
num_leaves=27
num_cat=1
split_feature=0 1 1 2 2 1 6 16 0 0 3 6 11 11 12 13 5 3 18 10 2 6 8 16 12 11
split_gain=48.2467 27.5055 10.1474 6.86305 5.8536 5.97005 5.05107 4.96529 4.05987 5.35522 5.34048 2.4803 2.66524 2.02114 1.63441 1.49893 1.23985 0.920138 2.11096 0.219812 0.0783911 0.0174339 0.00217284 0.000740915 0.000285088 8.46071e-05
threshold=7.2500000000000009 29.500000000000004 72.500000000000014 1.6225000000000003 2.2136500000000008 44.500000000000007 11.310000000000002 6.9399998000000007 6.0400002000000006 4.6849999000000002 31.430000500000002 12.895000000000001 6.8250000500000008 5.5050001000000011 6.315000050000001 4.5050001000000011 7.3550000000000013 14.645000000000001 0 0.94499999500000009 2.1490000500000002 11.055000000000001 69.299999500000013 7.565000050000001 5.6949999500000006 5.924999950000001
decision_type=10 10 8 10 8 10 10 8 10 8 8 8 10 8 10 10 10 8 9 10 8 8 8 10 10 10
left_child=1 14 4 6 5 -2 -3 15 9 -5 11 12 13 -10 -1 -7 20 21 -19 -20 -4 -11 -21 24 25 -23
right_child=2 3 16 8 -6 7 -8 -9 10 17 -12 -13 -14 -15 -16 -17 -18 18 19 22 -22 23 -24 -25 -26 -27
leaf_value=0.040174303243718353 0.06355837727706791 0.054000067579328397 0.1062010046825307 0.0044043410233801841 0.07551833910891681 -0.0124778659346502 -0.038177254145600782 0.035207458250789123 -0.016079996805895856 -0.078565776363710649 0.028873458169551967 -0.074518761546750731 0.014570302024876873 -0.078484383054556239 0.088032994197870557 -0.060606322827452125 0.067467982213543026 -0.018518616403154404 -0.057364654155820212 -0.077423795818120922 0.095396662677796076 -0.073660140511121394 -0.075254972217563332 -0.075034908210256532 -0.074340891181006494 -0.074054291700651753
leaf_weight=5.245665103197096 5.8517409563064637 4.372491315007208 4.8119885325431833 4.1851887851953498 6.9399586766958228 4.9946916997432673 4.1917864978313446 5.9404013007879266 3.7295541614294105 4.0607825219631222 4.7183887958526602 5.9488898664712897 3.7635881006717682 3.7440536320209503 5.0341867059469223 4.3659392595291138 6.8917096853256217 4.0059534758329374 3.262780159711836 3.4368566125631332 4.858369544148446 5.4344125539064425 3.2219084501266479 3.1992098391056052 6.0614911764860144 3.0670931786298752
leaf_count=21 26 20 20 22 30 21 20 25 20 23 20 38 20 21 21 20 30 23 20 20 21 36 20 20 39 20
internal_value=-0.000374578 -0.0280683 0.0496637 -0.0414546 0.0277026 0.0120148 0.00888387 -0.00769753 -0.048426 -0.0598116 -0.027668 -0.0431912 -0.0266067 -0.0473427 0.0636114 -0.0349257 0.0869143 -0.0673292 -0.05528 -0.0701229 0.100773 -0.075019 -0.0763744 -0.0742081 -0.0740265 -0.0738023
internal_weight=125.339 80.6843 44.6548 70.4044 28.0927 21.1528 8.56428 15.301 61.8402 39.9357 21.9045 17.1861 11.2372 7.47361 10.2799 9.36063 16.5621 35.7505 13.9275 9.92155 9.67036 21.823 6.65877 17.7622 14.563 8.50151
internal_count=637 444 193 402 122 92 40 66 362 243 119 99 61 41 42 41 71 221 83 60 41 138 40 115 95 56
cat_boundaries=0 1
cat_threshold=1
is_linear=0
shrinkage=0.06


Tree=11
num_leaves=27
num_cat=2
split_feature=0 2 1 9 12 5 3 1 6 0 6 13 7 8 8 16 10 7 12 1 3 0 3 6 3 10
split_gain=43.3325 25.3158 10.5111 6.29892 5.72188 5.70789 6.11979 6.20751 4.765 4.5733 7.67985 3.84779 2.92243 3.11564 1.75298 2.7517 3.3342 1.16486 0.227664 0.0878373 0.0178602 0.0111462 0.00896598 0.00257983 0.00184134 0.000883383
threshold=7.2349999000000009 1.48795005 39.500000000000007 44.299999000000007 8.0000002500000011 7.1250000000000009 26.535000000000004 45.500000000000007 11.490000000000002 8.3050003000000014 13.270000000000001 4.5250001000000006 0 31.750000000000004 6.3999998500000013 6.2249999000000011 1.3049999500000002 1 5.0450001000000011 86.500000000000014 1.0000000180025095e-35 8.3050003000000014 10.905000000000003 11.615 9.9200001000000011 1.2050000000000003
decision_type=10 10 10 8 8 8 8 10 10 10 10 8 9 10 8 10 8 9 8 8 10 10 8 10 10 8
left_child=1 8 21 4 9 6 7 -3 -1 10 -4 -11 18 -14 -7 19 17 22 -9 20 -16 -2 -17 -22 -20 -25
right_child=2 5 3 -5 -6 14 -8 12 -10 11 -12 -13 13 -15 15 16 -18 -19 24 -21 23 -23 -24 25 -26 -27
leaf_value=0.08647529897584097 0.094390684811937867 0.028955180998057654 0.015088149704634599 0.080659866587713458 0.073513451864441678 -0.027642160857725445 0.05220224322180339 -0.055126681608084926 0.0093990207093910868 0.063087480857876604 -0.089488724505085118 -0.011548722370092336 0.020667422229749426 -0.05974829141483811 -0.079078811483526412 -0.074132300824375816 -0.0041653625736452673 -0.036237184090271539 -0.073707117357153351 -0.087073202394941415 -0.075846513464856102 0.090704270101128984 -0.078313037895916454 -0.073101900914147519 -0.075635080962637796 -0.074521679778170299
leaf_weight=6.7690206468105298 4.522108942270278 4.7764538228511872 6.2966627031564801 6.5134907364845267 4.798911824822425 6.6942376196384421 3.6648489087820044 3.0878312289714804 5.0355756431818008 5.556654438376424 4.2238781452178955 4.50079469382763 3.5774263739585885 3.3668513745069504 4.5193410664796856 3.8204523622989655 5.2342022806406012 4.0863926112651843 3.7650616765022287 3.1243030279874793 3.3948898762464506 8.5079539418220502 3.5744982361793518 3.2293787598609924 3.3882113844156265 3.0845389366149902
leaf_count=28 20 24 27 27 20 39 17 20 21 23 21 20 20 20 26 25 29 24 25 18 21 38 21 22 21 20
internal_value=-0.000386252 -0.0273662 0.046578 0.0280258 0.0145162 -0.0417621 -0.0195738 -0.0315514 0.0535963 0.000757723 -0.0268983 0.0296871 -0.0483684 -0.0183212 -0.0557116 -0.0612272 -0.0438532 -0.0619464 -0.0687427 -0.0779634 -0.075963 0.0919836 -0.0761531 -0.0745127 -0.0746203 -0.0737955
internal_weight=123.114 78.1935 44.9205 31.8904 25.3769 66.3889 25.6267 21.9618 11.8046 20.578 10.5205 10.0574 17.1854 6.94428 40.7622 34.068 16.7155 11.4813 10.2411 17.3525 14.2281 13.0301 7.39495 9.70881 7.15327 6.31392
internal_count=637 441 196 138 111 392 147 130 49 91 48 43 106 40 245 206 99 70 66 107 89 58 46 63 46 42
cat_boundaries=0 1 2
cat_threshold=2 2
is_linear=0
shrinkage=0.06


Tree=12
num_leaves=25
num_cat=0
split_feature=0 1 1 3 2 5 0 0 5 13 10 9 8 0 3 15 13 1 6 2 6 8 16 5
split_gain=38.9949 23.5279 9.87468 5.89685 5.60279 4.97055 3.89263 5.08674 4.87834 3.23534 3.21208 2.5298 2.41812 1.56386 1.35504 2.82639 0.80802 0.792034 0.0134949 0.00920539 0.00336411 0.000838614 0.000341739 0.000150865
threshold=7.2349999000000009 29.500000000000004 39.500000000000007 30.880000000000003 1.48795005 6.9549999000000007 4.6150000000000011 6.0400002000000006 7.2049999000000007 4.5050001000000011 1.2350000000000001 11.450000000000001 24.050000500000003 5.6849999500000008 12.645000000000001 75.500000000000014 4.7149999000000014 69.500000000000014 10.975000000000003 2.0951500000000007 11.675000000000002 4.8500001500000005 6.2349999000000009 7.1050000000000013
decision_type=10 10 10 8 10 10 8 10 8 10 8 10 8 10 8 2 10 8 8 8 8 10 10 10
left_child=1 13 19 5 -3 -4 -6 14 9 -9 -7 -10 -5 -1 18 16 20 -13 -8 -2 -16 -20 23 -23
right_child=2 4 3 12 6 10 7 8 11 -11 -12 17 -14 -15 15 -17 -18 -19 21 -21 -22 22 -24 -25
leaf_value=0.034263062157701397 0.091431229409254772 0.016963994996234862 0.039550252159027022 0.08945091550410933 0.014425482149052656 -0.060792516079275494 -0.076660003205283614 -0.025550619489239406 -0.0073305378600699673 0.050518599936608247 0.0062181379540945294 -0.077805985352714893 0.036179276127301548 0.081495967318577611 -0.075993231097067571 -0.0087891526236802391 -0.039392578788268504 -0.041115343879089029 -0.073365819791007425 0.088031169885236585 -0.073588952250258147 -0.072335227151147083 -0.072694278072884075 -0.071796236529712884
leaf_weight=4.836690887808798 4.3941365778446171 5.8073777705430976 8.5077679604291969 5.242109760642049 3.7562481462955466 4.4577307850122425 3.4807519316673305 4.1473033279180544 3.9005506187677375 3.910912811756134 6.0976221859455118 6.0248046070337269 7.3946265876293191 5.2766527086496353 3.5672337263822564 4.4153668135404578 3.2259264290332785 3.266344442963601 3.413500949740409 8.2463530451059341 5.0767507106065759 3.5264543294906598 4.8851243257522583 3.9788889139890671
leaf_count=20 20 24 35 22 20 22 21 23 21 20 29 36 30 22 22 27 20 20 23 38 34 25 34 29
internal_value=-0.000395279 -0.026345 0.0443737 0.0264937 -0.0393329 0.00542427 -0.04473 -0.0486406 -0.0254141 0.0113682 -0.0220818 -0.0478828 0.058278 0.0589069 -0.0625164 -0.0497728 -0.0650178 -0.0649072 -0.073278 0.0892131 -0.0745812 -0.0725331 -0.0723037 -0.0720495
internal_weight=120.837 76.4969 44.3403 31.6999 66.3835 19.0631 60.5762 56.8199 21.2499 8.05822 10.5554 13.1917 12.6367 10.1133 35.57 16.2853 11.8699 9.29115 19.2847 12.6405 8.64398 15.804 12.3905 7.50534
internal_count=637 441 196 138 399 86 375 355 120 43 51 77 52 42 235 103 76 56 132 58 56 111 88 54
is_linear=0
shrinkage=0.06


Tree=13
num_leaves=27
num_cat=4
split_feature=0 1 1 9 9 5 12 2 1 10 5 0 12 14 7 18 12 19 8 2 3 0 3 0 6 3
split_gain=35.1439 21.2502 9.31073 5.48566 5.31837 7.76219 4.91781 4.72562 3.91878 3.69118 3.40541 2.88973 4.66387 2.87319 4.1011 2.05489 1.56989 0.821614 0.669896 0.0974045 0.0188748 0.0111923 0.0100805 0.00775114 0.00574219 0.000257491
threshold=7.2349999000000009 29.500000000000004 39.500000000000007 44.299999000000007 12.450000000000001 6.5600002000000011 8.0000002500000011 1.7124500000000002 69.500000000000014 1.3049999500000002 7.3750000000000009 6.6000001500000005 5.6549999500000006 0 1 2 6.315000050000001 3 54.899999500000007 2.1994500000000006 20.100000500000004 5.8650000000000011 13.045000000000002 8.3050003000000014 11.615 7.2049999000000007
decision_type=10 10 10 8 10 8 8 10 10 10 10 10 8 9 9 9 10 9 10 8 8 10 8 10 10 10
left_child=1 16 23 6 5 -3 8 -7 9 10 -4 13 -13 19 -15 -9 -1 20 -16 22 -17 -20 24 -2 -6 -26
right_child=2 4 3 -5 11 7 -8 15 -10 -11 -12 12 -14 14 18 17 -18 -19 21 -21 -22 -23 -24 -25 25 -27
leaf_value=0.033141122320198488 0.088822249803839418 0.047755079036413788 -0.0045209882029645749 0.07458378147609579 -0.074925242653428537 0.018187677650820966 0.067348706723344934 -0.016034603731704612 0.042255611661136866 0.026556245979771596 -0.074932670125722717 -0.065191068693488299 0.029778042358068982 0.0041248206588820856 -0.040736000593295706 -0.073177376657241749 0.080692459019682278 -0.039803991386900474 -0.072010745907742299 -0.085934389534896544 -0.079345576225784295 -0.077094150591321062 -0.076149751193229684 0.085651913207872438 -0.071394176984252405 -0.072154695710112071
leaf_weight=5.2136449515819532 4.259914278984068 5.3419759124517467 5.2678332924842923 6.4149484783411017 3.1275968551635742 4.7929260730743435 4.7531414330005637 4.4619772583246178 5.6038580387830725 4.7901082932949057 4.6603850424289703 3.7506472170352927 3.6961186975240707 5.0050876289606077 3.2534144669771177 4.1900940388441086 4.8011856377124786 3.3190954029560107 3.5799369513988495 2.9394088834524146 3.1126429438591003 2.7624111920595169 4.9664045125246057 7.9711343348026276 3.0778591483831406 3.3438589721918106
leaf_count=21 20 29 22 27 20 25 20 25 24 21 24 22 20 29 21 29 21 21 26 17 19 18 31 38 23 24
internal_value=-0.000399653 -0.025396 0.0423285 0.0250725 -0.0379813 -0.016455 0.0124062 -0.0337119 -0.000444301 -0.0167019 -0.0375728 -0.0517238 -0.0180542 -0.0595454 -0.0399049 -0.0502031 0.0559376 -0.0645564 -0.0628705 -0.0759742 -0.0758064 -0.0742248 -0.0739573 0.0867561 -0.072817 -0.0717902
internal_weight=118.458 74.7363 43.7213 31.4903 64.7215 25.2187 25.0753 19.8767 20.3222 14.7183 9.92822 39.5027 7.44677 32.056 14.6009 15.0838 10.0148 10.6218 9.59576 17.4551 7.30274 6.34235 14.5157 12.231 9.54931 6.42172
internal_count=637 441 196 138 399 148 111 119 91 67 46 251 42 209 94 94 42 69 65 115 48 44 98 58 67 47
cat_boundaries=0 1 2 3 4
cat_threshold=2 1 1 2
is_linear=0
shrinkage=0.06


Tree=14
num_leaves=25
num_cat=4
split_feature=0 2 1 3 5 4 6 13 14 12 0 8 6 7 14 8 10 12 11 5 3 2 16 11
split_gain=31.6676 20.0046 8.8168 5.01849 5.0123 5.43862 4.43641 4.2972 6.32482 3.82963 3.69058 2.31623 2.27778 2.16669 3.30454 1.54546 1.264 0.926359 0.268184 0.049744 0.0106553 0.0064541 0.00134372 0.000543204
threshold=7.2349999000000009 1.4093499500000002 39.500000000000007 30.880000000000003 7.1250000000000009 0 11.490000000000002 4.5250001000000006 1 6.1499998500000013 6.0850000500000005 24.050000500000003 11.155000000000003 2 3 425.34999000000005 1.135 7.5450001000000011 5.924999950000001 8.8550000500000028 18.415000000000003 2.0951500000000007 6.4449999500000006 5.9549999000000007
decision_type=10 10 10 8 8 9 10 8 9 8 10 8 10 9 9 10 10 8 8 8 8 8 10 8
left_child=1 6 21 7 5 10 -1 8 -4 -7 12 -5 -3 15 16 17 -15 19 -14 20 22 -2 23 -6
right_child=2 4 3 11 13 9 -8 -9 -10 -11 -12 -13 18 14 -16 -17 -18 -19 -20 -21 -22 -23 -24 -25
leaf_value=0.087793990294298352 0.086482205839196455 -0.016703135954268443 0.080372691075169797 0.084476417270108337 -0.070618758223040451 0.066982190656300969 0.0094522020715311558 -0.030206895224951152 -0.010965688148844421 -0.013067291962224897 0.016676259075035289 0.031772408177336973 -0.078424851030971451 -0.030650694487573585 0.0020604271500445468 -0.023358810918217971 -0.080034769959387395 -0.04396149755211709 -0.05554551251314814 -0.080575453743036526 -0.075988949955238458 0.083538864437891158 -0.07255173610368218 -0.071776332720193153
leaf_weight=5.7268031239509565 4.1184510439634296 4.2441558837890652 4.7630161494016647 5.0812420099973652 3.178741253912456 3.7993592247366914 4.7694651782512665 7.7146251499652854 6.3918472081422859 4.960581675171853 3.5747438818216315 7.335694059729577 5.507032506167886 3.3717532604932785 5.863407298922537 3.2647183686494818 4.177695631980896 4.6119428202509871 2.7731255963444719 3.6434887573122969 2.685715079307557 7.6894675344228753 4.2390613034367561 2.698077417910099
leaf_count=24 20 24 20 22 25 20 20 38 28 28 20 30 39 21 34 21 27 30 19 22 17 38 30 20
internal_value=-0.000405422 -0.0244583 0.0403893 0.0237166 -0.0373124 -0.0163937 0.0521958 0.00422325 0.0280349 0.0216517 -0.0370954 0.0533399 -0.0524431 -0.0510932 -0.0317327 -0.0617701 -0.0579787 -0.0677254 -0.0707623 -0.0743899 -0.0726294 0.0845655 -0.0717375 -0.0711502
internal_weight=116.184 73.0899 43.0943 31.2864 62.5936 24.859 10.4963 18.8695 11.1549 8.75994 16.0991 12.4169 12.5243 37.7346 13.4129 24.3217 7.54945 21.057 8.28016 16.4451 12.8016 11.8079 10.1159 5.87682
internal_count=637 441 196 138 397 150 44 86 48 48 102 52 82 247 82 165 48 144 58 114 92 58 75 45
cat_boundaries=0 1 2 3 4
cat_threshold=2 2 2 2
is_linear=0
shrinkage=0.06


Tree=15
num_leaves=25
num_cat=1
split_feature=0 1 1 9 5 2 2 16 0 10 8 8 15 1 1 15 16 4 5 2 13 6 0 3
split_gain=28.5474 18.2676 7.997 5.4015 6.31062 4.95075 4.94572 4.55142 4.65833 3.16125 2.80278 2.98828 3.16552 2.40165 2.03847 1.5591 1.13907 0.302122 0.293036 0.0552648 0.0229728 0.0114261 0.0116539 0.000240073
threshold=7.2500000000000009 29.500000000000004 82.500000000000014 12.450000000000001 6.5600002000000011 1.7124500000000002 2.3157999500000002 6.9399998000000007 8.3050003000000014 1.2650000000000003 63.549999000000007 43.599998000000006 75.500000000000014 82.500000000000014 51.500000000000007 73.500000000000014 6.2249999000000011 0 8.0950003000000024 2.2228499500000001 4.3450000500000012 11.155000000000003 6.0400002000000006 8.5949998000000019
decision_type=10 10 8 10 8 10 8 8 10 8 10 8 2 10 10 2 10 9 8 8 10 10 10 10
left_child=1 15 6 4 -3 -6 7 8 -2 -9 11 12 18 19 -7 -1 20 -4 -5 21 -16 -12 23 -23
right_child=2 3 17 10 5 14 -8 9 -10 -11 13 -13 -14 -15 16 -17 -18 -19 -20 -21 -22 22 -24 -25
leaf_value=0.028946969770456098 -0.038850433002892253 0.043778641900086943 0.08878833190393165 -0.078204245145588241 0.021923084968939702 -0.005978890421984088 0.081386884884730296 0.0081644357539337326 0.025942514607431647 0.076443387168417504 -0.075974416259535132 0.0025917595628916165 -0.0077393966894945465 -0.013297952712124618 -0.071822090646410736 0.076759565105143868 -0.03513540323110162 0.068900167868313933 -0.054306148887509113 -0.082281519629038402 -0.078819457103495957 -0.069736891546946428 -0.074155035376278142 -0.070524194870809354
leaf_weight=4.9234243482351285 8.145513936877256 5.4171121567487743 7.2182214111089689 5.7761828005313882 4.9908586367964771 3.2797744348645201 4.4164860695600501 4.5461474061012241 7.8388992547988883 5.2719645500183114 3.3078839927911821 5.8265961408615103 4.3751492649316779 2.6923092454671851 3.7911274880170804 4.8975395560264587 4.1646425575017929 4.4418990612030029 2.71549877524376 2.7182916998863211 3.0462758839130402 3.1156842783093435 4.6147292032837868 2.5237320587038994
leaf_count=21 38 29 35 37 26 21 20 20 35 23 21 35 29 18 28 21 26 22 19 17 19 26 31 20
internal_value=-0.000404144 -0.0232694 0.039003 -0.0352486 -0.0134371 -0.0295192 0.0227165 0.0126742 -0.00707539 0.0448277 -0.0495459 -0.0330571 -0.0492003 -0.0657921 -0.0474959 0.0527903 -0.0598724 0.081212 -0.070562 -0.0744732 -0.0749396 -0.0729081 -0.071919 -0.0700892
internal_weight=114.056 72.1768 41.8791 62.3558 24.6898 19.2727 30.219 25.8025 15.9844 9.81811 37.6661 18.6934 12.8668 18.9726 14.2818 9.82096 11.002 11.6601 8.49168 16.2803 6.8374 13.562 10.2541 5.63942
internal_count=637 444 193 402 149 120 136 116 73 43 253 120 85 133 94 42 73 57 56 115 47 98 77 46
cat_boundaries=0 1
cat_threshold=1
is_linear=0
shrinkage=0.06


Tree=16
num_leaves=25
num_cat=2
split_feature=1 0 12 7 9 0 3 16 1 2 10 15 15 16 12 7 8 11 10 2 2 0 17 6
split_gain=26.024 15.6598 6.70265 5.69675 5.21849 4.43715 4.52296 6.78512 4.35058 7.84159 3.19955 2.99438 2.76207 3.31655 1.53961 1.22738 2.22409 0.954771 0.527583 0.404109 0.0967895 0.00338909 0.000894716 0.000585922
threshold=44.500000000000007 7.2500000000000009 6.520000200000001 0 14.750000000000002 4.6150000000000011 30.430000500000002 8.3649998000000014 72.500000000000014 2.0615500500000006 1.1850000000000003 72.500000000000014 77.500000000000014 6.2349999000000009 6.270000200000001 1 50.149999500000007 6.3950000000000005 1.0850000000000002 2.1576999500000005 1.7076000000000002 6.0400002000000006 9.5500002000000013 11.800000000000002
decision_type=10 10 10 9 10 8 8 8 8 8 10 2 2 10 10 9 10 8 10 10 10 10 8 10
left_child=2 5 3 11 -5 -2 12 -8 9 10 -3 -1 15 18 -11 19 -17 -4 -14 20 -7 22 23 -22
right_child=1 8 17 4 -6 6 7 -9 -10 14 -12 -13 13 -15 -16 16 -18 -19 -20 -21 21 -23 -24 -25
leaf_value=-0.049013537153218247 0.031828777029075411 -0.062161914595840272 0.060367560125639499 0.09091876892623342 0.00039452021056197013 -0.082582024641240384 0.049235934785978763 -0.04819671734111796 0.061977127775471326 0.02013757110489809 0.0020625466413038262 0.022540535104798198 -0.07165186814414834 0.01399896528192688 0.069734057089390747 -0.0204898369720946 -0.072901605078053475 0.092054618187401002 -0.034788790295183086 -0.047643371122103789 -0.071286779194159364 -0.072466567514847022 -0.06936186208582569 -0.070096252527449832
leaf_weight=4.349390797317028 3.1531326472759238 5.2824231535196358 6.4435046017169926 5.5411287248134649 3.9104014858603477 3.2688635438680675 4.4973880648612949 6.0135788023471841 6.4355380386114112 4.1850989162921888 5.9242560416460037 4.0808765590190887 3.0402444303035718 4.5948548838496208 4.8814182728528976 6.2732752338051814 5.4442588463425636 7.303239807486535 2.587014451622963 2.5516121238470069 3.0379443243145916 3.7438874915242186 2.5577040389180192 2.917332336306572
leaf_count=24 17 23 33 25 21 20 21 36 28 20 26 21 23 30 21 39 39 36 18 20 23 27 22 24
internal_value=-0.000405954 -0.0185458 0.0456998 0.0214823 0.053466 -0.037225 -0.0415342 -0.00650765 0.0189971 0.00535349 -0.0282105 -0.014376 -0.0507344 -0.0238224 0.0468403 -0.0599675 -0.0448417 0.077202 -0.0547048 -0.0697719 -0.0734086 -0.0709621 -0.0703005 -0.0707036
internal_weight=112.018 80.3898 31.6285 17.8818 9.45153 53.6811 50.528 10.511 26.7087 20.2732 11.2067 8.43027 40.017 10.2221 9.06652 29.7949 11.7175 13.7467 5.62726 18.0773 15.5257 12.2569 8.51298 5.95528
internal_count=637 477 160 91 46 359 342 57 118 90 49 45 285 71 41 214 78 69 41 136 116 96 69 47
cat_boundaries=0 1 2
cat_threshold=2 2
is_linear=0
shrinkage=0.06


Tree=17
num_leaves=27
num_cat=3
split_feature=0 2 1 9 5 3 1 12 6 0 6 13 13 7 7 14 8 0 12 5 3 8 2 16 0 8
split_gain=23.5309 16.3806 8.08974 4.77462 4.49381 6.64614 5.10153 3.91884 3.74418 3.27573 6.6386 3.03024 2.76278 2.86427 2.07329 3.21852 1.55059 1.24087 0.96392 0.278821 0.0375101 0.0108598 0.00864193 0.00664417 0.0011296 0.000393207
threshold=7.2349999000000009 1.4093499500000002 39.500000000000007 44.299999000000007 7.1250000000000009 28.010000500000004 45.500000000000007 8.0000002500000011 11.490000000000002 8.3050003000000014 13.270000000000001 4.5550000500000012 4.5150001000000008 0 1 2 425.34999000000005 6.0950000500000012 7.5450001000000011 6.6549999500000006 4.5200000000000005 69.299999500000013 2.0951500000000007 7.2950000500000014 6.0400002000000006 60.700001000000007
decision_type=10 10 10 8 8 8 10 8 10 10 10 10 8 9 9 9 10 10 8 8 10 10 8 10 10 10
left_child=1 8 22 7 5 6 -3 9 -1 10 -4 -11 19 -14 16 17 18 -16 20 21 -6 -8 -2 24 25 -22
right_child=2 4 3 -5 14 -7 12 -9 -10 11 -12 -13 13 -15 15 -17 -18 -19 -20 -21 23 -23 -24 -25 -26 -27
leaf_value=0.081684304588587844 0.082495142155243895 0.026213729138669983 0.011678900483313069 0.066861614694768104 -0.077625838716718118 0.066969265688307425 -0.076065373959659552 0.057770241074569538 0.008634434816770311 0.051025307881658634 -0.087769413322792408 -0.015709579626318467 -0.053976497933712862 0.022511669158873478 -0.077703915138001928 0.005005880266796485 -0.019461962739609179 -0.026364330413196756 -0.040215759697305883 -0.0500594582549658 -0.069993303192991171 -0.070892401690512585 0.078930829096755931 -0.073371124892959924 -0.070905791827727563 -0.068967644182687277
leaf_weight=5.5246875584125501 3.7899100035428974 4.9987579062581124 6.1013500094413846 6.1639979332685462 3.8972990810871186 3.1601302325725547 3.2558808848261789 4.5949483811855307 4.6535666584968567 5.4205682575702649 4.00118338316679 4.4689168334007263 3.5246986299753189 3.5252741202712068 3.9927892535924911 5.677401587367056 3.0804020389914504 2.9447893053293228 4.2691361829638472 2.5670797824859628 2.4251966029405576 2.6501550599932671 6.9205657690763482 2.6703114211559287 2.8072242885828018 3.0227654650807381
leaf_count=24 20 26 27 27 26 14 21 20 20 23 21 20 28 21 29 34 21 19 30 19 20 21 38 19 22 27
internal_value=-0.000405959 -0.021962 0.0352843 0.0196431 -0.0341906 -0.0140303 -0.0265033 0.00780528 0.0482854 -0.00367862 -0.0277083 0.0208688 -0.0434793 -0.0157293 -0.047915 -0.0284957 -0.0589636 -0.0559118 -0.065337 -0.0665685 -0.0725723 -0.0737442 0.0801921 -0.0707696 -0.069928 -0.0694242
internal_weight=110.109 68.6475 41.4614 30.751 58.4693 23.682 20.5218 24.587 10.1783 19.992 10.1025 9.88949 15.5231 7.04997 34.7873 12.615 22.1723 6.93758 19.0919 8.47312 14.8228 5.90604 10.7105 10.9255 8.25519 5.44796
internal_count=637 441 196 138 397 150 136 111 44 91 48 43 110 49 247 82 165 48 144 61 114 42 58 88 69 47
cat_boundaries=0 1 2 3
cat_threshold=2 2 2
is_linear=0
shrinkage=0.06


Tree=18
num_leaves=26
num_cat=2
split_feature=1 0 2 3 6 11 12 9 10 2 13 13 9 2 7 19 11 15 5 0 3 0 2 6 8
split_gain=21.8456 18.5562 7.23109 6.33534 6.15357 5.79394 5.67363 5.13964 6.03773 5.59844 3.85537 2.67765 2.51381 1.93585 1.84011 1.10616 0.743724 1.88877 0.301782 0.203621 0.189657 0.100253 0.0651809 0.0129244 0.002726
threshold=23.500000000000004 6.3599999000000009 2.3362500500000007 28.500000000000004 13.215000000000002 4.5300000000000002 7.3850000000000007 12.250000000000002 1.1050000000000002 1.8896000000000002 4.2850001000000004 4.4949999000000007 32.699998500000007 2.0048999500000004 0 1 6.8250000500000008 73.500000000000014 8.1750002000000013 7.5750000500000008 9.9200001000000011 7.2500000000000009 2.1019000000000005 11.310000000000002 64.950001000000015
decision_type=10 10 8 8 8 10 10 10 10 10 10 8 10 8 9 9 10 2 10 8 8 10 8 8 10
left_child=14 7 3 5 -5 -3 10 8 13 -10 -7 -6 16 20 -1 21 18 -18 22 -16 -2 -12 23 -9 -25
right_child=1 2 -4 4 11 6 -8 12 9 -11 15 -13 -14 -15 19 -17 17 -19 -20 -21 -22 -23 -24 24 -26
leaf_value=0.037591120697931003 -0.052244893907869468 0.045050444292845139 0.077493325731860171 -0.016473576174119549 0.094043134311241283 -0.0026092369815950626 0.036904358505031272 -0.074710887981314339 0.076632945918098647 -0.028649801421888468 -0.071720866487283097 0.033563974386820253 -0.0093988102404897311 -0.0078188292379007332 0.088387075544060653 -0.03963640168527597 -0.072233505576824383 -0.0071209623399287837 -0.051593006165652704 0.071293071362085306 -0.073125120402909374 -0.08646741646604314 -0.080825741214799712 -0.071252843382762054 -0.06894680157699612
leaf_weight=6.3758541941642761 2.7022816389799127 4.9613985419273403 5.7037908881902686 5.5166169255971935 4.9236751496791813 5.6753201186657014 4.0033023357391349 3.0510169640183511 3.8599131107330313 3.4375556632876396 3.4154117479920387 5.670518472790719 3.5627211183309546 3.3015108108520517 4.4078524112701425 4.2309043407440168 4.086133547127246 2.6400138735771179 2.6095998585224143 5.8222253471612939 3.7244267761707306 3.2284789681434631 3.5617846325039872 3.5942607149481782 3.7927337065339088
leaf_count=31 21 24 26 24 22 29 19 21 20 25 26 26 25 20 21 23 32 18 21 32 27 17 25 28 34
internal_value=-0.000408467 -0.0119274 0.0141376 0.00545617 0.0349135 -0.0131441 -0.0271916 -0.0400132 -0.0142157 0.0270383 -0.0426958 0.0616718 -0.0563421 -0.0451618 0.0628906 -0.0636161 -0.0635091 -0.0466768 -0.0703255 0.0786584 -0.0643455 -0.0788867 -0.0738172 -0.0714257 -0.0700688
internal_weight=107.859 91.2534 47.3294 41.6256 16.1108 25.5148 20.5534 43.924 17.0257 7.29747 16.5501 10.5942 26.8983 9.72822 16.6059 10.8748 23.3355 6.72615 16.6094 10.2301 6.42671 6.64389 13.9998 10.438 7.38699
internal_count=637 553 236 210 72 138 114 317 113 45 95 48 204 68 84 66 179 50 129 53 48 43 108 83 62
cat_boundaries=0 1 2
cat_threshold=2 2
is_linear=0
shrinkage=0.06


Tree=19
num_leaves=25
num_cat=3
split_feature=1 0 12 7 9 0 2 1 2 12 0 1 11 3 3 18 12 11 8 10 7 8 16 11
split_gain=20.3468 11.8585 5.96333 4.61864 4.4311 3.92303 3.80943 3.75685 6.69022 3.1386 2.99221 3.32409 2.76142 2.42643 1.21931 2.32083 1.16767 0.926915 0.288588 0.27028 0.00685992 0.000594736 0.00029717 9.37526e-05
threshold=44.500000000000007 7.2500000000000009 6.520000200000001 0 14.750000000000002 4.6150000000000011 1.6225000000000003 72.500000000000014 2.0615500500000006 6.3599999000000009 6.0400002000000006 79.500000000000014 5.8950000000000005 20.100000500000004 14.645000000000001 1 6.270000200000001 6.3950000000000005 172.85000000000002 1.0650000000000002 2 266.55000500000006 6.2650001000000008 5.4549999000000007
decision_type=10 10 10 9 10 8 10 8 8 8 10 10 8 8 8 9 10 8 10 8 9 8 10 8
left_child=2 5 3 12 -5 -2 -7 8 9 -3 14 13 -1 18 20 -16 -10 -4 -12 -17 -8 22 23 -22
right_child=1 7 17 4 -6 6 10 -9 16 -11 11 -13 -14 -15 15 19 -18 -19 -20 -21 21 -23 -24 -25
leaf_value=-0.05208177241362779 0.030775087950044546 -0.00063931898709510069 0.055573139360773065 0.08355574871376982 -0.0020063590378780576 0.0054956913474153287 -0.071448766251757126 0.056567060927077001 0.018506651360575721 -0.06543540702680925 -0.072731845726073913 0.023543506360604073 0.018117015688511231 -0.0095010879960794568 0.00067024182583381997 -0.045676056822590211 0.062286834381486758 0.087997153450759799 -0.047356156759931593 -0.070746226191700692 -0.068208006267329174 -0.06922398810627084 -0.068709771024612357 -0.0676405281827753
leaf_weight=3.756943278014659 3.147650569677352 6.3672693669796034 6.0223670154809925 5.2543870657682454 3.7227935791015625 6.1689271107316008 4.1163657382130641 6.220314309000968 4.074945889413355 4.6612869203090677 4.4434786736965188 3.8580204024910918 4.3566781133413324 5.2438785880804071 3.1268302127718908 2.4005903676152229 4.7491185516119003 6.7109292745590219 2.5332175195217133 4.3594897165894508 2.0990346744656536 3.2940760552883157 2.9617321491241455 2.093227207660675
leaf_count=21 17 29 33 25 21 32 32 28 20 20 33 23 24 29 21 20 21 36 20 35 20 29 27 21
internal_value=-0.000413069 -0.0169091 0.0415788 0.0184208 0.0480736 -0.0340592 -0.0384292 0.0158786 0.00312993 -0.0280258 -0.0451149 -0.0250107 -0.0143879 -0.0403392 -0.0583349 -0.0420729 0.0420692 0.0726618 -0.063518 -0.0618435 -0.0693742 -0.0685569 -0.0682497 -0.0679247
internal_weight=105.744 75.9195 29.8241 17.0908 8.97718 49.8465 46.6989 26.0729 19.8526 11.0286 40.5299 16.0786 8.11362 12.2206 24.4513 9.88691 8.82406 12.7333 6.9767 6.76008 14.5644 10.4481 7.15399 4.19226
internal_count=637 477 160 91 46 359 342 118 90 49 310 105 45 82 205 76 41 69 53 55 129 97 68 41
cat_boundaries=0 1 2 3
cat_threshold=2 1 1
is_linear=0
shrinkage=0.06


Tree=20
num_leaves=25
num_cat=3
split_feature=1 0 2 5 9 10 2 6 1 1 2 4 2 16 14 8 7 6 6 3 2 11 6 3
split_gain=18.4108 15.6242 6.19175 5.5288 4.84741 5.56766 4.67108 4.3358 4.31108 7.34136 3.88971 3.45606 3.21253 4.60456 2.4247 3.06257 1.69501 1.06221 0.425672 0.200275 0.034551 0.011649 0.00450182 0.003639
threshold=23.500000000000004 6.3599999000000009 2.3362500500000007 7.3550000000000013 12.250000000000002 1.1050000000000002 1.8896000000000002 15.275000000000002 49.500000000000007 69.500000000000014 2.0425000500000006 0 1.9713000000000001 6.7449999000000007 1 27.550000000000004 2 12.865 11.115 33.719999500000007 2.0951500000000007 5.6150000000000011 11.310000000000002 11.230000000000002
decision_type=10 10 8 10 10 10 10 8 10 10 8 9 10 10 9 10 9 10 10 8 8 10 8 8
left_child=16 4 3 8 5 11 -7 12 -3 10 -10 18 13 -5 20 -16 -1 21 -2 -18 22 -17 -6 -24
right_child=1 2 -4 7 14 6 -8 -9 9 -11 -12 -13 -14 -15 15 17 19 -19 -20 -21 -22 -23 23 -25
leaf_value=0.034828844037238411 -0.079225955082331614 0.063857625692771647 0.072110763780100826 -0.051197790640297051 -0.071970215359118447 0.071314496392779411 -0.025852988871312477 0.035729148152462267 -0.055162676332798859 0.062069136327370558 0.018923708530611 0.0144122227381517 -0.067286370981536892 0.042217037623536575 0.005019330281389729 -0.074900937675124082 0.08161687469008358 -0.023115633293180664 -0.048133910233092971 0.063574290254477112 -0.076478835845056617 -0.069352436588918237 -0.067874808535531322 -0.070957736017843359
leaf_weight=6.2082439064979553 3.9048781543970108 6.9092709124088314 5.5777049660682669 4.2719455584883708 2.7779231220483753 3.9215768426656714 3.2630208060145378 3.9036492481827727 5.8472840785980233 5.6696380302309981 4.5258225575089464 2.6637058854103106 6.3633945062756538 3.4206121191382408 4.3946819975972176 2.675043135881424 6.1076374650001499 2.2553506791591644 2.6684291139245033 3.4748530387878427 4.4678210914134988 2.7756064683198929 3.6525467112660417 2.2137278988957405
leaf_count=31 28 32 26 26 21 20 25 21 28 27 21 17 36 19 31 20 33 18 23 20 35 25 36 18
internal_value=-0.000410131 -0.0111008 0.0128077 0.00472264 -0.0377973 -0.0124296 0.027184 -0.0202121 0.0242337 0.00716854 -0.0228385 -0.0432412 -0.0357483 -0.00965947 -0.0543199 -0.0349512 0.0592514 -0.0577462 -0.0666042 0.0750742 -0.0721947 -0.0720755 -0.0699804 -0.0690382
internal_weight=103.914 88.1236 46.4893 40.9116 41.6343 16.4216 7.1846 17.9596 22.952 16.0427 10.3731 9.23701 14.056 7.69256 25.2127 12.1007 15.7907 7.706 6.57331 9.58249 13.112 5.45065 8.6442 5.86627
internal_count=637 553 236 210 317 113 45 102 108 76 49 68 81 45 204 94 84 63 51 53 110 45 75 54
cat_boundaries=0 1 2 3
cat_threshold=2 2 2
is_linear=0
shrinkage=0.06


Tree=21
num_leaves=26
num_cat=2
split_feature=0 2 1 5 3 1 9 6 1 1 13 7 8 16 9 8 8 5 1 0 3 8 7 12 8
split_gain=17.0417 11.4996 6.5566 3.84765 6.41057 3.94882 3.83401 3.21063 3.15015 3.42099 3.01088 2.50623 1.7668 2.65597 3.35033 1.9145 0.293158 0.275771 0.227644 0.183757 0.0179497 0.00900916 0.00380981 0.00299706 0.00278251
threshold=7.2500000000000009 1.4093499500000002 39.500000000000007 7.1250000000000009 28.500000000000004 45.500000000000007 44.299999000000007 11.490000000000002 65.500000000000014 54.500000000000007 4.5150001000000008 0 6.3999998500000013 5.9749999000000011 35.700001000000007 58.799999000000007 407.84999000000005 6.7149999000000014 86.500000000000014 6.815000050000001 20.875000000000004 57.650002000000008 1 7.4949999000000007 75.350002500000016
decision_type=10 10 10 8 8 10 8 10 8 10 8 9 8 10 8 8 10 10 8 8 8 10 9 8 10
left_child=1 7 23 4 5 -3 8 -1 9 -4 17 -12 -5 18 15 -15 22 21 19 20 24 -7 -17 -2 -14
right_child=2 3 6 12 -6 10 -8 -9 -10 -11 11 -13 13 14 -16 16 -18 -19 -20 -21 -22 -23 -24 -25 -26
leaf_value=0.073216863167629806 0.076237688295124159 0.022851856107299992 0.018375218164885628 -0.012288188607482101 0.071275414377589316 -0.074419282691815136 0.060586112726537383 0.0037937078960129031 0.038394029381628732 -0.037169826106169292 -0.04906389211481757 0.026254308626655423 -0.070684486397293508 -0.0078867112509266746 0.023475118723645425 -0.068915416216424316 -0.044392462997000857 -0.047557312936032534 -0.087345252124242587 -0.052087749837241348 -0.075486999987793998 -0.069548130265610728 -0.072023617027023021 0.073961542267996963 -0.067886596985646711
leaf_weight=5.1419888883829099 5.9317426234483692 4.8697160109877649 8.2005393728613907 5.3614861443638828 2.9482286870479575 2.8147727176547024 5.8810232430696479 4.4943162947893143 7.5375115424394599 7.7776782289147368 3.001462958753109 3.3832245841622361 2.3667822480201712 3.1357663795351938 3.0380453765392312 3.3624299764633179 2.171034462749958 2.3713729009032249 2.340696059167386 2.3999099060893068 2.3634870052337646 2.6571972891688347 2.4570968970656404 3.2093050330877313 2.7857343032956123
leaf_count=24 36 26 39 39 13 20 27 20 34 36 28 21 20 23 18 31 18 19 17 20 16 24 19 21 28
internal_value=-0.000414708 -0.0195256 0.0310574 -0.0303318 -0.0110711 -0.0237834 0.0172569 0.0408383 0.00642069 -0.00866231 -0.0397449 -0.00915303 -0.043692 -0.0500647 -0.0323687 -0.0476169 -0.0632083 -0.0646475 -0.0705151 -0.0665423 -0.0711577 -0.0720538 -0.0702277 0.0754386 -0.0691718
internal_weight=102.003 63.4647 38.5378 53.8284 22.046 19.0977 29.3968 9.63631 23.5157 15.9782 14.228 6.38469 31.7825 26.421 14.1644 11.1263 7.99056 7.84334 12.2566 9.91591 7.516 5.47197 5.81953 9.14105 5.15252
internal_count=637 444 193 400 151 138 136 44 109 75 112 49 249 210 109 91 68 63 101 84 64 44 50 57 48
cat_boundaries=0 1 2
cat_threshold=2 2
is_linear=0
shrinkage=0.06


Tree=22
num_leaves=26
num_cat=5
split_feature=2 0 1 3 5 5 3 4 19 12 10 10 19 7 14 8 8 10 5 12 8 3 5 16 13
split_gain=15.6408 13.6179 5.44896 3.95183 4.20436 3.91668 5.60007 3.78482 4.07225 3.52664 3.22753 2.66132 2.07914 2.03725 3.12473 1.83947 1.57692 1.21533 1.16284 0.993532 0.852687 0.0351365 0.0179471 0.00168284 0.00044265
threshold=1.4093499500000002 7.2349999000000009 39.500000000000007 32.985000500000005 6.9549999000000007 7.1250000000000009 28.500000000000004 0 1 6.5950000000000006 0.98500001500000012 1.2650000000000003 2 3 4 52.750000000000007 425.34999000000005 1.135 7.6949999500000006 7.5450001000000011 281.40001000000007 26.535000000000004 8.7849998500000002 6.6150000000000011 4.3650000000000011
decision_type=10 10 10 8 10 8 8 9 9 10 10 8 9 9 9 8 10 10 8 8 10 8 10 10 10
left_child=10 5 -3 4 -4 6 7 12 -9 -5 -1 -6 -2 16 17 -14 19 -15 -12 21 -17 22 23 24 -7
right_child=1 2 3 9 11 13 -8 8 -10 -11 18 -13 15 14 -16 20 -18 -19 -20 -21 -22 -23 -24 -25 -26
leaf_value=0.0095073839178445013 -0.082725491415350405 0.076137484231873817 0.024829377926148234 0.07255293825939356 -0.069138450678038491 -0.067924904527446581 0.066486830691499785 -0.031918522351500472 0.060446832980665902 0.0011032337303657294 0.05423512981917622 -0.0058093819547877807 0.0086102124616714085 -0.02324983114771596 0.010043323464180392 -0.06988055213191055 -0.013693676111429028 -0.077371275955147534 0.092825649069170943 -0.035650861273872562 -0.019693609405843259 -0.077640011361115535 -0.073974348179020072 -0.069007109451824922 -0.066777026433999187
leaf_weight=4.1173250377178183 3.3826808035373652 5.2046623528003684 7.7273227721452775 5.3308503627777082 4.3776550963520977 2.0012588948011416 2.9701966792345038 3.5310926213860512 3.3473254591226622 4.6616649478673935 6.280472964048383 5.2583233416080484 3.212928719818593 2.7225469648838043 5.3508467078208941 2.9954725354909906 2.7891507819294921 3.3092503547668457 5.0885302424430856 3.8047077283263198 2.0547240823507309 2.1486256346106538 2.2351659610867509 3.0972785353660583 3.0565267950296402
leaf_count=20 25 33 34 24 24 20 13 25 18 21 34 25 24 21 34 27 21 27 25 30 18 13 19 28 34
internal_value=-0.000412559 -0.0105639 0.0198656 0.00915946 -0.00814058 -0.0296142 -0.00999577 -0.0222591 0.0130303 0.0392205 0.0550236 -0.03458 -0.0431022 -0.043433 -0.0233337 -0.0268816 -0.0553907 -0.0529427 0.0715074 -0.0625066 -0.0494615 -0.0706555 -0.0692112 -0.0679057 -0.0672312
internal_weight=100.057 84.5703 32.5605 27.3558 17.3633 52.0098 21.4944 18.5242 6.87842 9.99252 15.4863 9.63598 11.6458 30.5154 11.3826 8.26313 19.1327 6.0318 11.369 16.3436 5.0502 12.5389 10.3902 8.15506 5.05779
internal_count=637 558 161 128 83 397 150 137 43 45 79 49 94 247 82 69 165 48 59 144 45 114 101 82 54
cat_boundaries=0 1 2 3 4 5
cat_threshold=2 2 1 2 2
is_linear=0
shrinkage=0.06


Tree=23
num_leaves=25
num_cat=1
split_feature=1 0 12 11 0 11 3 16 1 2 15 0 0 10 9 2 11 9 2 7 12 6 3 12
split_gain=14.7356 8.52084 5.1659 3.79918 3.38538 3.21088 3.05062 4.88819 2.98679 5.56864 2.96464 2.77596 4.12803 2.59855 1.40774 1.08102 0.918453 0.863879 0.0605837 0.0058455 0.00297026 0.000791545 0.000556993 0.00013418
threshold=44.500000000000007 7.2500000000000009 6.520000200000001 5.1050000000000013 4.6150000000000011 5.9749999000000011 30.430000500000002 8.3649998000000014 72.500000000000014 2.0615500500000006 82.500000000000014 6.3599999000000009 6.7750001000000006 1.1850000000000003 30.400000500000004 2.1768000000000005 6.3950000000000005 11.750000000000002 2.2800000000000007 0 5.9700000000000015 11.385000000000003 11.005000000000001 5.8850000000000007
decision_type=10 10 10 10 8 10 8 8 10 8 2 10 10 10 10 10 8 8 8 9 10 8 10 10
left_child=2 4 3 -1 -2 -5 10 -8 9 13 11 14 -13 -3 17 -11 -4 -6 19 21 -21 -19 23 -23
right_child=1 8 16 5 6 -7 7 -9 -10 15 -12 12 -14 -15 -16 -17 -18 18 -20 20 -22 22 -24 -25
leaf_value=0.049952826458865236 0.029898773042757402 -0.058443162976493754 0.049951699323111415 -0.049783429389968485 -0.036682028447255731 0.02081375530075601 0.041154255240342275 -0.044792620866870872 0.050116278886666012 0.058800407396946516 0.022637899955691758 0.027757206451423655 -0.060332342003439982 0.00050872745035374458 -0.011374810033074924 0.016191925425473746 0.083999351836498259 -0.068107553719423494 -0.079281717713651043 -0.068095788301677826 -0.070876873582797567 -0.066273873203956432 -0.067724666421457358 -0.066924715507650875
leaf_weight=6.5753174200654092 3.1096837744116774 5.0656416490674072 5.473150655627248 4.0554200634360296 3.4856010079383948 5.4175442233681679 4.414330676198003 5.175090618431569 5.9522417634725562 4.3146975785493833 2.2551216855645171 3.730726718902587 3.9352279454469681 5.7440235316753387 2.0154976248741141 4.2600451558828354 5.9562021493911752 2.7366208955645552 1.9934241473674763 2.4205624014139184 3.2237920537590981 2.791752204298974 2.0477180927991867 1.92780315130949
leaf_count=35 17 23 33 24 30 32 21 36 28 20 16 26 29 26 18 21 36 27 14 24 26 33 21 21
internal_value=-0.000411298 -0.0149204 0.0368675 0.0149127 -0.0305157 -0.00940923 -0.0349725 -0.00522841 0.0129401 0.00152464 -0.0437316 -0.0486698 -0.0174625 -0.0271174 -0.0592354 0.037632 0.067695 -0.0639118 -0.0694488 -0.0681548 -0.0696842 -0.0672465 -0.0668983 -0.0665397
internal_weight=98.0772 70.5996 27.4776 16.0483 45.263 9.47296 42.1533 9.58942 25.3366 19.3844 32.5638 30.3087 7.66595 10.8097 22.6428 8.57474 11.4294 20.6273 17.1417 15.1482 5.64435 9.50389 6.76727 4.71956
internal_count=637 477 160 91 359 56 342 57 118 90 285 269 55 49 214 41 69 196 166 152 50 102 75 54
cat_boundaries=0 1
cat_threshold=2
is_linear=0
shrinkage=0.06


Tree=24
num_leaves=25
num_cat=1
split_feature=2 0 1 10 3 12 0 5 11 12 11 10 0 1 9 10 13 2 0 6 3 7 5 5
split_gain=13.9308 11.2298 6.82327 6.07641 5.05929 4.93725 3.90457 3.62932 3.11541 3.76981 2.64891 1.5314 1.84513 1.49286 1.31856 0.880288 0.765359 0.331606 0.0483679 0.0160925 0.00440257 0.00156168 0.00035825 9.7468e-05
threshold=1.6225000000000003 6.0400002000000006 44.500000000000007 0.97500002500000005 30.880000000000003 6.3599999000000009 4.6849999000000002 7.1549999500000006 4.4849999000000009 6.924999950000001 5.8399999000000014 1.1150000000000004 7.6099999000000009 33.500000000000007 28.750000000000004 0.93500000500000013 4.3050000500000012 2.1576999500000005 6.9799998000000008 10.935 18.140000500000003 0 6.7149999000000014 7.6400001000000008
decision_type=10 10 10 10 8 8 8 10 10 10 8 8 10 10 10 8 10 10 10 8 8 9 10 10
left_child=3 6 7 -1 8 -6 -2 -3 -4 11 -5 18 -13 -8 15 -15 -12 19 -10 -17 21 22 -21 -24
right_child=1 2 4 10 5 -7 13 -9 9 -11 16 12 -14 14 -16 17 -18 -19 -20 20 -22 -23 23 -25
leaf_value=-0.008428641763393958 0.010373564828884929 0.077849961116355684 0.023381085725078909 0.033354997202115148 0.058770576294679466 -0.016040606853505428 -0.0067585254863138516 0.0062742171398884926 -0.069132942251039636 0.0054681470063860397 0.10465542811994524 -0.0054496103893495523 -0.063253599386256104 -0.030801380235095859 -0.0081974987675401158 -0.072828411325505812 0.068688828680373015 -0.044463555330220936 -0.080348560668588379 -0.067068288116467839 -0.069496247930819932 -0.068201088001906149 -0.066371875314844495 -0.065726598536061706
leaf_weight=5.5309628918767002 4.4611599594354656 6.2368333712220174 4.4424694925546673 5.4937244728207562 6.9319352507591221 5.8609674274921426 2.5085403621196773 4.3146567717194557 2.9893478974699983 6.4801122546195975 4.2874496132135391 4.1251337230205545 3.8372468501329422 3.1183897703886094 1.9288412779569615 2.8631487190723428 4.2326979264616966 2.3366327211260787 2.5780276134610176 2.0033913478255272 3.8206198513507852 2.7017209678888303 1.7174376845359804 1.6545332893729208
leaf_count=29 25 35 24 31 32 27 12 28 27 36 21 31 19 32 18 22 26 23 15 22 34 27 20 21
internal_value=-0.000409237 -0.0119039 0.00598973 0.0448235 -0.00607645 0.0244964 -0.0412796 0.0485816 -0.0220715 -0.0321626 0.065841 -0.0501859 -0.0333066 -0.0506266 -0.0555959 -0.0601183 0.0867877 -0.0654654 -0.0743264 -0.0687899 -0.0678181 -0.0670243 -0.0664328 -0.0660553
internal_weight=96.456 76.9111 47.7967 19.5448 37.2452 12.7929 29.1144 10.5515 24.4523 20.0099 14.0139 13.5298 7.96238 24.6533 22.1447 20.2159 8.52015 17.0975 5.56738 14.7609 11.8977 8.07708 5.37536 3.37197
internal_count=637 530 274 107 211 59 256 63 152 128 78 92 50 231 219 201 47 169 42 146 124 90 63 41
cat_boundaries=0 1
cat_threshold=2
is_linear=0
shrinkage=0.06


Tree=25
num_leaves=27
num_cat=3
split_feature=1 0 12 2 3 11 12 9 5 10 10 13 4 14 8 8 7 6 16 3 10 2 6 11 3 3
split_gain=12.7467 10.5333 5.23371 5.09995 5.22399 5.74253 5.12257 4.45681 5.17178 5.67102 2.64828 3.66882 2.6111 2.53623 2.94212 1.89062 1.63656 1.02091 0.722408 0.215365 0.0787292 0.0332898 0.0222783 0.0102276 0.00248307 0.00067964
threshold=23.500000000000004 6.3599999000000009 8.2600002500000027 2.3362500500000007 30.880000000000003 4.5300000000000002 6.5950000000000006 12.250000000000002 6.5600002000000011 1.3049999500000002 1.0250000000000001 4.2550001000000011 0 1 27.550000000000004 12.65 2 12.865 6.3950000000000005 33.719999500000007 1.2050000000000003 2.1994500000000006 11.115 5.5399999500000012 12.840000000000002 7.5450001000000011
decision_type=10 10 10 8 8 10 10 10 8 10 8 10 9 9 10 10 9 10 8 8 8 8 8 10 8 10
left_child=16 7 3 4 5 -3 -6 8 -2 12 -7 -12 -10 21 -15 -13 -1 23 -17 -18 -14 22 -9 -16 25 -24
right_child=1 2 -4 -5 6 10 -8 13 9 -11 11 15 20 14 17 18 19 -19 -20 -21 -22 -23 24 -25 -26 -27
leaf_value=0.027936701711596835 0.052616498238366873 0.036454319195730882 0.069791537244218924 0.064402946108816903 0.056219217283249745 -0.079563148791701385 -0.022830147213402957 -0.074131345718439198 -0.0019672028712178977 0.05184879695656984 0.027350196763212358 -0.0070212908390349443 -0.068354432327294087 0.010303360001101346 -0.073007270426664009 -0.043884521936799259 0.07710089956548366 -0.018972307357581378 -0.083584236403882586 0.056814570051834525 -0.082656513889711569 -0.077991839850940242 -0.065934499818031803 -0.067342268397850888 -0.069153654159175362 -0.067370540280107541
leaf_weight=5.6698191538453102 3.7830122783780071 4.7999657392501858 4.7357406541705123 4.3404821753501883 7.8409568667411786 4.1354897320270565 4.7322953343391418 2.4168618693947765 2.6434802412986755 2.4513318166136751 3.5865746811032286 3.4140234962105733 3.7684803083538991 4.0871228575706482 2.2273756116628647 3.6275794953107834 5.2745500430464718 2.0273931100964546 3.0270170494914055 2.9307569116353998 2.1913138180971146 1.8522024154663093 2.3123771548271188 2.3659871220588684 2.0886921286582947 2.4366580620408058
leaf_count=31 23 24 24 21 38 28 21 20 19 16 18 19 38 31 19 24 33 18 19 20 17 15 29 26 20 26
internal_value=-0.00040612 -0.00951962 0.0101874 0.00304213 -0.00453199 -0.0217849 0.0264668 -0.0333064 -0.00793736 -0.0286596 -0.037498 -0.0247586 -0.0515988 -0.0505617 -0.0297257 -0.0433204 0.0527259 -0.0544364 -0.061943 0.0698551 -0.0736131 -0.0706493 -0.0691798 -0.0700893 -0.0674296 -0.0666713
internal_weight=94.7675 80.8924 44.2401 39.5044 35.1639 22.5907 12.5733 36.6523 14.8376 11.0546 17.7907 13.6552 8.60327 21.8147 10.7079 10.0686 13.8751 6.62076 6.6546 8.20531 5.95979 11.1068 9.25459 4.59336 6.83773 4.74904
internal_count=637 553 236 212 191 132 59 317 113 90 108 80 74 204 94 62 84 63 43 53 55 110 95 45 75 55
cat_boundaries=0 1 2 3
cat_threshold=1 2 2
is_linear=0
shrinkage=0.06


Tree=26
num_leaves=25
num_cat=1
split_feature=2 0 1 10 3 0 5 12 7 11 12 11 0 8 5 11 10 13 13 1 11 6 3 16
split_gain=11.7859 9.66785 6.00171 5.29275 4.45938 3.69864 3.26091 3.14216 3.87278 3.98035 3.1112 2.49594 1.53407 1.44181 2.39127 1.18299 0.80764 0.61523 0.390865 0.408167 0.292476 0.00790673 0.000575958 0.00028441
threshold=1.6225000000000003 6.0400002000000006 36.500000000000007 0.97500002500000005 28.500000000000004 4.815000050000001 8.255000100000002 6.8199999000000009 0 5.3550000000000013 6.4799998000000008 5.8399999000000014 6.9449999500000006 4.1500001000000006 7.5450001000000011 4.7049999000000007 1.2550000000000001 4.3050000500000012 4.6450000000000005 85.500000000000014 6.3599999000000009 11.155000000000003 18.415000000000003 6.4449999500000006
decision_type=10 10 10 10 8 8 10 10 9 10 10 8 10 10 8 8 10 10 10 8 8 8 8 8
left_child=3 5 -3 -1 6 -2 7 8 12 -10 -6 -5 -4 14 -7 -15 -8 -13 19 21 -20 -17 23 -23
right_child=1 2 4 11 10 13 16 -9 9 -11 -12 17 -14 15 -16 18 -18 -19 20 -21 -22 22 -24 -25
leaf_value=-0.0080329174316080242 0.00434437107578187 0.067178914771927181 -0.027547158247387047 0.030221780174954433 0.049016686729780545 -0.059298767246432391 -0.076995739227726026 0.026151670197642616 0.05023745116778526 -0.037690173339355648 -0.005271244285773552 0.099213696866509118 -0.089283621869371527 -0.024681206817946791 0.019076413792131642 -0.070423428655664352 -0.031789012293918915 0.06615196041614356 -0.067857210296075929 -0.09896071005057018 -0.03504735594750269 -0.065280919475232457 -0.06717190382072516 -0.066358008420631401
leaf_weight=5.4417311325669315 5.5419370383024242 5.0548375770449629 2.7673062980175018 5.3333785831928227 8.146152123808859 3.1556252762675312 3.2097945883870116 7.1641903370618811 3.6468274295330101 3.768851563334465 7.1236964613199225 4.1492748111486435 3.0415836498141289 2.8717215992510345 2.5210540443658829 2.3918676078319523 2.5553175210952759 3.9600611925125122 1.9243060722947114 1.8550297021865851 1.989172391593456 1.7596465200185778 1.675877973437309 1.7706260010600088
leaf_count=29 35 34 25 31 39 30 24 37 20 23 35 21 18 30 22 22 19 26 22 14 18 24 18 21
internal_value=-0.000412724 -0.011218 0.00545785 0.0418917 -0.00207383 -0.0394467 -0.0171161 -0.00585032 -0.0231869 0.00555022 0.0236903 0.0621017 -0.0598729 -0.0505208 -0.0244918 -0.0596202 -0.0569584 0.0830685 -0.0671267 -0.0737283 -0.0511804 -0.0675679 -0.066256 -0.0658211
internal_weight=92.8199 73.9354 46.4786 18.8844 41.4237 27.4569 26.1539 20.3888 13.2246 7.41568 15.2698 13.4427 5.80889 21.9149 5.67668 16.2382 5.76511 8.10934 13.3665 9.45305 3.91348 7.59802 5.20615 3.53027
internal_count=637 530 274 107 240 256 166 123 86 43 74 78 43 221 52 169 43 47 139 99 40 85 63 45
cat_boundaries=0 1
cat_threshold=2
is_linear=0
shrinkage=0.06


Tree=27
num_leaves=28
num_cat=4
split_feature=1 0 12 2 7 11 4 9 10 8 16 14 8 4 0 3 5 13 10 9 6 2 0 3 6 2 3
split_gain=10.9498 9.12395 4.69066 4.2067 4.23277 7.71931 4.95593 3.50717 4.72219 3.69784 3.2235 2.39487 2.76566 2.27757 2.25473 2.24348 2.0858 1.67 1.23114 0.633447 0.478736 0.0379679 0.0371091 0.0036742 0.00324926 0.00221098 0.000465557
threshold=29.500000000000004 6.3599999000000009 8.2600002500000027 2.3362500500000007 0 4.5300000000000002 1 12.250000000000002 1.1050000000000002 169.09999500000004 5.9749999000000011 2 4.8500001500000005 3 5.7049999000000007 28.010000500000004 7.3750000000000009 4.3250000500000008 1.0549999500000002 14.450000000000001 11.115 2.1994500000000006 7.9500000500000008 17.109999500000004 11.310000000000002 1.9713000000000001 7.5450001000000011
decision_type=10 10 10 8 9 10 9 10 10 8 10 9 10 9 10 8 8 8 10 8 10 8 10 8 10 10 10
left_child=14 7 3 4 10 -6 -7 8 13 -10 17 21 -13 20 -1 -8 -12 -3 -14 -16 -2 23 -21 24 -9 -20 -26
right_child=1 2 -4 -5 5 6 15 11 9 -11 16 12 18 -15 19 -17 -18 -19 25 22 -22 -23 -24 -25 26 -27 -28
leaf_value=0.011683777779621847 -0.077047073056347434 -0.021507852026116509 0.066104897414664299 0.059963260679295215 0.078685613008049868 -0.067916423765723682 -0.011320442670149115 -0.068626390553681665 -0.0082909340802633114 0.085106505795227411 0.035195172935795611 0.018911247964537352 -0.016204347129757896 0.0088589797300646506 0.042470954711133477 0.048181751912186349 -0.024541153946534618 -0.080770349637200825 -0.066509965683976019 0.079539968485662457 -0.040263643127063667 -0.077120822403895464 0.070508499079217232 -0.069807200839762995 -0.065108952354027472 -0.069187091940036 -0.06635585402686564
leaf_weight=4.1749667376279822 3.2331968918442726 2.8587423041462925 4.6474857106804839 4.0683477446436873 5.0180338323116329 3.6768886595964432 5.2833338975906345 2.1709386184811565 3.8282483816146851 2.5377307906746864 3.2749914973974201 3.1521146446466446 2.6436410918831825 2.3011086806654912 3.1932993978261921 4.0145071893930444 5.8863548338413247 4.2668020725250244 2.1360729746520519 3.3033611252903947 2.1018396988511086 1.7484386004507548 3.2483820989727974 1.7800697088241584 1.9930499903857706 2.3133066780865192 2.3478726856410503
leaf_count=21 28 16 24 20 24 23 29 21 30 14 15 23 22 16 21 20 38 26 26 20 23 15 26 17 28 23 28
internal_value=-0.000409138 -0.00923234 0.00917782 0.00227869 -0.00456738 0.0154919 -0.00894853 -0.032318 -0.00922096 0.028941 -0.0267277 -0.0482609 -0.0278522 -0.0410352 0.0485768 0.0143707 -0.00318665 -0.0569945 -0.0486337 0.0643825 -0.0625555 -0.0690858 0.0750621 -0.0673915 -0.0667312 -0.0679018 -0.0657834
internal_weight=91.2031 77.2831 42.9955 38.348 34.2797 17.9928 12.9747 34.2876 14.0021 6.36598 16.2869 20.2855 10.2451 7.63615 13.92 9.29784 9.16135 7.12554 7.09302 9.74504 5.33504 10.0404 6.55174 8.29193 6.51186 4.44938 4.34092
internal_count=637 549 235 211 191 96 72 314 111 44 95 203 94 67 88 49 53 42 71 67 51 109 46 94 77 49 56
cat_boundaries=0 1 2 3 4
cat_threshold=2 2 2 2
is_linear=0
shrinkage=0.06


Tree=28
num_leaves=27
num_cat=2
split_feature=0 2 10 2 6 1 5 13 8 6 2 11 1 18 3 6 18 1 2 15 5 9 10 9 11 8
split_gain=10.0862 6.86964 6.87021 5.21832 4.25545 3.99639 3.50758 4.0684 6.02922 6.81904 2.84818 3.27661 2.70776 2.67925 3.42551 2.62487 4.25934 2.48173 1.71751 0.380414 0.327227 0.172363 0.102553 0.0886373 0.0338117 0.00130633
threshold=7.2500000000000009 1.7124500000000002 0.90500000500000011 1.6005000000000003 10.935 39.500000000000007 8.4149999500000003 4.5050001000000011 113.75000000000001 12.895000000000001 1.8438500000000002 4.7950001000000011 84.500000000000014 0 28.010000500000004 12.185 1 61.500000000000007 2.1296500000000003 72.500000000000014 6.6450000000000005 11.850000000000003 1.2950000000000002 18.550000000000004 7.2249999000000011 145.45000500000003
decision_type=10 10 10 10 10 10 10 10 10 8 10 10 8 9 8 8 9 10 10 2 10 10 8 10 10 10
left_child=1 2 -1 22 -4 -5 7 15 9 17 -7 -12 -6 -13 -15 20 -17 -9 21 -10 -3 -18 -2 -22 25 -8
right_child=3 6 4 5 12 10 24 8 19 -11 11 13 -14 14 -16 16 18 -19 -20 -21 23 -23 -24 -25 -26 -27
leaf_value=-0.061583634320409725 0.068133203307172624 -0.049364600493369722 0.080985324514472448 0.070929824509532668 -0.031820633285327825 -0.038811082411990418 -0.068055387331600825 0.08681362410079789 -0.03783370404452862 -0.05712749018833866 0.057166339168605078 0.02792882967599904 0.04483179416513413 -0.063380302473721228 0.014867334735603187 0.035936453155479449 -0.077699540985270391 0.021930316110042355 -0.00027957099322739696 -0.072823460609329704 -0.068812886756207017 -0.054304270027054242 0.083747452612015022 -0.084632709479768323 -0.076017470745943366 -0.065759666951815801
leaf_weight=3.0463868975639334 3.1781143620610228 2.7683925367891806 5.0661886036396009 3.8681291416287449 3.1947301514446735 4.3358169347047832 1.967979978770017 3.7454072646796703 1.9493070580065239 2.8391672931611547 4.953630298376086 7.0642099231481552 3.4514104574918747 3.8716269806027386 4.198067083954812 3.251040957868101 2.6745557337999308 4.8969314470887184 1.9173372238874433 2.62490538880229 3.4341303557157516 1.9677746817469595 2.8924732804298401 2.0279476344585419 2.5762999132275581 1.6325175724923608
leaf_count=19 20 25 27 31 23 22 20 22 21 27 25 35 20 20 20 22 24 35 18 25 36 22 20 15 22 21
internal_value=-0.000408795 -0.0163342 0.0186841 0.0250964 0.0395619 0.0142655 -0.029167 -0.0216305 0.000339127 0.0235465 0.00529114 0.0148104 0.00798578 0.000946504 -0.0226738 -0.0411824 -0.0202203 0.0500494 -0.0480522 -0.0579125 -0.0661692 -0.0677828 0.075573 -0.0746864 -0.0707696 -0.0670145
internal_weight=89.3945 55.0324 14.7587 34.3621 11.7123 28.2915 40.2737 34.0969 16.0557 11.4815 24.4234 20.0875 6.64614 15.1339 8.06969 18.0412 9.81071 8.64234 6.55967 4.57421 8.23047 4.64233 6.07059 5.46208 6.1768 3.6005
internal_count=637 444 89 193 70 153 355 292 130 84 122 100 43 75 40 162 86 57 64 46 76 46 40 51 63 41
cat_boundaries=0 1 2
cat_threshold=2 1
is_linear=0
shrinkage=0.06


Tree=29
num_leaves=29
num_cat=3
split_feature=2 0 1 6 12 3 7 9 6 14 10 7 0 11 10 1 1 9 15 5 2 16 1 3 3 6 3 16
split_gain=9.30541 7.94679 5.01315 3.9183 3.77333 4.10137 3.59128 3.1931 3.18638 3.1513 3.00211 2.95746 4.22939 3.79901 2.92459 2.39503 2.20206 1.42613 1.22231 1.04419 0.459131 0.235664 0.110392 0.0316897 0.00534081 0.00486579 0.000310993 0.000266737
threshold=1.4093499500000002 6.6000001500000005 36.500000000000007 13.145000000000001 8.2600002500000027 30.880000000000003 0 7.7500000000000009 13.240000000000002 1 1.1050000000000002 2 8.0850000500000032 6.4049999500000006 0.97500002500000005 42.500000000000007 66.500000000000014 17.750000000000004 80.500000000000014 7.6949999500000006 2.1376999500000005 5.9749999000000011 77.500000000000014 19.920000000000005 3.6650001000000008 10.710000000000003 7.1800001000000009 6.2149999000000014
decision_type=10 10 10 8 10 8 9 10 8 9 10 9 10 10 10 10 8 8 2 8 10 8 8 8 10 10 10 10
left_child=14 3 -3 6 5 11 7 -2 -7 16 -11 13 17 21 -1 -9 -8 -13 23 -16 22 -4 24 25 -5 -17 -27 -28
right_child=1 2 4 20 -6 8 9 15 -10 10 -12 12 -14 -15 19 18 -18 -19 -20 -21 -22 -23 -24 -25 -26 26 27 -29
leaf_value=-0.0018525010812254882 0.024998350496178982 0.073486340567545549 -0.08372030600424224 -0.07004556047979453 0.060106946995236839 -0.015431890763460014 -0.070533881737361886 0.0079615703785046697 0.050958760859987483 0.075172762118942707 -0.00624642977342577 -0.051814206910366901 0.052958922758033232 0.010957604491205345 0.0445891835199939 -0.069125115965073022 0.012873383111433519 0.0042523600190510534 -0.015760477600383047 0.083816601569851421 -0.043994602928425386 -0.060462301420206581 -0.086058752779888267 -0.075263533544534258 -0.065751645322975755 -0.064939240403546816 -0.065274646451275189 -0.066317748903752277
leaf_weight=3.43118643015623 2.6110396459698704 4.0483238995075217 2.9953636005520821 2.2448971271514875 3.699918068945407 4.2413867563009235 2.3251917399466038 2.3235043771564952 6.7350058779120454 3.3337228223681468 3.1907225549221039 3.7102451473474538 3.6977818831801414 2.9531842023134232 5.3589138239622089 1.7472456619143457 2.2347026914358139 2.9175875037908554 1.9467028602957714 4.4894137978553781 2.8464512526988983 3.2921466529369354 1.7317365929484365 1.7789916843175895 1.9474264420568941 2.1574184745550156 1.5954236239194872 1.9750902168452737
leaf_count=18 18 32 19 22 19 19 25 17 34 19 22 24 18 18 35 18 16 17 17 26 28 22 15 15 26 32 22 24
internal_value=-0.000409634 -0.00867983 0.0103464 -0.0289223 0.00288167 -0.00405056 -0.0176846 -0.0357479 0.0253048 0.00861016 0.0353554 -0.0205184 0.00154894 -0.0451767 0.0458511 -0.0474757 -0.0296578 -0.0271336 -0.0589756 0.0624712 -0.0637991 -0.0715424 -0.073315 -0.0680663 -0.0680509 -0.0663535 -0.065508 -0.0658517
internal_weight=87.5607 74.2812 38.2909 35.9903 34.2426 30.5427 27.2198 16.1354 10.9764 11.0843 6.52445 19.5663 10.3256 9.24069 13.2795 13.5244 4.55989 6.62783 11.2009 9.84833 8.77051 6.28751 5.92406 9.25417 4.19232 7.47518 5.72793 3.57051
internal_count=637 558 222 336 190 171 245 163 53 82 41 118 59 59 79 145 41 41 128 61 91 41 63 111 48 96 78 46
cat_boundaries=0 1 2 3
cat_threshold=2 2 2
is_linear=0
shrinkage=0.06


Tree=30
num_leaves=26
num_cat=2
split_feature=1 0 9 8 6 12 0 6 6 15 15 0 9 4 0 2 12 8 5 5 2 0 7 8 3
split_gain=8.68722 7.44695 3.9581 4.21048 3.89688 3.32529 4.4096 3.2475 3.74741 2.34666 3.09419 2.48096 2.25019 2.79263 2.17108 2.17053 1.73478 1.43439 1.27772 0.674993 0.058636 0.0245388 0.00835964 0.000766218 0.000220671
threshold=29.500000000000004 6.0850000500000005 8.849999900000002 64.950001000000015 10.595000000000001 7.3700001000000013 8.570000150000002 13.270000000000001 12.245000000000003 78.500000000000014 75.500000000000014 7.2500000000000009 11.750000000000002 0 5.6849999500000008 1.7885000000000002 5.6250000000000009 27.550000000000004 8.3450003000000024 7.6849999500000008 2.32245005 7.6350000000000007 1 28.050000500000003 8.2950000500000005
decision_type=10 10 10 10 8 8 8 10 8 2 2 10 10 9 10 10 8 10 10 10 8 10 9 10 8
left_child=14 4 16 5 15 6 7 8 -4 10 11 -5 13 17 -1 -2 -3 -6 20 21 22 -16 23 -14 -25
right_child=1 2 3 9 12 -7 -8 -9 -10 -11 -12 -13 18 -15 19 -17 -18 -19 -20 -21 -22 -23 -24 24 -26
leaf_value=0.0076133167295338606 0.04438947070089877 0.072454782346549382 -0.045211138900808676 -0.060267575042605215 -0.075122510306987869 0.052752239554159544 0.062212543628051759 -0.061877031578091581 0.034687947853261611 0.011682243470568083 -0.088944648210494484 0.010038247255790139 -0.066218792514721181 0.028179386797915554 0.076449658907847107 -0.029049745858860308 0.017456306289479959 -0.013769834991246541 -0.021249301131352438 0.036889857339650958 -0.078899492975726598 0.068866227380373249 -0.069055287561475151 -0.064353787121453093 -0.065283007239510568
leaf_weight=3.8388932496309272 3.1529788747429874 4.0079695284366581 3.4118167832493826 3.1192392632365209 2.7994250357151031 6.0506300330162039 3.3166896104812613 3.8053849190473548 5.552272468805314 4.2004091665148726 3.3607201054692268 4.2948559001088142 2.1755528040230274 2.8462471030652541 3.0727536901831609 2.6805303320288658 4.258189596235753 2.6901007369160652 2.5283097438514224 2.7490616664290428 1.6746185682713992 3.071711465716362 3.4295429401099646 1.9207076206803324 1.7659748941659925
leaf_count=20 17 22 21 27 28 30 18 26 32 27 21 23 27 20 20 24 23 29 30 20 12 28 36 31 25
internal_value=-0.000410216 -0.00838247 0.00657602 -0.00178705 -0.0329194 0.0148352 0.000573076 -0.0154369 0.0042776 -0.0263585 -0.0411881 -0.0195406 -0.0445602 -0.0200505 0.0453242 0.0106437 0.0441231 -0.0450571 -0.0597001 0.0616022 -0.0685649 0.0726586 -0.0667024 -0.0653258 -0.0647989
internal_weight=85.7746 73.0422 45.3782 37.112 27.664 22.1368 16.0862 12.7695 8.96409 14.9752 10.7748 7.4141 21.8305 8.33577 12.7324 5.83351 8.26616 5.48953 13.4947 8.89353 10.9664 6.14447 9.29178 5.86224 3.68668
internal_count=637 549 270 225 279 127 97 79 53 98 71 50 238 77 88 41 45 57 161 68 131 48 119 83 56
cat_boundaries=0 1 2
cat_threshold=2 2
is_linear=0
shrinkage=0.06


Tree=31
num_leaves=26
num_cat=2
split_feature=2 0 1 6 8 1 5 10 3 10 1 11 12 8 12 16 8 10 6 5 18 1 7 5 9
split_gain=8.07058 6.63523 5.1561 3.70795 4.4913 3.30585 5.15196 2.96021 2.91207 2.60716 2.5974 2.27155 3.12982 3.21656 3.06495 2.0708 1.75572 2.39714 1.22992 0.999387 0.555547 0.166061 0.00102237 0.000452919 0.000429978
threshold=1.4093499500000002 6.0400002000000006 81.500000000000014 11.135000000000003 368.25000000000006 44.500000000000007 7.1549999500000006 1.0650000000000002 19.170000000000005 0.97500002500000005 59.500000000000007 6.6450000000000005 4.5950000500000012 50.149999500000007 6.1499998500000013 6.5750000500000008 22.500000000000004 1.0549999500000002 12.835000000000003 7.6949999500000006 0 96.500000000000014 1 8.2849998500000002 12.450000000000001
decision_type=10 10 8 8 8 10 10 8 10 10 8 10 10 8 10 8 8 10 8 8 9 8 9 10 10
left_child=9 3 5 4 10 6 -3 8 -7 -1 -2 12 -9 -14 -15 -4 17 -5 -13 -11 -18 22 23 24 -22
right_child=1 2 15 16 -6 7 -8 11 -10 19 -12 18 13 14 -16 -17 20 -19 -20 -21 21 -23 -24 -25 -26
leaf_value=-0.0016582686914058552 -0.06406741494035019 0.074297286466600762 0.021551460555266022 0.026889044572336478 0.070020410163394942 -0.07656929270110141 -0.028075556159506958 -0.043551625594688587 7.8010715153071928e-05 0.042021345182055803 0.012205699060862175 -0.049004564585916878 0.069478177385841319 0.040687492937879835 -0.039526794927007988 0.080954773951135761 -0.040240281573849714 -0.054400702270052802 -0.0025916251610996121 0.081438704446583174 -0.065481168206618312 -0.087678005161756556 -0.066580603757530818 -0.065931790622012293 -0.06413895958833897
leaf_weight=3.3589208349585524 3.2762542255222806 4.2827439233660689 4.8398770019412014 2.2684439569711712 2.3670023977756509 4.4535310231149223 3.0160008072853088 2.8182669430971172 2.9775307178497314 5.0816065669059727 3.1552429981529713 4.3308710381388638 4.0889835655689213 3.5804273188114175 3.2911015599966049 3.7490882053971299 3.2784392610192254 3.0778671093285084 3.9121191799640664 4.2540963366627702 1.4166602417826655 1.4614839665591723 2.1823795698583135 1.4220710210502145 2.1836515404284
leaf_count=18 29 23 33 21 14 38 22 19 17 35 24 25 20 21 21 25 35 34 23 26 19 12 27 19 37
internal_value=-0.000410007 -0.00824451 0.00562714 -0.0323518 -0.000642236 -0.00415425 0.0319946 -0.0131123 -0.0458577 0.0436731 -0.0266484 -0.0020627 0.012842 0.0273424 0.00226906 0.047481 -0.0484872 -0.0199094 -0.026977 0.0599831 -0.0612784 -0.0692371 -0.0654963 -0.0650252 -0.0646671
internal_weight=84.1247 71.43 45.3405 26.0895 8.7985 36.7516 7.29874 29.4528 7.43106 12.6946 6.4315 22.0218 13.7788 10.9605 6.87153 8.58897 17.291 5.34631 8.24299 9.3357 11.9447 8.66625 7.20476 5.02238 3.60031
internal_count=637 558 287 271 67 229 45 184 55 79 53 129 81 62 42 58 204 55 48 61 149 114 102 75 56
cat_boundaries=0 1 2
cat_threshold=1 2
is_linear=0
shrinkage=0.06


Tree=32
num_leaves=26
num_cat=1
split_feature=1 0 3 7 15 6 6 5 16 16 2 13 1 0 8 10 5 1 2 2 0 6 3 15 8
split_gain=7.57201 6.33692 3.6581 3.49951 6.4083 3.30948 3.00714 2.48735 2.50233 4.21266 2.90687 3.12156 2.72933 1.94819 1.80255 1.15789 0.710169 0.578364 0.29585 0.0393107 0.018643 0.00737717 0.000781194 0.00054092 0.000174932
threshold=29.500000000000004 6.0850000500000005 30.880000000000003 0 81.500000000000014 11.135000000000003 13.215000000000002 8.575000300000001 6.8950000000000005 7.8900001000000008 2.2228499500000001 4.5450001000000011 54.500000000000007 5.6849999500000008 33.000000000000007 1.2150000000000001 7.6849999500000008 48.500000000000007 2.0375499500000003 1.6705000000000003 7.6350000000000007 11.135000000000003 11.005000000000001 73.500000000000014 54.899999500000007
decision_type=10 10 8 9 2 8 8 10 8 10 8 10 10 10 8 8 10 10 8 10 10 8 8 2 10
left_child=13 3 7 4 17 -5 -4 8 10 -10 11 12 -3 -1 -7 -8 20 -2 -16 -19 -15 -21 24 -24 -23
right_child=1 2 6 5 -6 14 15 -9 9 -11 -12 -13 -14 16 18 -17 -18 19 -20 21 -22 22 23 -25 -26
leaf_value=0.0076541588191504657 -0.03812238522032925 0.038674623433535144 -0.0024650926942027256 0.044097711346106905 0.060232548101424858 0.011285109104251253 0.03334219776169154 -0.048724199667910376 0.055327491777095221 -0.025877400869138766 0.033743755708841756 -0.069773489867155619 -0.036790133846131376 0.074878226250710792 -0.067983403351176225 0.076599622679301788 0.033764860335370572 -0.07490998428897358 -0.035032861328717475 -0.068886897077653553 0.068023559835524647 -0.064877781044447178 -0.06491276591548821 -0.066419104877126475 -0.064019605752065875
leaf_weight=3.7738176956772795 3.0156379640102413 2.9850127100944555 6.2961950376629803 3.4605494439601907 1.7433760836720456 2.5110882446169862 5.3371506333351126 4.3154680132865897 6.0163455381989461 3.722979299724102 3.405188500881196 4.2986780591309071 4.0883889496326447 2.87928908318281 2.2485212013125424 3.8235711753368387 2.62264733761549 2.1730704978108397 1.740105018019676 2.3146993182599518 2.8345988690853119 1.4159131944179546 1.8129141367971899 1.629651542752981 2.1589605249464512
leaf_count=20 31 19 30 21 13 23 29 35 35 22 18 32 29 20 27 21 20 19 14 25 28 21 27 20 38
internal_value=-0.00040716 -0.00793459 0.00590617 -0.0313094 -0.0484616 -0.0033014 0.0294571 -0.00671952 0.000674246 0.0242859 -0.0148876 -0.0294495 -0.00494361 0.0434219 -0.0285374 0.0513973 0.0596134 -0.0615115 -0.0536082 -0.067642 0.0714777 -0.0659496 -0.0649807 -0.0656258 -0.0643595
internal_weight=82.6238 70.5135 44.289 26.2245 16.2642 9.96026 15.4569 28.8321 24.5166 9.73932 14.7773 11.3721 7.0734 12.1104 6.49971 9.16072 8.33654 14.5208 3.98863 11.5052 5.71389 9.33214 7.01744 3.44257 3.57487
internal_count=637 549 270 279 194 85 80 190 155 57 98 80 48 88 64 50 68 181 41 150 48 131 106 47 59
cat_boundaries=0 1
cat_threshold=2
is_linear=0
shrinkage=0.06


Tree=33
num_leaves=26
num_cat=1
split_feature=2 0 1 6 5 3 1 0 10 9 1 8 16 10 7 1 15 9 8 1 3 0 0 16 9
split_gain=6.99343 5.68136 3.44154 3.24662 3.14701 3.81005 2.79594 3.04332 2.36336 2.0726 2.08035 1.99744 3.08232 2.85012 1.76981 1.75739 1.53918 1.04833 0.526398 0.110424 0.0468482 0.0139725 0.00854576 0.00306489 0.000308947
threshold=1.4093499500000002 7.2349999000000009 39.500000000000007 13.365 7.1250000000000009 28.500000000000004 44.500000000000007 5.0050001000000011 0.97500002500000005 44.299999000000007 65.500000000000014 6.3999998500000013 5.9749999000000011 1.3049999500000002 0 54.500000000000007 78.500000000000014 17.050000000000004 200.85000000000002 74.500000000000014 23.290000000000003 5.9549999000000007 5.8250000500000008 5.0049999000000005 18.849999500000003
decision_type=10 10 10 10 8 8 10 10 10 8 8 8 10 8 9 10 2 8 10 8 8 10 10 10 10
left_child=8 3 -3 4 5 6 -2 -8 -1 10 15 -6 20 14 21 -4 18 -10 22 24 23 -14 -9 -13 -5
right_child=1 2 9 19 11 -7 7 16 17 -11 -12 12 13 -15 -16 -17 -18 -19 -20 -21 -22 -23 -24 -25 -26
leaf_value=-0.0018577028310055145 0.039272650623227844 0.069185191841525578 0.0057476364502924591 -0.064861596318699533 0.0071888602127661043 0.069139275599468114 0.035439381174330598 -0.066888511957504254 0.035090023065950139 0.042902433516680639 0.025034359072019275 -0.068526154450857482 -0.065771255503281695 0.023512901183625732 -0.004281683087225676 -0.037663414482514965 0.0005075218604352694 0.076516626998281392 -0.027987293567136286 -0.086282438332620531 -0.076597803161197034 -0.073157935130366378 -0.072338148151467899 -0.06511020821193908 -0.066136497031493824
leaf_weight=3.293597348034381 3.2418521642684963 3.4617691636085537 6.5785288661718422 1.4385720826685422 3.8688080646097687 2.6609327942132941 2.3523392006754866 2.5497901253402215 4.0359100028872463 4.3187521770596495 6.4572517275810233 1.7901904806494742 2.3937868662178521 3.5948971398174772 2.5461647398769829 6.8558100089430809 2.204862292855978 4.8318772241473207 1.5170052126049993 1.3786351196467874 3.1769928000867367 1.4992862641811369 1.7447298541665075 2.0041778534650803 1.3050480075180528
leaf_count=18 19 33 36 22 32 12 15 32 27 24 33 20 34 26 25 35 19 34 19 15 30 14 15 30 18
internal_value=-0.000406445 -0.00780653 0.0132277 -0.021911 -0.0163047 0.0034758 -0.00936172 -0.0245676 0.041543 0.00522652 -0.00295346 -0.0317236 -0.0405763 -0.0192844 -0.0431773 -0.0164059 -0.0421761 0.0576625 -0.0583701 -0.0724291 -0.0712225 -0.068616 -0.0691025 -0.0667219 -0.065468
internal_weight=81.1016 68.9402 27.6721 41.2681 37.1458 16.2715 13.6106 10.3687 12.1614 24.2103 19.8916 20.8743 17.0055 10.0341 6.43924 13.4343 8.01639 8.86779 5.81153 4.12226 6.97136 3.89307 4.29452 3.79437 2.74362
internal_count=637 558 161 397 342 131 119 100 79 128 104 211 179 99 73 71 85 61 66 55 80 48 47 50 40
cat_boundaries=0 1
cat_threshold=2
is_linear=0
shrinkage=0.06


Tree=34
num_leaves=26
num_cat=2
split_feature=7 0 4 11 11 2 8 16 3 11 10 15 2 15 1 9 5 1 8 8 1 2 3 16 0
split_gain=6.76808 5.68927 4.84082 5.24219 4.07532 3.7379 3.28292 3.13814 3.15334 2.6713 2.92598 2.6343 2.57769 2.71057 1.9452 1.50365 1.26396 1.03952 0.765826 0.336995 0.2721 0.0169948 0.00541689 0.000281988 9.45136e-05
threshold=0 5.9849999000000009 1 6.4349999500000008 4.9549999000000007 1.9353500000000003 7.1000001500000005 7.8650000000000011 31.909999500000005 6.7750001000000006 1.1650000000000003 80.500000000000014 1.9701000000000002 73.500000000000014 47.500000000000007 12.550000000000002 7.4049999500000006 48.500000000000007 33.000000000000007 396.10001000000005 86.500000000000014 1.8024000500000004 18.675000000000004 6.8650000000000011 5.3250000500000008
decision_type=9 8 9 10 10 10 8 8 8 10 10 2 8 2 10 10 8 8 10 10 8 10 8 10 10
left_child=1 11 6 12 15 -5 -2 8 9 10 -6 17 13 -4 -8 -3 -16 -1 -14 20 21 -19 23 24 -23
right_child=2 4 3 5 7 -7 14 -9 -10 -11 -12 -13 18 -15 16 -17 -18 19 -20 -21 -22 22 -24 -25 -26
leaf_value=-0.026723873857827134 0.037655764781248553 -0.013096684388840497 0.061746473866717722 0.038392382306102639 -0.05818605932267016 -0.035789859074336149 0.0069648505705068734 -0.04226204976317556 0.064980977140137952 0.044370753283013584 0.02190740786735457 0.010816106424581419 0.091686963659021375 -0.010915115605433678 -0.021803890801458281 -0.067651611101404316 -0.077998975496304565 -0.072113425999500699 0.057417662917765892 -0.038174125994515057 -0.096544247161205049 -0.064234632971173766 -0.068748083074612651 -0.064989098154066352 -0.063507297477508926
leaf_weight=2.9249091073870632 3.2130370810627928 3.9144354909658459 3.7022442035377088 4.3900631815195066 3.1871251128613949 5.5199160575866699 2.8928636386990547 2.9586008489131919 4.9061414375901231 4.1922056898474693 3.387043796479702 2.3817868903279296 4.2411226406693441 3.6906432248651981 2.5796317756175995 3.3972849026322365 3.2642588503658772 1.8280534856021375 5.2581166550517082 1.2230341136455543 1.3515159487724311 1.4141976162791259 1.2928980365395544 1.290866184979677 1.1796919144690035
leaf_count=30 22 30 23 30 27 39 21 21 27 25 25 21 27 23 24 24 29 21 39 18 11 24 14 19 23
internal_value=-0.000403937 -0.0174504 0.0175566 0.0317165 -0.000484225 -0.00292756 -0.0142025 0.0144133 0.0251123 0.00694444 -0.0169215 -0.0470167 0.0520409 0.0254727 -0.033274 -0.0384448 -0.0531931 -0.0580318 0.0727179 -0.0675903 -0.0718952 -0.06714 -0.0653841 -0.0642645 -0.0639038
internal_weight=79.5817 40.8298 38.7519 26.8021 25.9428 9.90998 11.9498 18.6311 15.6725 10.7664 6.57417 14.887 16.8921 7.39289 8.73675 7.31172 5.84389 12.5052 9.49924 9.58026 8.35722 7.00571 5.17765 3.88476 2.59389
internal_count=637 360 277 181 179 69 96 125 104 77 52 181 112 46 74 54 53 160 66 130 112 101 80 66 47
cat_boundaries=0 1 2
cat_threshold=2 2
is_linear=0
shrinkage=0.06


Tree=35
num_leaves=28
num_cat=1
split_feature=1 0 6 0 9 1 12 10 13 15 15 16 12 7 8 12 2 13 3 5 2 0 1 16 15 9 8
split_gain=6.25607 5.06645 3.41218 3.35532 3.45356 2.66695 3.0138 3.10403 2.71599 3.7544 4.04955 2.70812 2.39161 1.94323 2.46767 1.93563 1.77307 1.01731 0.756933 0.505226 0.0401729 0.0141972 0.000857079 0.000494333 0.000322112 7.67146e-05 3.5488e-05
threshold=29.500000000000004 6.0400002000000006 10.595000000000001 9.9949999000000016 7.7500000000000009 84.500000000000014 8.2899999500000003 1.0850000000000002 4.2550001000000011 68.500000000000014 77.500000000000014 5.8350000500000005 5.6250000000000009 0 28.050000500000003 6.565000050000001 1.7734000000000003 4.7149999000000014 1.4200000000000002 7.2550001000000011 2.32245005 7.4799998000000008 45.500000000000007 7.565000050000001 77.500000000000014 12.65 94.700000500000016
decision_type=10 10 8 8 10 10 8 8 10 2 2 10 8 9 8 10 10 8 10 10 8 10 10 10 2 10 10
left_child=15 2 -2 4 12 6 7 11 -9 -10 19 -6 -3 18 -15 16 -1 -16 -4 -11 22 -17 -20 24 25 -24 -27
right_child=1 3 13 -5 5 -7 -8 8 9 10 -12 -13 -14 14 17 21 -18 -19 20 -21 -22 -23 23 -25 -26 26 -28
leaf_value=0.046559327092739279 0.011933976035526452 0.072132135973070083 -0.026276453314020957 0.065322503149609454 -0.010799982000361608 0.037970444633070838 0.040733516823628822 0.034594840212755933 0.029989911684196641 -0.088808854554874611 0.0061689304211562422 -0.081252056478253357 0.0036576693165217382 0.029096337032593251 -0.068339184927339244 0.073107776162644467 -0.016879725953921825 -0.010923972074801303 -0.065856880621971453 -0.05334776292936709 -0.07608920756127846 0.06654406106263254 -0.063948891395442589 -0.065294021755865878 -0.064596239804600178 -0.063588255885372355 -0.0630866555489841
leaf_weight=3.7434927001595479 5.4115077443420914 3.6201100572943679 2.1313803270459184 3.0601081550121298 3.3632596507668548 3.9881581738591185 3.1881996393203726 4.2711743637919453 3.8566293306648722 3.0499072521924955 4.0540650114417076 4.7217512242496014 3.7265053167939186 2.5612687915563592 2.6714981570839882 2.533019095659256 2.7520318329334259 1.9018943756818769 1.3471346497535677 2.751036524772644 1.2536867856979377 2.231384165585041 1.24748020619154 1.1733582653105257 1.6975125037133691 1.0755677260458472 0.96186360344290722
leaf_count=27 39 21 24 19 26 23 18 24 24 17 26 35 22 22 32 19 16 15 18 24 11 26 22 17 28 21 21
internal_value=-0.000397949 -0.00734421 -0.0298483 0.00473721 0.000169732 -0.00805756 -0.0143321 -0.0210668 -0.00718412 -0.0201983 -0.0398387 -0.0519449 0.0373991 -0.042394 -0.0180556 0.0409869 0.0196814 -0.0444625 -0.0583424 -0.0719918 -0.0661473 0.0700337 -0.0644861 -0.0641861 -0.0639251 -0.0635783 -0.0633515
internal_weight=78.345 67.0851 23.4342 43.6509 40.5908 33.2442 29.256 26.0678 17.9828 13.7116 9.85501 8.08501 7.34662 18.0226 7.13466 11.2599 6.49552 4.57339 10.888 5.80094 8.7566 4.7644 7.50292 6.15578 4.98242 3.28491 2.03743
internal_count=637 549 270 279 260 217 194 176 115 91 67 61 43 231 69 88 43 47 162 41 138 45 127 109 92 64 42
cat_boundaries=0 1
cat_threshold=2
is_linear=0
shrinkage=0.06


Tree=36
num_leaves=23
num_cat=2
split_feature=2 0 1 10 1 2 18 6 5 0 5 6 11 8 11 13 14 13 1 6 8 3
split_gain=5.85172 4.55162 3.68616 3.27006 2.78223 3.35317 5.05244 4.11794 2.90451 2.75248 2.53433 2.25569 2.12972 1.6297 0.981729 0.902475 1.38502 0.335303 0.254919 0.00612692 0.000588545 0.000210664
threshold=1.6225000000000003 6.0400002000000006 44.500000000000007 0.97500002500000005 72.500000000000014 1.8321500500000003 0 13.515000000000002 7.0250001000000006 4.815000050000001 7.1549999500000006 12.755000000000001 5.8399999000000014 4.1500001000000006 4.6050000000000013 4.6450000000000005 1 4.3050000500000012 97.500000000000014 11.155000000000003 34.699998500000007 16.314999500000003
decision_type=10 10 10 10 10 10 9 8 10 8 10 8 8 8 8 10 9 10 8 8 10 8
left_child=3 9 10 -1 5 -4 11 -8 -6 -2 -3 -7 -5 -11 -15 18 -17 -14 19 -16 -21 -22
right_child=1 2 4 12 8 6 7 -9 -10 13 -12 -13 17 14 15 16 -18 -19 -20 20 21 -23
leaf_value=-0.0083201233723248207 0.007778490878670977 0.067220785781856293 -0.071306469929673072 0.018963317413031828 0.066789216923769004 0.063033353382519183 -0.072583099318096728 -0.00021244965153933464 -0.0052011456082520103 -0.002376124520941653 -0.00063917555710852811 0.0015308284984773021 0.086026125310847301 -0.014290796370796312 -0.068053426086435817 0.011148835686706245 -0.06627765393794971 0.058150444103954153 -0.093937368017537201 -0.064978870601746494 -0.06316492173833245 -0.064253599263006375
leaf_weight=4.840069741010665 4.9890756793320206 4.7875159010291082 3.4385332353413132 4.3635622002184364 3.3680493235588056 3.6335783153772345 5.2659426666796199 6.1199632324278364 5.0316850058734417 2.8945538029074696 3.3800119385123253 5.2467267997562894 3.4657538235187539 2.0903414823114845 2.0327277965843678 1.4501129239797592 1.9503938592970371 2.815293662250042 1.355455510318279 1.6426697261631487 1.8154355622828009 0.98816791176795948
leaf_count=29 35 35 26 31 20 24 35 36 35 32 28 35 21 28 24 18 28 26 10 25 39 17
internal_value=-0.000395978 -0.0086988 0.00314857 0.0325698 -0.00600729 -0.0165216 -0.00722632 -0.0336836 0.0236649 -0.0311948 0.0391379 0.026696 0.0511624 -0.0431827 -0.0520468 -0.0590715 -0.0332599 0.0735317 -0.0702749 -0.0653246 -0.064077 -0.0635486
internal_weight=76.9656 61.4809 40.272 15.4847 32.1045 23.7047 20.2662 11.3859 8.39973 21.2089 8.16753 8.88031 10.6446 16.2199 13.3253 11.235 3.40051 6.28105 7.83446 6.479 4.44627 2.8036
internal_count=637 530 274 107 211 156 130 71 55 256 63 59 78 221 189 161 46 47 115 105 81 56
cat_boundaries=0 1 2
cat_threshold=2 4
is_linear=0
shrinkage=0.06


Tree=37
num_leaves=27
num_cat=3
split_feature=7 0 4 11 11 2 8 16 3 15 14 3 8 2 3 12 9 1 5 9 8 1 2 3 16 0
split_gain=5.69905 4.60755 4.20403 4.62086 3.45939 3.11573 2.78936 2.70163 2.94267 2.44247 2.42127 2.53496 2.39098 2.1134 1.81651 1.50887 1.39801 1.03415 0.887821 0.798713 0.34522 0.200922 0.0146443 0.00380493 0.000196581 6.53302e-05
threshold=0 5.9849999000000009 1 6.4349999500000008 4.9549999000000007 1.9353500000000003 7.1000001500000005 7.8650000000000011 31.909999500000005 80.500000000000014 2 11.900000000000002 3.8500000500000007 1.8388000000000002 8.5000000000000018 5.0250001000000006 12.550000000000002 48.500000000000007 7.3950000000000005 21.150000500000004 396.10001000000005 86.500000000000014 1.8024000500000004 18.675000000000004 6.8850000000000007 5.3250000500000008
decision_type=9 8 9 10 10 10 8 8 8 2 9 10 10 8 10 10 10 8 10 8 10 8 10 8 10 10
left_child=1 9 6 12 16 -5 -2 8 10 17 -6 -12 -4 -14 -8 -15 -3 -1 -16 -17 21 22 -19 24 25 -24
right_child=2 4 3 5 7 -7 14 -9 -10 -11 11 -13 13 15 18 19 -18 20 -20 -21 -22 -23 23 -25 -26 -27
leaf_value=-0.023864956727611363 0.033855391543646071 -0.012109948315199452 0.096091141619401438 0.035432317695925031 0.040748285575511807 -0.033607223252281757 -0.0623931031998467 -0.040870191043150608 0.062517635656421003 0.011837062622406993 0.021993479999836422 -0.05395674458475673 -0.0096239611297411765 0.014843735845417486 0.019676515103079849 0.048126021417383785 -0.065628624944286701 -0.071278733248363868 -0.033965223245433045 0.088464186040011147 -0.035102153831903321 -0.092660957700655619 -0.06366820673891202 -0.06766761124046973 -0.06435277093043848 -0.063028972799483746
leaf_weight=2.7290424779057476 3.1952556036412707 3.806416634470227 3.1845982000231805 4.2098032310605031 4.165746808052063 5.3360232189297676 3.8358191139996052 2.8517042286694041 4.651872619986535 2.2952993623912326 2.9953778684139252 3.3528903052210808 2.6588792540132973 3.0275456085801125 2.3157720565795898 4.1508821211755276 3.2637166157364845 1.6616010181605814 2.1346587873995304 3.0770489126443863 1.1140291579067705 1.268783528357744 1.2391024380922324 1.157123979181051 1.0763607881963251 1.0748309008777139
leaf_count=30 22 30 19 30 32 39 34 21 27 21 22 23 17 23 19 35 24 21 21 18 18 11 24 14 18 24
internal_value=-0.000388884 -0.0164989 0.0164057 0.0299153 -0.00124761 -0.00316011 -0.0137691 0.0127092 0.022784 -0.0445992 0.00520399 -0.0181203 0.0495272 0.0380449 -0.0321335 0.0504037 -0.0368153 -0.0560416 -0.00605286 0.0652986 -0.066262 -0.0709041 -0.0664582 -0.0646968 -0.0636829 -0.0633713
internal_weight=75.8302 38.7039 37.1263 25.6448 25.0877 9.54583 11.4815 18.0176 15.1659 13.6162 10.514 6.34827 16.099 12.9144 8.28625 10.2555 7.07013 11.3209 4.45043 7.22793 8.59183 7.4778 6.20902 4.54742 3.39029 2.31393
internal_count=637 360 277 181 179 69 96 125 104 181 77 45 112 93 74 76 54 160 40 53 130 112 101 80 66 48
cat_boundaries=0 1 2 3
cat_threshold=2 2 4
is_linear=0
shrinkage=0.06


Tree=38
num_leaves=29
num_cat=1
split_feature=1 0 8 9 0 9 0 2 15 6 9 2 11 18 3 9 12 15 0 15 1 2 2 0 6 11 0 3
split_gain=5.44664 4.13278 2.78485 2.93524 2.84693 3.29832 2.72739 2.37561 2.23841 2.50816 2.05923 1.9826 2.21199 2.44093 2.07651 2.0381 1.81961 1.76894 2.98064 1.53333 0.347661 0.109287 0.0174035 0.011154 0.00883371 0.00592037 0.00429717 0.000195957
threshold=29.500000000000004 7.2500000000000009 63.549999000000007 7.7500000000000009 6.3599999000000009 25.600000500000004 6.9049999500000006 1.6225000000000003 78.500000000000014 11.435 15.050000000000002 1.8438500000000002 4.5300000000000002 0 28.010000500000004 17.349999500000003 6.565000050000001 74.500000000000014 5.1150000000000011 72.500000000000014 84.500000000000014 2.2555999500000001 1.9035000000000002 7.4799998000000008 11.055000000000001 6.1649999500000012 6.1250000000000009 10.905000000000003
decision_type=10 10 10 10 10 10 10 10 2 10 10 10 10 9 8 8 10 2 8 2 10 8 10 10 8 8 10 8
left_child=16 2 4 -4 5 10 -6 -3 20 -10 17 -9 -13 15 -15 -14 19 18 -2 -1 21 24 -20 -18 -5 -12 27 -26
right_child=1 7 3 8 6 -7 -8 11 9 -11 25 12 13 14 -16 -17 23 -19 22 -21 -22 -23 -24 -25 26 -27 -28 -29
leaf_value=-0.01108997022322513 0.021942274887033805 0.06351314246337518 0.0078571169058386393 -0.069649499597555412 0.063759859768182159 0.061093009721331186 -0.012760383301016262 -0.034764006004945884 0.03450963104302384 -0.065221136757613984 -0.070133263571399998 0.053351519621564258 -0.0043286609751957469 -0.053798393990311076 0.0094782213347750152 0.05862197172081348 0.072018374590217968 0.016822601830165804 -0.073475801151111214 0.048583982590571458 -0.035931053175296518 -0.083531401939393235 -0.065038294463460156 0.065939112008479447 -0.062803408765668547 -0.06528428931353604 -0.066905720654704057 -0.06386172428251248
leaf_weight=3.1116924434900266 2.0135280825197714 2.8489152267575291 4.0403987579047707 2.107420448213813 3.548168819397687 1.6223287731409062 3.1794853396713734 3.7039012201130417 2.0129601880908008 1.653545908629894 1.9580158479511731 3.9215149879455593 3.7077048495411873 3.6577286720275861 3.8136182352900505 3.6983912289142609 2.3395223170518875 3.7984100840985775 1.8772904016077521 3.0889298021793365 1.2541846521198738 1.6693076789379127 1.6567141376435754 2.0286209173500538 1.3605933655053379 1.6878680624067781 2.2281571589410305 1.1727183721959589
leaf_count=20 17 17 33 24 20 14 21 22 14 26 23 23 20 22 20 23 19 29 19 23 16 13 26 26 33 25 27 22
internal_value=-0.000379077 -0.00695028 -0.0192498 -0.0369922 -0.00470184 -0.0195704 0.0275964 0.0118936 -0.0504561 -0.0104676 -0.0296431 0.00535844 0.0132636 0.00269697 -0.0215 0.0271071 0.0395333 -0.0147235 -0.0363232 0.0186375 -0.0654287 -0.0697616 -0.0695204 0.0691951 -0.0664152 -0.0678884 -0.0649838 -0.0632933
internal_weight=74.7616 64.1929 38.8411 17.4993 21.3418 14.6142 6.72765 25.3518 13.4589 3.66651 12.9918 22.5029 18.799 14.8774 7.47135 7.4061 10.5688 9.34594 5.54753 6.20062 9.79238 8.5382 3.534 4.36814 6.86889 3.64588 4.76147 2.53331
internal_count=637 549 402 208 194 153 41 147 175 40 139 130 108 85 42 43 88 91 62 43 135 119 45 45 106 48 82 55
cat_boundaries=0 1
cat_threshold=2
is_linear=0
shrinkage=0.06


Tree=39
num_leaves=28
num_cat=2
split_feature=2 3 0 7 11 8 12 15 1 5 3 2 9 9 10 11 11 18 9 1 0 0 0 0 0 3 10
split_gain=4.97665 4.14495 3.3678 3.14785 5.3036 3.53708 3.28192 2.44384 2.84633 2.4172 2.70865 2.28428 2.22147 4.42148 1.8642 1.43054 1.17306 0.98549 0.952078 0.372309 0.270027 0.052928 0.0354749 0.00767772 0.00526361 0.000361626 0.000295078
threshold=1.4093499500000002 6.4050000000000011 9.9949999000000016 0 6.4349999500000008 58.799999000000007 4.5450000500000014 82.500000000000014 40.500000000000007 7.7550001000000011 18.675000000000004 2.0666500500000002 21.050000000000004 12.050000000000002 0.97500002500000005 7.2149999000000014 7.4349999500000008 1 17.050000000000004 78.500000000000014 7.1450000000000005 6.2249999000000011 6.1150000000000011 5.1549999500000006 6.1699998000000003 11.900000000000002 1.1050000000000002
decision_type=10 8 10 9 10 8 10 2 10 8 8 8 8 10 10 10 10 9 8 10 10 10 10 10 10 10 10
left_child=14 11 3 7 6 -6 -5 8 -3 10 15 19 13 -8 -1 22 -7 -11 -16 21 24 23 25 -2 26 -10 -19
right_child=1 2 -4 4 5 16 12 -9 9 17 -12 -13 -14 -15 18 -17 -18 20 -20 -21 -22 -23 -24 -25 -26 -27 -28
leaf_value=-0.0022097249397998201 -0.070256944829993381 0.018796033254076333 0.061889406928275555 -0.021214905445651383 0.010487820948851879 -0.08018602391498944 0.080573829300358252 0.041848721968106073 -0.064882357264940071 -0.031130650986727723 0.012911671306784172 0.010896543687003664 0.080031744692406759 -0.013768529972602242 0.030798750380455989 0.0027475185088034881 -0.023580607485035182 -0.06387370352301619 0.073406247279864625 -0.038231167139554101 -0.096378646290663839 -0.080163627690519476 -0.076656085704736393 -0.063894309433005267 -0.068995430745846853 -0.063324195048178947 -0.065219972898102455
leaf_weight=3.0234724432229978 1.4651810079812979 4.2820494882762494 2.9140150174498549 3.1399415880441692 6.1348570249974701 3.1001725271344194 3.1500853747129414 2.129839163273572 1.2517057266086355 2.8785848356783372 5.472187079489232 1.8892658464610583 4.6673428565263757 4.1370671465992928 3.5423236191272736 1.4040044434368608 2.2926457487046719 1.1740953586995608 4.0427060760557652 1.4834713675081728 1.4827345684170721 1.9800551421940324 1.3239198662340639 1.2785126306116579 1.6172217093408106 0.93806810118257988 1.170332785695791
leaf_count=18 17 31 21 29 38 26 16 16 22 25 36 23 29 36 27 12 20 22 34 21 9 15 12 26 17 20 19
internal_value=-0.000380154 -0.00680507 -0.000870508 -0.0044047 0.00997156 -0.020673 0.0333749 -0.0196377 -0.0253328 -0.0354307 -0.0161301 -0.0468704 0.0477133 0.0270137 0.0376281 -0.0484464 -0.0561214 -0.0595244 0.0535079 -0.0644527 -0.0745369 -0.0726874 -0.0689026 -0.0672921 -0.0663622 -0.0642149 -0.0645458
internal_weight=73.3659 62.7574 54.6609 51.7469 26.6221 11.5277 15.0944 25.1247 22.9949 18.7129 10.3899 8.09649 11.9545 7.28715 10.6085 4.9177 5.39282 8.32297 7.58503 6.20722 5.44438 4.72375 3.51369 2.74369 3.96165 2.18977 2.34443
internal_count=637 558 456 435 194 84 110 241 225 194 102 102 81 52 79 66 46 92 61 79 67 58 54 43 58 42 41
cat_boundaries=0 1 2
cat_threshold=2 1
is_linear=0
shrinkage=0.06


Tree=40
num_leaves=27
num_cat=4
split_feature=1 0 2 14 6 18 9 2 15 3 2 11 18 9 3 13 13 9 2 10 6 2 5 6 7 5
split_gain=4.69169 3.6129 2.9291 2.7237 2.51616 2.20827 3.2767 2.17429 1.83114 1.74134 1.73493 2.06443 1.92233 1.93911 1.78765 1.50401 3.02048 2.23215 0.982454 0.678805 0.487093 0.117311 0.00567406 0.00140661 0.0011684 0.000577768
threshold=23.500000000000004 7.2349999000000009 1.6005000000000003 0 10.540000000000001 1 12.750000000000002 1.8595000000000002 70.500000000000014 19.920000000000005 1.8438500000000002 4.5300000000000002 2 17.349999500000003 28.010000500000004 4.8950000000000005 4.6450000000000005 24.349999500000003 2.1296500000000003 1.2650000000000003 14.950000000000001 1.5967999500000001 7.4449999500000006 13.215000000000002 3 8.3450003000000024
decision_type=10 10 10 9 8 9 10 8 2 8 10 10 9 8 8 8 10 8 10 8 8 10 8 10 9 10
left_child=8 3 -3 5 -5 6 -2 19 -1 21 -4 -12 13 -13 -14 16 17 -9 -8 22 -10 -7 -6 24 25 -23
right_child=1 2 10 4 7 9 18 15 20 -11 11 12 14 -15 -16 -17 -18 -19 -20 -21 -22 23 -24 -25 -26 -27
leaf_value=0.0049820645119404627 0.039468065980773043 0.070366056389982348 -0.031456617029520371 0.040109490270440702 -0.070207808474290839 -0.083203793245616331 -0.071116738859408987 -0.05112109986824951 0.071627938424560181 -0.018334598490068962 0.05159142781711841 -0.0065946294574959 -0.050849943731231334 0.05498955315895241 0.0086756528188062041 -0.038469777761613436 0.05212378535532787 0.028881812945522566 -0.0089716000327351286 -0.016394561586093793 0.034844149122975669 -0.063937942522460947 -0.064777533039937413 -0.063033292206667105 -0.066605904489778586 -0.065757015034884431
leaf_weight=3.5394445881247503 2.9228635281324387 2.6969307959079769 4.0328570902347591 3.9265429042279747 1.5185374245047598 1.6427550911903388 2.1954056099057202 3.0497422907501424 3.9607322998344898 3.6664338745176801 3.769448526203635 3.7789855897426605 3.5138525292277318 3.5884715914726257 3.7594720125198364 2.8339882344007501 3.8209352511912584 2.1339981853961945 1.5712273381650446 1.3882731720805166 1.9262884892523287 1.6481962874531748 1.2737650237977503 1.0960530042648313 1.813982982188463 1.0160739831626413
leaf_count=29 20 17 25 26 18 11 28 38 38 35 23 21 22 23 20 29 29 17 18 15 17 33 22 25 23 15
internal_value=-0.000377681 -0.0063148 0.0112859 -0.0181084 -0.00293429 -0.0353314 -0.00820192 -0.0134849 0.039087 -0.0520065 0.00418638 0.0119942 0.00179937 0.0234012 -0.0200821 -0.000349172 0.0116483 -0.0181862 -0.0451933 -0.0506831 0.0595919 -0.0691126 -0.0677307 -0.0649598 -0.0654314 -0.0646317
internal_weight=72.0853 62.6588 25.14 37.5188 19.9458 17.573 6.6895 16.0192 9.42647 10.8835 22.4431 18.4102 14.6408 7.36746 7.27332 11.8387 9.00468 5.18374 3.76663 4.18058 5.88702 7.21706 2.7923 5.57431 4.47825 2.66427
internal_count=637 553 151 402 194 208 66 168 84 142 134 109 86 44 42 113 84 55 46 55 55 107 40 96 71 48
cat_boundaries=0 1 2 3 4
cat_threshold=2 1 2 2
is_linear=0
shrinkage=0.06


Tree=41
num_leaves=27
num_cat=2
split_feature=7 0 4 11 11 2 8 16 1 15 1 8 13 2 15 2 3 6 1 13 5 1 2 3 1 9
split_gain=4.37544 3.87155 3.29474 3.58031 3.00085 2.55436 2.25869 2.23384 2.6504 2.21503 2.73518 2.07666 1.87893 1.81884 2.301 1.6769 1.54519 1.49731 1.22908 1.19044 0.880466 0.140385 0.00576273 0.00163584 0.000525698 0.00016704
threshold=0 5.9849999000000009 1 6.4349999500000008 4.9549999000000007 1.9353500000000003 7.1000001500000005 7.8650000000000011 59.500000000000007 71.500000000000014 48.500000000000007 3.8500000500000007 4.6949999500000006 2.0693000500000003 72.500000000000014 2.0572500500000008 8.5000000000000018 10.660000000000002 50.500000000000007 4.3850000000000007 7.2349999000000009 75.500000000000014 1.8039500500000003 12.745000000000003 51.500000000000007 20.550000000000004
decision_type=9 8 9 10 10 10 8 8 10 2 10 10 10 8 2 8 10 8 10 10 10 8 10 8 10 8
left_child=1 9 6 11 18 -5 -2 8 12 21 -11 -4 19 14 -13 -10 -8 -12 -3 -6 -18 22 -1 25 -24 -19
right_child=2 4 3 5 7 -7 16 -9 15 10 17 13 -14 -15 -16 -17 20 23 -20 -21 -22 -23 24 -25 -26 -27
leaf_value=-0.068833746343546345 0.030201072659863295 0.0032070858870323709 0.08937851535146206 0.033172087117626453 -0.004926538075180684 -0.030899903075772131 -0.059531810798869121 -0.037977438747623868 0.0218955366256533 0.045265769925337138 0.0056130493257998994 0.051121044958633545 -0.037719666201732567 0.064700263791730855 -0.014715900254622357 0.086673530792155659 0.021227454879437259 -0.062890477322949181 -0.052645240504587666 0.050404694963209394 -0.034138227437640535 -0.087477170781041405 -0.064796442350527797 -0.066058466934263843 -0.063113326998525593 -0.063935930976267319
leaf_weight=1.277142403647302 3.1203667037188998 2.0602779909968403 3.029880233109 4.0011000372469407 2.9727478846907633 5.0891349241137505 3.5272201038897046 2.6745947673916808 2.9727419055998316 1.7325804829597471 1.6217857226729391 3.6038217991590473 2.994209248572588 4.3708416186273107 4.0686670709401369 2.7877947762608528 2.1426658034324646 1.4428529832512147 4.5527738258242607 2.6455376595258713 1.9984801970422266 1.4265059847384689 1.3044625837355854 1.1448193714022634 1.369321461766958 0.88930122181773175
leaf_count=17 22 15 19 30 21 39 34 21 25 14 13 24 21 39 30 16 18 35 39 21 22 14 22 17 31 18
internal_value=-0.000375089 -0.0150967 0.0147328 0.027042 -0.000936966 -0.00269838 -0.012836 0.0123715 0.0217407 -0.0425382 -0.0198636 0.0449777 0.00066898 0.0338072 0.0162082 0.0532447 -0.0303485 -0.0419949 -0.0352446 0.0211278 -0.00549153 -0.0713434 -0.0655182 -0.064201 -0.0639345 -0.0632891
internal_weight=70.8216 35.8695 34.9522 24.1634 23.6607 9.09023 10.7887 17.0476 14.373 12.2088 6.83134 15.0732 8.61249 12.0433 7.67249 5.76054 7.66837 5.09876 6.61305 5.61829 4.14115 5.37743 3.95093 3.47697 2.67378 2.33215
internal_count=637 360 277 181 179 69 96 125 104 181 97 112 63 93 54 41 74 83 54 42 40 84 70 70 53 53
cat_boundaries=0 1 2
cat_threshold=2 2
is_linear=0
shrinkage=0.06


Tree=42
num_leaves=25
num_cat=3
split_feature=1 0 4 9 15 9 15 6 8 19 6 9 12 5 9 1 14 8 0 15 8 16 0 3
split_gain=4.17185 3.37555 2.83295 3.99254 4.92259 4.26763 3.44009 2.7434 2.28484 2.24345 2.77604 1.83192 1.8042 1.66631 2.26645 1.81747 1.62733 2.65588 1.4561 1.13394 0.353552 0.254808 0.197152 0.00737136
threshold=29.500000000000004 9.9949999000000016 0 17.250000000000004 73.500000000000014 11.750000000000002 77.500000000000014 13.240000000000002 6.3999998500000013 1 12.385000000000003 15.050000000000002 6.565000050000001 8.3699999000000016 9.4499998000000023 67.500000000000014 2 63.549999000000007 6.3250000500000008 69.500000000000014 141.29999500000002 5.3850000000000007 7.5750000500000008 16.025000500000004
decision_type=10 10 9 8 2 10 2 8 10 9 10 8 10 8 10 10 9 8 10 2 10 10 8 8
left_child=12 2 6 4 5 -4 13 11 -5 -10 -11 -8 18 14 -2 16 19 -18 -1 -16 22 -17 -15 -14
right_child=1 -3 3 8 -6 -7 7 -9 9 10 -12 -13 23 20 15 21 17 -19 -20 -21 -22 -23 -24 -25
leaf_value=-0.011849977577831577 0.044033415353848471 0.06025298196906663 0.075362289573067662 0.059710548714665974 -0.061799383382144399 -0.029815694081098642 0.068343140641208139 -0.04286841512291379 0.03975257343394565 -0.059318155113154303 0.025767667865455111 0.0016279514724005012 0.070284483828832442 -0.059339665748376978 -0.015064829519067612 -0.043879179620776892 0.043158648278055073 -0.03763470775646037 0.048363985579313894 -0.071732953828599774 -0.037406226315170654 -0.072648752037242317 -0.085918440421587514 0.064997733028673038
leaf_weight=3.2283779159188253 1.5862890705466366 2.626507129520177 2.53789831697941 4.7757710963487616 5.5806652195751667 3.0672954171895981 2.8235743474215242 2.382983274757863 4.7398536689579478 2.7443638965487471 2.7775546796619892 3.1177697591483593 2.1725559234619145 2.2419477235525838 2.6187812834978104 1.749024225398897 3.0067184492945653 2.856093080714345 2.6183545887470245 2.4703592099249363 1.5295417271554468 3.0252211447805166 1.8205416053533552 1.6864752024412153
leaf_count=17 14 19 15 30 39 31 21 26 34 24 24 34 20 34 30 22 22 37 26 21 21 33 18 25
internal_value=-0.000366721 -0.00626317 -0.00930404 0.00523549 -0.0219092 0.0178064 -0.0215131 0.0115196 0.0254274 0.00947223 -0.0165195 0.0333338 0.0361323 -0.0335184 -0.0243209 -0.0312157 -0.0177484 0.00379983 0.0151158 -0.0425725 -0.0619934 -0.0621091 -0.0712505 0.0679741
internal_weight=69.7845 60.0788 57.4522 26.2234 11.1859 5.60519 31.2288 8.32433 15.0375 10.2618 5.52192 5.94134 9.70576 22.9045 17.3125 15.7262 10.952 5.86281 5.84673 5.08914 5.59203 4.77425 4.06249 3.85903
internal_count=637 549 530 197 85 46 333 81 112 82 48 55 88 252 179 165 110 59 43 51 73 55 52 45
cat_boundaries=0 1 2 3
cat_threshold=2 1 2
is_linear=0
shrinkage=0.06


Tree=43
num_leaves=26
num_cat=2
split_feature=2 3 0 7 11 8 12 8 12 3 5 2 3 9 9 0 6 11 1 4 0 1 0 6 0
split_gain=4.00503 3.47117 2.73526 2.35424 4.16681 3.10285 2.38986 2.27863 2.84468 3.30525 2.57985 1.99268 1.71079 1.62689 3.63847 1.48551 2.33728 1.08497 0.357339 0.293767 0.142121 0.0425233 0.0374648 0.00514068 0.00268068
threshold=1.4093499500000002 6.4050000000000011 9.9949999000000016 0 6.4349999500000008 58.799999000000007 4.5950000500000012 287.44999500000006 8.2600002500000027 31.909999500000005 7.6649999500000012 2.0693000500000003 8.9050002000000017 21.050000000000004 12.050000000000002 7.2049999000000007 11.490000000000002 7.4349999500000008 78.500000000000014 1 7.7850001000000004 48.500000000000007 6.2249999000000011 11.220000000000002 6.0750000500000008
decision_type=10 8 10 9 10 8 10 10 10 8 8 10 10 8 10 10 10 10 10 9 10 10 10 8 10
left_child=15 11 3 7 6 -6 -5 8 9 12 -11 18 -3 14 -8 16 -1 -7 22 20 21 -14 23 -2 -23
right_child=1 2 -4 4 5 17 13 -9 -10 10 -12 -13 19 -15 -16 -17 -18 -19 -20 -21 -22 24 -24 -25 -26
leaf_value=0.053570244368858898 -0.069174046793283747 -0.014857375468785902 0.058638671113313168 -0.01614753340213736 0.010180173508986508 -0.077704257380292949 0.074825075150647929 0.025335515975238223 0.040966877240935166 0.035734768539268671 -0.036713935061737306 0.010237968357451785 -0.077629463072747387 0.071929098529927071 -0.013013666124268488 0.068755381178643007 -0.018928803686699084 -0.021722822678265096 -0.035634142139598625 -0.047998965278057901 -0.09056558989003477 -0.063694096123525987 -0.07790903482361082 -0.063597697803634182 -0.067490456939299531
leaf_weight=3.3388809189200384 1.2180581688880914 2.8498256895691245 2.6484007500112048 3.1539171170443323 6.0260957889258835 2.881098199635745 2.9896919503807995 3.7352785393595687 2.0607541911303988 3.4190707243978968 3.6673797778785229 1.7787692807614801 1.6055086329579351 4.3042566031217584 3.928266815841198 3.2200815230607986 3.0753220245242119 2.1965163312852383 1.3243887070566414 1.8102431558072565 1.6506846919655798 1.5578389856964352 1.8056243322789667 1.1637603901326654 1.1743636541068552
leaf_count=24 15 38 21 30 38 26 16 34 17 19 34 23 16 28 36 36 19 20 21 25 9 35 15 28 14
internal_value=-0.000361807 -0.00622334 -0.000753733 -0.00396313 0.0086741 -0.0189343 0.0299981 -0.017647 -0.0257574 -0.0335106 -0.00175888 -0.0449795 -0.0546411 0.0429669 0.0249471 0.0355035 0.0188102 -0.0534873 -0.0627992 -0.0691792 -0.0755818 -0.0698798 -0.0713908 -0.0664494 -0.0653259
internal_weight=68.5841 58.9498 51.6592 49.0108 25.4798 11.1037 14.3761 23.5309 19.7957 17.7349 7.08645 7.2906 10.6485 11.2222 6.91796 9.63428 6.4142 5.07761 5.51183 7.79864 5.9884 4.33771 4.18744 2.38182 2.7322
internal_count=637 558 456 435 194 84 110 241 207 190 53 102 137 80 52 79 43 46 79 99 74 65 58 43 49
cat_boundaries=0 1 2
cat_threshold=2 2
is_linear=0
shrinkage=0.06


Tree=44
num_leaves=27
num_cat=2
split_feature=0 6 1 14 5 1 1 8 15 11 16 9 13 19 12 13 9 2 6 5 0 10 8 15 9 0
split_gain=3.78834 4.44877 3.07035 2.73675 2.67317 2.36663 2.76427 2.20164 2.25485 2.00947 2.20473 2.13205 1.91238 2.81054 2.15233 1.78315 1.67145 1.55947 1.36836 1.2265 0.648386 0.39555 0.304152 0.132623 0.0524039 0.00384332
threshold=8.1150002500000031 13.750000000000002 23.500000000000004 0 6.924999950000001 65.500000000000014 54.500000000000007 64.950001000000015 76.500000000000014 5.4749999000000011 6.2449999000000007 21.150000500000004 4.6450000000000005 1 5.9449999500000006 4.7349999000000009 24.349999500000003 1.7932499500000001 12.245000000000003 6.9649999000000014 6.9049999500000006 1.3350000000000002 396.10001000000005 69.500000000000014 26.750000000000004 6.2600000000000007
decision_type=10 10 10 9 10 8 10 10 2 8 8 8 10 9 8 10 8 10 8 8 8 8 8 2 8 10
left_child=1 2 20 4 7 6 15 18 -9 11 19 -5 13 -12 -15 -2 23 -6 -4 -11 -1 -7 24 -3 25 -19
right_child=5 16 3 9 17 21 -8 8 -10 10 12 -13 -14 14 -16 -17 -18 22 -20 -21 -22 -23 -24 -25 -26 -27
leaf_value=0.05963380630598239 0.063120399548711709 -0.084509907048856941 -0.0079709557341578509 -0.057074242304210585 -0.0079792050234567917 0.072845334444727419 -0.027639700343544748 -0.074566190364782348 0.013182738760168495 0.084698280579175694 -0.069128950416059154 0.021786507853337578 0.038747600851706268 0.050702126010805738 -0.019062344008420364 -0.0025181162016158646 -0.0026999187950244074 -0.064631413767365045 0.058148119423529744 0.023107672329890198 0.01704572281220413 0.038237565289230981 -0.039102111033647781 -0.064265578795297679 -0.079499338995720356 -0.068742594997245568
leaf_weight=3.0285373777151099 3.5168144218623603 2.0903731510043135 2.0917747095227259 3.1566064711660173 2.5036841761320812 3.0987445972859868 4.267251543700695 2.2019477095454931 2.0226038154214621 2.1610976234078434 2.2884254753589586 2.0265123136341572 3.8662297558039418 2.5925126280635622 4.1251607909798622 2.5852313935756683 1.6263474076986311 1.8560596611350777 2.4425874873995781 2.5226693581789732 2.2379318550229073 1.9290821962058542 1.3953345641493795 2.6315329615026712 1.6605106294155119 1.4645340740680692
leaf_count=26 25 19 22 37 25 27 25 26 19 15 23 15 29 22 38 17 17 34 21 26 17 23 21 33 19 16
internal_value=-0.000356162 -0.00809766 -0.00155234 -0.00717234 -0.0249079 0.0257853 0.00940539 -0.00138932 -0.0325543 0.00658533 0.0162767 -0.026241 0.00345092 -0.0117016 0.00786145 0.0353116 -0.0551593 -0.0481055 0.0276463 0.0515257 0.0415364 0.059567 -0.063861 -0.0732277 -0.0707966 -0.0664446
internal_weight=67.3901 51.993 45.6447 40.3783 17.639 15.3971 10.3693 8.75891 4.22455 22.7392 17.5561 5.18312 12.8723 9.0061 6.71767 6.10205 6.34825 8.88012 4.53436 4.68377 5.26647 5.02783 6.37644 4.72191 4.9811 3.32059
internal_count=637 520 451 408 203 117 67 88 45 205 153 52 112 83 60 42 69 115 43 41 43 50 90 52 69 50
cat_boundaries=0 1 2
cat_threshold=2 1
is_linear=0
shrinkage=0.06


Tree=45
num_leaves=25
num_cat=3
split_feature=0 6 1 1 8 6 6 4 9 15 3 6 0 8 0 8 17 4 1 2 9 7 0 6
split_gain=3.58246 3.73411 3.0824 2.79096 2.37168 3.0072 3.68422 2.87355 2.27267 1.95286 1.94717 1.71126 1.57301 2.08875 1.85284 1.55448 0.446366 0.264167 0.0764105 0.0521857 0.00916999 0.00230396 0.00121761 0.000323238
threshold=7.315000050000001 13.750000000000002 82.500000000000014 23.500000000000004 63.549999000000007 12.145000000000001 11.310000000000002 0 7.7500000000000009 78.500000000000014 9.9200001000000011 10.790000000000001 8.2750001000000015 41.500000000000007 7.6099999000000009 21.750000000000004 inf 1 75.500000000000014 2.2555999500000001 16.550000000000004 2 6.0400002000000006 11.175000000000002
decision_type=10 10 8 10 10 10 10 9 10 2 10 10 10 8 10 10 8 9 8 8 10 9 10 10
left_child=1 3 11 -1 5 6 7 10 -6 16 -5 -2 14 -14 -13 -7 19 -4 -3 21 -8 22 23 -10
right_child=2 18 17 4 8 15 20 -9 9 -11 -12 12 13 -15 -16 -17 -18 -19 -20 -21 -22 -23 -24 -25
leaf_value=0.037470478496504457 0.050664958360572124 -0.065981031363474579 0.041027644503595743 -0.06016840145512696 0.010067898440274694 0.011627853887990787 -0.065753713125190502 0.036092918384374159 -0.063934475115570058 -0.0040370545783282195 0.019630418576769858 0.013673981369154204 0.047113915804349919 -0.0090486780095561138 -0.04597587629536487 0.073375560309675486 -0.031089448059444844 0.070133813227351252 -0.084932980583366055 -0.078283854140087844 -0.072035498326814315 -0.066932647496551964 -0.06559202632934194 -0.062306621386078363
leaf_weight=4.6646776944398871 2.7941358461976114 1.9219896830618375 1.7231330089271069 2.8695831336081028 3.6676180083304635 3.6474063824862233 1.7495817150920623 4.9549222253263014 0.89701544120907806 3.0255078077316284 1.7859209589660165 3.2944683805108097 4.3282138407230351 5.3069713860750207 4.3498803526163101 2.4560437090694904 1.4422279093414543 3.2208148241043082 1.2731851823627947 1.419853903353214 1.6031198129057882 1.6735234372317771 1.2417623959481714 0.86027912981808186
leaf_count=36 17 34 18 36 32 37 28 31 18 36 14 19 31 32 29 18 25 39 13 12 16 22 18 26
internal_value=-0.000353774 -0.0112386 0.0175519 -0.00599503 -0.0120847 0.0017486 -0.0146018 0.00429094 -0.0306227 -0.0447548 -0.0295564 0.00709993 5.53814e-05 0.0161801 -0.0202687 0.0364753 -0.0611048 0.0599893 -0.0735328 -0.0682102 -0.0687574 -0.0651491 -0.0641538 -0.0631376
internal_weight=66.1718 41.1542 25.0176 37.959 33.2944 19.0666 12.9631 9.61043 14.2278 10.5602 4.6555 20.0737 17.2795 9.63519 7.64435 6.10345 7.53466 4.94395 3.19517 6.09243 3.3527 4.67258 2.99906 1.75729
internal_count=637 452 185 405 369 180 125 81 189 157 50 128 111 63 48 55 121 57 47 96 44 84 62 44
cat_boundaries=0 1 2 3
cat_threshold=2 2 2
is_linear=0
shrinkage=0.06


Tree=46
num_leaves=29
num_cat=1
split_feature=2 3 13 6 1 10 2 15 12 10 3 12 3 11 11 9 12 10 15 7 6 0 3 8 10 11 5 3
split_gain=3.49184 2.96841 2.34017 3.08213 2.36425 2.31963 2.21568 2.0023 2.58471 2.36039 2.32049 3.54196 2.23871 1.69087 1.55214 1.49459 1.37296 1.01798 0.668266 0.643205 0.287226 0.265181 0.17296 0.165124 0.0219181 0.00592269 0.00176268 0.000929584
threshold=1.6225000000000003 6.4050000000000011 4.1050000000000013 13.045000000000002 36.500000000000007 0.97500002500000005 2.0693000500000003 65.500000000000014 8.2600002500000027 1.2250000000000003 32.985000500000005 5.2650001000000008 11.135000000000003 5.8399999000000014 4.4849999000000009 14.050000000000002 5.1400001000000008 1.0250000000000001 79.500000000000014 0 10.735000000000001 7.4399998000000007 15.340000000000002 42.350000500000007 1.3049999500000002 4.9300001000000009 7.4049999500000006 5.3099999500000008
decision_type=10 8 10 10 10 10 10 2 10 8 8 8 10 8 10 10 10 8 2 9 10 10 10 8 10 8 10 10
left_child=5 6 3 17 19 -1 24 9 10 -6 12 -12 15 -7 -14 -9 -17 -3 21 -4 -15 22 -16 -19 25 -2 -24 -27
right_child=1 2 4 -5 7 13 -8 8 -10 -11 11 -13 14 20 18 16 -18 23 -20 -21 -22 -23 26 -25 -26 27 -28 -29
leaf_value=-0.0086470563335942618 -0.069293291292650813 -0.01315907751778234 0.022752221547129817 0.033333101654173664 -0.0067451687450692703 0.013842907636356405 0.012196917221664541 0.038398775129345149 0.039406874820939221 0.069064835087041365 0.058960759311807442 -0.020032970388654991 -0.00055632298847038675 0.083165137286812366 -0.039907527944427125 0.016477709990298413 -0.053658920101145605 -0.083176859099641787 -0.023649744711326227 0.069533149580324638 0.054331391288722074 -0.082283616477921373 -0.067675125027530175 -0.058709735278464979 -0.075596658819694879 -0.062905246431387091 -0.064499310501738502 -0.065484279124308847
leaf_weight=4.1574636045843354 1.2441978137940162 1.4666565265506495 2.1088695153594017 1.8722996190190313 3.0082154963165513 3.4502125978469822 1.6870975643396375 2.3249689564108946 3.6451633460819712 2.9076459649950266 3.3385798409581158 5.2675142064690599 2.1889510620385391 2.4454828798770913 1.3904781099408867 1.8343647345900533 2.2217486221343279 2.1034962125122552 1.6538155339658258 2.1234611198306075 2.5308712236583233 2.3837213143706322 1.386670093983412 1.8809094429016111 1.1689637843519447 1.1420216523110869 1.1517375875264404 0.89933693967759598
leaf_count=29 18 16 19 15 31 31 23 24 27 20 21 33 18 17 21 17 28 20 16 23 30 15 19 28 11 30 21 16
internal_value=-0.00035401 -0.00716975 -0.00196637 -0.0330832 0.00388633 0.0280273 -0.0463621 -0.00127695 -0.00781028 0.0305154 -0.0146558 0.0106112 -0.0278056 0.0461215 -0.0453052 4.47351e-05 -0.0219398 -0.0558955 -0.0576009 0.0462233 0.0685009 -0.0664957 -0.0569169 -0.0716267 -0.0685407 -0.0660303 -0.0662342 -0.0640415
internal_weight=64.9849 52.4009 46.2593 7.32336 38.9359 12.584 6.14162 34.7036 28.7877 5.91586 25.1426 8.60609 16.5365 8.42657 10.1554 6.38108 4.05611 5.45106 7.96642 4.23233 4.97635 6.31261 3.92889 3.98441 4.45452 3.28556 2.53841 2.04136
internal_count=637 530 432 79 353 107 98 311 260 51 233 54 179 78 110 69 45 64 92 42 47 76 61 48 75 64 40 46
cat_boundaries=0 1
cat_threshold=2
is_linear=0
shrinkage=0.06


Tree=47
num_leaves=26
num_cat=1
split_feature=0 6 1 1 9 5 9 16 6 8 6 4 1 2 10 13 12 1 9 2 8 1 0 12 3
split_gain=3.28235 3.41685 2.89881 2.81093 1.74581 3.38199 2.17927 2.35493 2.03057 3.98525 1.71527 1.61642 1.3654 1.92232 1.68109 2.64033 1.09853 0.776857 0.430011 0.244917 0.221158 0.0191943 0.00689026 0.000806755 0.000312504
threshold=7.315000050000001 13.145000000000001 23.500000000000004 39.500000000000007 12.450000000000001 6.5600002000000011 11.350000000000003 5.9049999500000006 12.185 63.549999000000007 10.935 0 72.500000000000014 2.2136500000000008 1.0850000000000002 4.4349999500000008 7.4300001000000009 79.500000000000014 13.450000000000001 2.1389999500000001 439.14999500000005 46.500000000000007 6.065000050000001 6.0400002000000006 10.905000000000003
decision_type=10 10 10 10 10 8 8 10 10 8 8 9 8 8 10 8 10 10 8 8 10 10 10 8 8
left_child=1 2 -1 23 5 -4 -7 11 10 -10 -6 -8 13 14 -5 -16 18 21 -3 -20 -11 -12 24 -2 -23
right_child=3 16 4 12 8 6 7 -9 9 20 17 -13 -14 -15 15 -17 -18 -19 19 -21 -22 22 -24 -25 -26
leaf_value=0.044617566972496921 0.066246135368696238 -0.086029473930954323 0.052176694704544974 -0.03942279008374576 -0.0068330775517971808 -0.068992298001042909 -0.060222796767953585 0.039659487226214131 0.051399557421920851 -0.065098309156440201 -0.073848848553993318 0.011446103482695745 0.039956488489918708 0.040194018365106769 0.046936875494557731 -0.021279384671728289 -0.0047751171765379706 -0.016468905031563334 -0.064704922519472172 -0.026706831338036849 -0.028014794134479364 -0.062579430206697262 -0.06848801802661815 0.064452241771910959 -0.064132974684835115
leaf_weight=3.972051713615655 1.5652218386530905 2.1453507188707581 3.9913721978664407 4.5144644118845525 3.7124379519373152 2.0121467579156151 2.439946211874485 3.2923414446413517 3.0631887540221205 1.5339333675801756 1.5363503769040114 2.1148919276893148 3.97439320385456 3.5120571032166472 3.3919725269079182 5.134605899453164 1.3474560584872959 1.304822528734803 1.5334261171519759 1.0147734228521583 0.92994376644492138 0.99045388028025638 1.8308440297842024 2.131576232612133 0.88054120168089878
leaf_count=32 20 27 28 28 37 28 32 27 23 31 16 17 26 25 19 31 17 12 31 13 15 28 21 36 17
internal_value=-0.000351141 -0.0109832 -0.00351505 0.0170497 -0.00996677 0.00557903 -0.0132852 0.000999016 -0.0236097 0.00570608 -0.0394092 -0.0269457 0.00837613 0.000793703 -0.00981712 0.00585784 -0.0525275 -0.0578925 -0.0662366 -0.0495729 -0.0511018 -0.068211 -0.0658712 0.0652118 -0.0633106
internal_weight=63.8706 39.6463 33.6053 24.2243 29.6332 13.8507 9.85933 7.84718 15.7825 5.52707 10.2554 4.55484 20.5275 16.5531 13.041 8.52658 6.04101 6.54301 4.69355 2.5482 2.46388 5.23819 3.70184 3.6968 1.871
internal_count=637 452 364 185 332 132 104 76 200 69 131 49 129 103 78 50 88 94 71 44 46 82 66 56 45
cat_boundaries=0 1
cat_threshold=2
is_linear=0
shrinkage=0.06


Tree=48
num_leaves=27
num_cat=2
split_feature=2 3 0 0 7 11 2 9 9 6 0 8 2 3 17 1 13 0 6 9 18 12 11 0 1 0
split_gain=3.18427 2.61851 2.2087 2.06874 1.81703 3.64532 2.67753 2.04463 2.08373 2.34413 2.42867 2.5494 1.78793 1.52006 1.49772 1.78782 1.42641 1.2236 1.42033 1.0965 0.573559 0.399699 0.303454 0.0204412 0.00983909 0.00690987
threshold=1.4093499500000002 6.4050000000000011 9.9949999000000016 9.6750002000000013 0 6.3850000000000007 1.9713000000000001 11.750000000000002 18.550000000000004 14.750000000000002 6.6250000000000009 360.19999500000006 2.0693000500000003 27.000000000000004 6.2500000000000009 61.500000000000007 4.5050001000000011 7.2049999000000007 11.775 20.349999500000003 1 4.4749999000000011 6.4049999500000006 6.2249999000000011 70.500000000000014 5.0050001000000011
decision_type=10 8 10 8 9 10 10 8 10 8 10 10 10 8 8 10 10 10 10 8 9 8 10 10 8 10
left_child=17 12 3 4 7 14 -7 -3 9 10 11 13 21 22 15 19 -10 18 -1 -6 -8 -2 24 25 -9 -23
right_child=1 2 -4 -5 5 6 20 8 16 -11 -12 -13 -14 -15 -16 -17 -18 -19 -20 -21 -22 23 -24 -25 -26 -27
leaf_value=0.04451427374511277 -0.027331877866158073 -0.064086252920607906 0.055617047791862127 -0.050889610398933319 0.015315221612355774 0.014712015115821438 -0.022555490530108097 -0.063362893155725561 -0.07238777523013569 -0.049426492323768813 0.055905747548709021 0.06458581145139676 0.01194552016153603 0.025381588469369491 0.065593854659714207 -0.01548761745582271 -0.011024018681531328 0.067211549011556612 -0.014892773772174616 0.070332112792544393 -0.063774988393752133 -0.069483791887512719 -0.025647456193493165 -0.074495861950858916 -0.072083216108224754 -0.06239209631125011
leaf_weight=3.2859339676797372 1.022933268919586 2.5194780007004764 2.3658698499202719 3.1330984923988572 2.75428606569767 5.3233794979751092 2.0950217545032501 1.0814242865890265 2.3135382346808901 2.0883613768965015 4.0697658583521843 1.4087474457919595 1.6521571967750786 1.2828115299344061 3.6788265369832525 3.2150052152574062 3.3216655813157558 2.6845674961805344 2.5914330407977104 2.4769285172224045 2.8940596096217632 0.89566540159285146 0.95425220392644394 1.7142411135137079 0.81821515038609516 1.1046493854373691
leaf_count=26 20 33 21 31 26 38 25 26 27 20 28 12 23 8 25 27 38 36 17 18 23 10 16 15 14 34
internal_value=-0.000352402 -0.00572533 -0.000902629 -0.00384609 -0.000361299 0.0113382 -0.0148854 -0.0135803 -0.00624139 0.00819168 0.020706 -0.00512691 -0.0417992 -0.0288675 0.0336416 0.0197245 -0.036217 0.0336503 0.0183207 0.0413652 -0.046466 -0.0605422 -0.0532522 -0.0696879 -0.0671189 -0.0655675
internal_weight=62.7463 54.1844 47.7947 45.4289 42.2958 22.4375 10.3125 19.8583 17.3388 11.7036 9.61522 5.54545 6.38965 4.1367 12.125 8.44622 5.6352 8.56193 5.87737 5.23121 4.98908 4.73749 2.85389 3.71456 1.89964 2.00031
internal_count=637 558 456 435 404 182 86 222 189 124 104 76 102 64 96 71 65 79 43 44 48 79 56 59 40 44
cat_boundaries=0 1 2
cat_threshold=2 2
is_linear=0
shrinkage=0.06


Tree=49
num_leaves=26
num_cat=3
split_feature=2 0 1 15 9 3 12 1 7 11 9 4 1 15 14 0 6 5 10 10 0 11 6 1 8
split_gain=2.88775 2.46508 2.67324 2.27753 2.17489 2.7075 1.97283 2.19698 2.43438 2.6856 1.93943 1.76205 1.72382 1.66751 1.55379 1.19763 1.28203 1.0425 0.764114 0.617963 0.0473206 0.0141056 0.00550876 0.00111395 0.000536532
threshold=1.4093499500000002 6.0400002000000006 82.500000000000014 75.500000000000014 14.750000000000002 18.675000000000004 4.7600000000000007 72.500000000000014 0 4.5750000500000008 16.250000000000004 1 56.500000000000007 76.500000000000014 2 7.2049999000000007 11.775 6.9649999000000014 1.3650000000000004 0.86500000500000007 4.3250000500000008 5.3350000500000005 11.705000000000002 62.500000000000007 38.100000500000007
decision_type=10 10 8 2 8 8 10 10 9 10 10 9 8 2 9 10 10 10 10 10 10 10 10 10 10
left_child=15 6 3 10 -5 -6 19 8 9 -8 14 17 -10 -4 -3 16 -1 -12 21 -2 -21 -11 -9 -22 -23
right_child=1 2 13 4 5 -7 7 22 12 18 11 -13 -14 -15 -16 -17 -18 -19 -20 20 23 24 -24 -25 -26
leaf_value=0.042681640131019501 -0.01386953756959273 -8.2954144477424374e-05 0.015448350513036852 -0.065462436017995201 -0.0390452916162169 0.033757107024441547 0.046589116994725975 -0.069725301332042078 -0.012162143874284883 -0.07187393769015725 -0.0061339171654314732 0.018318316699931878 0.05586166344710615 0.080100328880841468 0.04977486826466828 0.066767789688278373 -0.013988547341609496 -0.060574193485505474 -0.0059232505711632579 -0.079130953068982254 -0.065626476764942515 -0.064105555416378426 -0.063740493706376758 -0.06301332399401155 -0.06226456347401662
leaf_weight=3.2233616597950441 0.90545617230236786 3.9281472805887461 3.8302752897143355 3.397223433479664 4.2560086548328409 3.2381962761282921 1.296446058899164 1.0841959398239844 2.3218806497752649 0.98396500758826766 2.4545118734240532 4.2030620947480184 3.1750690676271915 2.2977080494165421 5.2680459134280735 2.5445224568247795 2.5933464840054512 2.6158617660403252 0.99740839563310135 1.1900466773658993 1.3438886608928444 1.2989214248955252 1.131521977484226 1.0430932156741617 1.0153914764523504
leaf_count=26 15 32 38 27 38 24 15 13 24 16 17 28 27 18 39 36 17 26 12 14 24 25 27 27 32
internal_value=-0.000347757 -0.00549265 0.00364442 -0.00387866 -0.0256399 -0.00758786 -0.0237229 -0.0121245 -0.00122593 -0.029098 0.00895383 -0.0104078 0.0271288 0.0396898 0.0284781 0.0324346 0.0174156 -0.0342203 -0.0519406 -0.0581488 -0.0693573 -0.0658563 -0.066669 -0.0644845 -0.0632978
internal_weight=61.6376 53.2763 35.489 29.3611 10.8914 7.4942 17.7873 13.3048 11.0891 5.59213 18.4696 9.27344 5.49695 6.12798 9.19619 8.36123 5.81671 5.07037 4.29569 4.48248 3.57703 3.29828 2.21572 2.38698 2.31431
internal_count=637 558 287 231 89 62 271 191 151 100 142 71 51 56 71 79 43 43 85 80 65 73 40 51 57
cat_boundaries=0 1 2 3
cat_threshold=2 2 2
is_linear=0
shrinkage=0.06


Tree=50
num_leaves=25
num_cat=1
split_feature=1 12 11 11 16 15 10 10 2 9 1 4 3 12 12 10 0 9 6 8 11 3 3 10
split_gain=2.70333 3.16381 2.54406 1.99773 1.77551 2.03362 2.11807 1.82702 2.29876 2.66256 2.05165 2.1219 1.88412 1.99331 2.69167 2.66511 2.54013 1.50484 0.829288 0.697887 0.495708 0.453013 0.219013 0.00540312
threshold=44.500000000000007 6.520000200000001 5.1050000000000013 5.8650000000000011 8.8850002000000021 65.500000000000014 1.2750000000000001 1.0250000000000001 1.6225000000000003 10.65 59.500000000000007 0 6.9549999000000007 4.7149999000000014 5.0350001000000004 1.135 8.1150002500000031 15.250000000000002 10.935 23.650000500000004 6.3950000000000005 7.5450001000000011 15.630000000000001 1.3049999500000002
decision_type=10 10 10 10 10 2 8 10 10 8 8 9 8 10 8 10 8 8 10 10 8 10 8 10
left_child=1 2 -1 -4 5 6 17 10 -9 -10 -7 19 23 21 -15 -16 18 -2 -17 -12 -3 -14 -20 -11
right_child=4 20 3 -5 -6 7 -8 8 9 12 11 -13 13 14 15 16 -18 -19 22 -21 -22 -23 -24 -25
leaf_value=0.037609727040952078 0.033504023847494346 0.037602530381369917 -0.069448326111651679 0.00239817085072474 -0.062416267330420015 -0.070441773711338154 0.058610089231522979 0.044147040685926106 0.069394200448192236 -0.063318356697121825 -0.019943440827852137 0.019020748290736505 -0.026156911887704856 0.064608013008768173 0.033980839312585429 -0.014595952261680622 0.017431913659901738 -0.044391295031502964 -0.050284170884759061 -0.068771703750305391 0.073257183453901989 -0.071576156928425491 -0.078196658925280493 -0.069187964957052525
leaf_weight=4.0525304339826089 1.6899504791945212 2.5843364112079135 2.1986156962811947 3.8035111911594868 2.0479424111545077 3.3420842345803949 3.370756134390831 3.3760811798274544 1.4486737363040472 1.3243865091353684 2.1975589133799076 3.6693174224346885 1.4420044925063877 2.0728710591793034 3.6170738339424142 1.6253459714353056 2.9942318499088296 1.8928748238831756 1.8821072969585655 2.0245977342128754 3.0729465261101723 1.7499344199895857 2.1889748871326447 0.9841082990169524
leaf_count=35 18 33 18 38 20 39 25 26 11 37 27 32 16 19 34 14 17 25 24 36 36 24 21 12
internal_value=-0.000347427 0.0210756 0.000879777 -0.0239196 -0.00783721 -0.00523131 0.0244699 -0.0109779 -0.00185578 -0.00913714 -0.0310401 -0.0143533 -0.0148595 -0.00816476 0.00135573 -0.00929723 -0.0273097 -0.00764956 -0.0508273 -0.0433574 0.0569696 -0.0510574 -0.0652924 -0.0658206
internal_weight=60.6528 15.7119 10.0547 6.00213 44.9409 42.8929 6.95358 35.9394 24.7058 21.3297 11.2336 7.89147 19.881 17.5725 14.3806 12.3077 8.69066 3.58283 5.69643 4.22216 5.65728 3.19194 4.07108 2.30849
internal_count=637 160 91 56 477 457 68 389 255 229 134 95 218 169 129 110 76 43 59 63 69 40 45 49
cat_boundaries=0 1
cat_threshold=2
is_linear=0
shrinkage=0.06


Tree=51
num_leaves=28
num_cat=2
split_feature=0 1 6 1 16 2 13 2 9 5 6 8 9 16 8 1 4 15 12 1 3 10 19 2 0 1 12
split_gain=2.59782 2.75789 2.62956 2.51166 1.51045 1.95039 1.70437 1.5082 1.48751 2.8841 2.10726 3.39028 1.75679 2.15291 1.44513 1.20588 1.1346 0.813518 0.443386 0.25992 0.252095 0.213542 0.0178703 0.0101146 0.00314839 0.00228328 0.000188468
threshold=7.2349999000000009 39.500000000000007 13.145000000000001 23.500000000000004 6.9549999000000007 1.9853500000000002 4.2850001000000004 2.0572500500000008 12.450000000000001 6.5600002000000011 12.185 63.549999000000007 11.350000000000003 5.9049999500000006 570.25000000000011 49.500000000000007 0 78.500000000000014 6.565000050000001 49.500000000000007 5.0899999000000014 1.1150000000000004 1 2.1339500000000005 6.065000050000001 1.0000000180025095e-35 7.0250001000000006
decision_type=10 10 10 10 8 10 8 8 10 8 10 8 8 10 8 8 9 2 10 10 8 8 9 8 10 10 10
left_child=2 25 3 -1 6 -6 -3 -8 9 -5 14 -12 -11 16 17 -4 -14 20 19 -17 -10 -13 24 -21 -22 26 -2
right_child=1 4 15 8 5 -7 7 -9 10 12 11 21 13 -15 -16 18 -18 -19 -20 23 22 -23 -24 -25 -26 -27 -28
leaf_value=0.04257073542754751 0.064301407820297696 0.024500052591969728 0.009268559073026655 0.04890036673784507 0.053152520161652637 -0.0049895649490161263 -0.046855848098886772 0.0057898832881470271 -0.033209412779780588 -0.067647229514991955 0.048188035141570662 -0.027125182768973119 -0.059052071838182549 0.035916010309620494 0.005318166765524629 -0.10520753872832496 0.0047867298117232364 -0.015156387022799088 -0.034641944852837912 -0.062486927915192836 -0.064390130125470096 -0.065145665240073494 -0.073703480624541656 -0.07138267274347701 -0.068232150353038812 0.067044267727829884 0.063181407635827441
leaf_weight=3.662640584632757 1.2194897234439883 4.0859074369072923 0.95288625173270602 3.736890174448491 4.4890904910862428 3.8655543848872185 4.3622041977941999 3.5559082105755806 0.83658838085829934 1.7559192348271597 3.0211364589631549 0.8964826334267858 2.1953207813203335 3.2105892542749643 1.934542270377279 0.90752784907817918 1.844184888526798 1.5957927443087099 1.1560748908668754 1.1126183271408077 1.6961615588515999 1.3073235359042881 1.7573314439505336 0.78462565876543533 1.4029492214322088 1.2187733091413973 0.97199551947414864
leaf_count=32 21 26 11 27 30 26 30 26 13 28 23 19 32 27 22 4 16 22 20 34 35 27 21 12 16 15 22
internal_value=-0.000348414 0.0150262 -0.0105654 -0.00407311 0.00666141 0.0262512 -0.00697279 -0.0232134 -0.010356 0.00458711 -0.0235353 0.00690896 -0.0137999 -0.000758482 -0.0407817 -0.0513313 -0.0299073 -0.0530172 -0.0659102 -0.0787984 -0.0636298 -0.0496794 -0.0688701 -0.0661659 -0.0661294 0.0649624 0.0638047
internal_weight=59.5365 23.7689 35.7676 30.8539 20.3587 8.35464 12.004 7.91811 27.1912 12.7429 14.4483 5.22494 9.00601 7.25009 9.22337 4.91373 4.03951 7.28882 3.96085 2.80477 5.69303 2.20381 4.85644 1.89724 3.09911 3.41026 2.19149
internal_count=637 196 441 360 138 56 82 56 328 130 198 69 103 75 129 81 48 107 70 50 85 46 72 46 51 58 43
cat_boundaries=0 1 2
cat_threshold=2 2
is_linear=0
shrinkage=0.06


Tree=52
num_leaves=27
num_cat=1
split_feature=7 0 0 2 0 11 15 9 9 8 16 1 11 8 10 3 8 16 13 1 1 0 2 13 6 8
split_gain=2.51352 2.56404 2.22915 2.76598 2.48411 2.1312 1.93986 1.79674 2.57989 1.84776 1.66724 1.91226 1.59157 1.54014 1.2433 1.06377 1.04336 0.731131 0.203052 0.38401 0.0667664 0.00791011 0.00311041 0.00112569 0.000181808 5.29326e-05
threshold=0 5.9849999000000009 7.7850001000000004 1.7124500000000002 7.5250001000000006 4.9549999000000007 81.500000000000014 11.750000000000002 25.600000500000004 58.799999000000007 7.7400000000000011 59.500000000000007 5.9749999000000011 50.149999500000007 1.0250000000000001 3.2250000500000007 23.650000500000004 6.4049999500000006 4.5250001000000006 54.500000000000007 35.500000000000007 6.549999950000001 1.6916000000000002 4.7650001000000008 11.220000000000002 54.899999500000007
decision_type=9 8 10 10 8 10 2 8 8 8 10 10 10 8 10 10 8 10 10 10 10 10 10 10 8 8
left_child=1 6 3 14 7 16 15 -5 9 -9 11 12 -7 -4 -2 -1 -3 -13 20 -20 -17 -11 -22 -21 -24 -26
right_child=2 5 13 4 -6 10 -8 8 -10 21 -12 17 -14 -15 -16 18 -18 -19 19 23 22 -23 24 -25 25 -27
leaf_value=-0.0075434052818229812 0.0069595180964296512 -0.00013229821342207595 0.071368111727510911 0.047818691108204608 -0.06707915331823322 -0.033349060765534982 0.035720483341414484 -0.0061242262225720276 0.026516413231521402 -0.064741294460952656 -0.033519317170534871 0.024855571233475073 0.024323149199986439 0.015955082136503707 0.064141311342854085 -0.081388299555069515 -0.054087002477317014 0.071123851396196591 -0.014705632384069413 -0.065485057459926166 -0.066772418747008164 -0.070948094030279477 -0.063166112266945809 -0.062283617466964675 -0.062378990275438584 -0.061606420686925289
leaf_weight=1.7779541648924366 2.4356789477169576 2.1325640492141273 3.2758632749319068 2.3270231056958446 2.3424976728856555 2.9189047478139383 1.1130019426345814 4.2482715696096411 4.3768016472458848 1.8124046009033921 2.4716166891157618 2.328433234244585 4.2032867483794689 4.0233768373727798 3.1253204569220543 1.0368417613208292 3.2667554747313261 2.605110052973032 0.88370506465435061 0.86483688093721844 0.84917381592094932 1.248286038637161 0.83286945335567031 0.72842307016253471 0.70393866486847367 0.58424114715307962
leaf_count=21 18 19 39 18 20 29 11 38 32 35 23 22 33 33 29 8 35 18 18 17 15 15 21 24 21 25
internal_value=-0.000347555 -0.0127644 0.0121059 0.00254124 -0.00988786 -0.000590345 -0.0386405 -0.000327275 -0.00991473 -0.0317307 0.0113722 0.0205756 0.00068721 0.0408242 0.0390961 -0.048658 -0.0327766 0.0492871 -0.0599318 -0.046427 -0.0682797 -0.0672727 -0.0637038 -0.0640214 -0.0624753 -0.0620286
internal_weight=58.5172 29.3017 29.2155 21.9163 16.3553 19.9267 9.37499 14.0128 11.6858 7.30896 14.5274 12.0557 7.12219 7.29924 5.561 8.26198 5.39932 4.93354 6.48403 2.47697 4.00706 3.06069 2.97022 1.59326 2.12105 1.28818
internal_count=637 360 277 205 158 179 181 138 120 88 125 102 62 72 47 170 54 40 149 59 90 50 82 41 67 46
cat_boundaries=0 1
cat_threshold=2
is_linear=0
shrinkage=0.06


Tree=53
num_leaves=26
num_cat=2
split_feature=2 0 7 11 2 15 12 12 19 10 15 9 2 11 3 0 10 8 5 1 8 11 5 5 2
split_gain=2.4457 2.1706 1.97857 1.86802 2.70606 1.75616 1.74863 1.67943 2.64418 2.04353 1.63433 1.81581 1.59719 1.52117 1.28546 1.23678 1.02948 1.02898 0.819383 0.653245 0.531309 0.237968 0.204285 0.0812385 0.0148213
threshold=1.4093499500000002 9.9949999000000016 0 6.4349999500000008 1.8695500000000003 74.500000000000014 4.5450000500000014 8.2899999500000003 1 0.99500000500000019 77.500000000000014 8.849999900000002 1.8438500000000002 6.6600001000000004 13.15 6.7249999000000011 0.97500002500000005 20.800000500000003 7.6949999500000006 65.500000000000014 141.29999500000002 7.6600001000000004 7.2049999000000007 5.4199998000000003 2.1203000500000004
decision_type=10 10 9 10 10 2 10 10 9 10 2 10 10 10 8 10 10 8 8 8 8 8 10 10 10
left_child=16 2 7 6 -5 15 -4 8 20 17 11 -11 -8 19 -14 -6 -1 -10 -18 24 21 22 -2 -19 -13
right_child=1 -3 3 4 5 -7 12 -9 9 10 -12 13 14 -15 -16 -17 18 23 -20 -21 -22 -23 -24 -25 -26
leaf_value=-0.0016198755530939953 -0.074667043568044641 0.053933216736544262 -0.022781024257059128 0.033099590474774711 -0.048771357602652603 -0.074127001826821484 -0.0088037343269710029 0.033238273344718065 -0.0071117055606560245 0.038967294803754035 0.031825158196815591 -0.065423167063772408 0.019685100631598514 0.01095057734161119 0.067348928220786072 0.014716666094927663 0.024291707513889656 -0.084083135726185421 0.071780362933552153 -0.018777456389551896 -0.028741274247960989 -0.089276415126316747 -0.042551803314106136 -0.062531709605113936 -0.074423401101361877
leaf_weight=2.3620119094848624 1.5362491467967641 2.1407174672931424 2.920947894454005 2.9389015268534404 1.9349332116544244 2.6425716951489449 2.9025159832090131 1.9498576447367657 1.3893027175217909 1.7278308719396571 3.9656098429113626 1.4935864638537171 4.1595270670950386 2.0919047836214304 3.9918040875345477 2.5741431415081024 2.8547547552734613 1.0231012776494028 2.4141191709786654 1.3983664242550728 1.5247096884995697 1.4967849738895891 1.3306701853871343 1.637423883192241 1.1783635169267652
leaf_count=18 20 21 36 19 26 22 26 22 18 17 39 29 36 24 34 21 35 10 26 25 25 15 25 35 13
internal_value=-0.000342097 -0.0051753 -0.00782196 0.00430217 -0.0153704 -0.0352887 0.0185068 -0.0201103 -0.0248833 -0.0121672 0.000402498 -0.0153908 0.029417 -0.0306323 0.0430266 -0.0125273 0.0312948 -0.0489643 0.0460503 -0.0520035 -0.0592314 -0.0698849 -0.0597609 -0.0708193 -0.0693924
internal_weight=57.5807 49.9498 47.8091 24.0653 10.0905 7.15165 13.9748 23.7438 21.7939 15.9055 11.8557 7.89005 11.0538 6.16222 8.15133 4.50908 7.63089 4.04983 5.26887 4.07032 5.88841 4.3637 2.86692 2.66053 2.67195
internal_count=637 558 537 220 88 69 132 317 295 210 147 108 96 91 70 47 79 63 61 67 85 60 45 45 42
cat_boundaries=0 1 2
cat_threshold=2 1
is_linear=0
shrinkage=0.06


Tree=54
num_leaves=25
num_cat=2
split_feature=15 0 7 9 5 8 2 2 0 0 3 11 11 12 0 12 8 9 1 2 4 16 2 2
split_gain=2.28714 2.27803 2.45233 2.40531 2.15601 2.07308 2.19061 1.86599 1.79786 1.72685 1.85377 1.65023 1.77075 1.76249 1.9951 1.63885 0.984872 0.600354 0.23425 0.00870184 0.00064558 0.000120729 9.59753e-05 7.40942e-05
threshold=84.500000000000014 9.9949999000000016 0 12.050000000000002 6.8750000000000009 58.799999000000007 2.0595500500000004 2.0893000500000007 6.0950000500000012 5.8350000500000005 3.2250000500000007 5.0950000500000012 7.9299998 6.565000050000001 6.424999950000001 6.065000050000001 34.100000500000007 16.849999500000003 29.500000000000004 1.6005000000000003 1 5.7650001000000008 1.8904000000000003 2.0951500000000007
decision_type=2 10 9 10 8 10 10 8 10 8 10 8 8 10 10 10 10 10 10 10 9 10 10 10
left_child=1 2 9 4 -4 6 15 17 -6 10 -1 -11 13 14 -13 -5 -14 -7 -12 -20 21 -21 -23 -24
right_child=-2 -3 3 5 8 7 -8 -9 -10 11 18 12 16 -15 -16 -17 -18 -19 19 20 -22 22 23 -25
leaf_value=0.010459755267363776 0.052701632114419548 0.054133783722368177 0.06855161146474216 0.053593053617576637 -0.024483187342488527 -0.077249832027245641 -0.039730376566458565 0.0099689245145049964 0.039761436286825956 -0.048381871342489072 -0.031248029276205701 0.0372100269092542 0.0022962569448133556 0.042122834982306873 -0.036953721254275089 -0.0024432784746383019 -0.054801328139188824 -0.031655344952134658 -0.068766563765140634 -0.061764491099180405 -0.06417417680768632 -0.063123348933408416 -0.061842595427499925 -0.062745702599168451
leaf_weight=1.8095817118883157 2.7831445634365073 2.394396547228097 3.4841115027666101 3.8575793989002722 2.9445280041545638 2.3359279651194802 2.3815554138273001 2.3298506624996662 3.3547572121024132 3.1008483972400454 0.92814505100250233 2.1121673192828858 1.8425686452537782 4.4366819988936186 3.4204968065023422 3.6630158275365829 2.6540489513427019 1.8734615743160246 1.1066084057092664 0.95904204156249795 0.87183032371103797 0.74530898872762952 0.68989414814859606 0.62182056158781052
leaf_count=19 25 27 30 31 29 27 23 29 27 37 5 21 19 36 35 35 25 22 13 39 19 21 26 17
internal_value=-0.000338077 -0.00307587 -0.0057345 0.00712229 0.0306785 -0.00689476 0.0104189 -0.0331123 0.00973103 -0.0190617 -0.0426894 -0.00866178 -0.000147592 0.0139507 -0.00864073 0.0262997 -0.0314046 -0.0569572 -0.0589283 -0.0640723 -0.0627361 -0.0623204 -0.0625796 -0.0622707
internal_weight=56.7014 53.9182 51.5238 26.2248 9.7834 16.4414 9.90215 6.53924 6.29929 25.299 7.73223 17.5668 14.466 9.96935 5.53266 7.5206 4.49662 4.20939 5.92265 4.9945 3.8879 3.01607 2.05702 1.31171
internal_count=637 612 585 253 86 167 89 78 56 332 159 173 136 92 56 66 44 49 140 135 122 103 64 43
cat_boundaries=0 1 2
cat_threshold=2 2
is_linear=0
shrinkage=0.06


Tree=55
num_leaves=26
num_cat=0
split_feature=2 3 1 12 16 0 6 6 8 9 3 2 11 16 5 6 12 10 15 9 11 12 10 1 3
split_gain=2.20146 1.99642 1.74564 3.00137 2.28749 1.856 1.68212 3.56704 2.22111 2.2422 1.66118 1.58962 1.5106 2.40338 1.46815 1.30752 1.25067 1.03256 0.915055 0.811782 0.509915 0.394871 0.199507 0.0162797 0.00277424
threshold=1.4093499500000002 6.4050000000000011 44.500000000000007 4.5950000500000012 8.4949999000000016 5.6849999500000008 10.595000000000001 12.125000000000002 63.549999000000007 37.200001000000007 14.145000000000001 2.0693000500000003 6.6450000000000005 6.2249999000000011 7.2550001000000011 13.295000000000002 6.065000050000001 0.95499998500000005 78.500000000000014 17.050000000000004 6.0450001000000011 4.4149999500000012 1.0050000000000001 50.500000000000007 4.7149999000000014
decision_type=10 8 10 10 10 10 8 8 8 8 8 10 10 10 10 8 10 10 2 8 8 10 10 10 10
left_child=17 11 5 18 6 -3 -5 12 10 15 -9 21 13 -8 20 -10 -12 -1 22 -19 -7 -2 -4 -23 -25
right_child=1 2 3 4 -6 14 7 8 9 -11 16 -13 -14 -15 -16 -17 -18 19 -20 -21 -22 23 -24 24 -26
leaf_value=-0.0072294760609309464 -0.021537739557513199 -0.025271524717766478 -0.043370783619539242 0.044729559774106323 -0.053968093259634982 0.033125781496343952 -0.069523487632648748 -0.0033476463236160334 -0.076578501485498177 0.03476423020786909 0.082930161963386609 0.014014092011535119 -0.076755465736975587 0.027291355413967756 0.0019528707821088412 -0.010651885102379133 0.027835925804342156 0.021913209313831731 -0.010762750014546822 0.068492295836435249 0.075367124755243098 -0.073850800173076422 -0.072418042570985705 -0.062242360197714314 -0.066926026344366771
leaf_weight=1.9459682218730439 0.80694592278450672 2.2063885293900949 1.2564462628215545 3.5474438443780008 2.4802404008805743 1.6691487953066824 1.6478961324319272 2.7055187504738578 1.6690722228959192 2.6879121754318476 2.761175688356162 1.4720594696700571 2.3377209082245827 2.0986679773777723 2.5681807622313499 3.0842682085931301 3.2051058150827885 2.8751228414475918 1.744417857378721 2.5342630222439766 2.6815942842513323 1.2608299590647223 2.6394593250006437 0.75809437409043301 1.1397675517946479
leaf_count=14 18 18 21 29 26 18 27 32 23 23 20 23 29 21 30 30 24 31 23 34 26 14 36 26 21
internal_value=-0.000332718 -0.00497792 -0.000645334 -0.0069214 0.00106347 0.0226461 0.00636519 0.000234025 0.0150139 -0.00903411 0.0356494 -0.0392315 -0.0389076 -0.0152919 0.0379266 -0.0338011 0.0533334 0.0302517 -0.0468789 0.0437352 0.0591614 -0.0589965 -0.0630502 -0.068566 -0.0650552
internal_weight=55.7837 48.4284 42.9907 33.8653 28.225 9.12531 25.7448 22.1973 16.1131 7.44125 8.6718 5.4377 6.08429 3.74656 6.91892 4.75334 5.96628 7.35535 5.64032 5.40939 4.35074 3.96564 3.89591 3.15869 1.89786
internal_count=637 558 456 364 284 92 258 229 152 76 76 102 77 48 74 53 44 79 80 65 44 79 57 61 47
is_linear=0
shrinkage=0.06


Tree=56
num_leaves=26
num_cat=3
split_feature=0 6 1 1 8 6 6 4 9 15 3 10 16 2 13 16 3 4 1 2 9 1 0 6 14
split_gain=2.08948 2.644 2.17321 1.62726 1.5011 1.98594 2.71417 1.85367 1.48325 1.61126 1.29853 1.05113 0.970484 1.36047 1.55412 1.33921 0.420268 0.238077 0.0277354 0.0230613 0.00363931 0.00194913 0.000728544 0.000172336 5.19602e-05
threshold=7.315000050000001 13.750000000000002 82.500000000000014 23.500000000000004 63.549999000000007 12.145000000000001 11.310000000000002 0 7.7500000000000009 78.500000000000014 9.9200001000000011 1.1950000500000002 6.9399998000000007 2.2136500000000008 4.3050000500000012 8.1050000500000028 25.464999000000002 1 50.500000000000007 2.2923499500000006 16.750000000000004 48.500000000000007 6.1250000000000009 11.155000000000003 2
decision_type=10 10 8 10 10 10 10 9 10 2 10 8 8 8 10 8 8 9 10 8 8 10 10 8 9
left_child=1 3 12 -1 5 6 7 10 -6 16 -5 -7 13 14 -2 -14 19 -4 -3 21 -8 -10 23 -23 -25
right_child=2 18 17 4 8 11 20 -9 9 -11 -12 -13 15 -15 -16 -17 -18 -19 -20 -21 -22 22 -24 24 -26
leaf_value=0.031828995442010621 0.016267317911783499 -0.077076616891618224 0.036224424977329278 -0.056737100673013671 0.008072374651762278 0.049899612283911245 -0.06477161817099189 0.030351086143238129 -0.066200052269142495 -0.00050719409246097798 0.014382506340142093 -0.0041227636855880974 0.056860103721478462 0.032904779606722563 -0.039179418219155701 0.0025306997891721499 -0.021543694782586102 0.068086529706771926 -0.064130104961317644 -0.074659754956908644 -0.06927217120400507 -0.063024490481926182 -0.064249187913316574 -0.062199910271774357 -0.061395840000514318
leaf_weight=3.8263540770858553 2.9111050516367003 1.0171356089413159 1.3207106497138739 2.213886209763587 3.1586447563022366 3.6135228835046282 1.3045984320342534 4.3370788022875839 0.88866059295832966 2.5117791369557381 1.5865532383322714 2.022248387336731 2.6167399287223807 2.4476665295660505 4.8547359090298414 4.3462811410427094 0.92922626063227642 2.3402031790465108 1.4377541206777094 0.85282888542860735 1.2829012144356964 0.68986451532691728 1.053329801186919 0.62490043230354786 0.53877219092100859
leaf_count=36 20 10 18 36 32 32 27 31 16 36 14 23 18 19 38 33 10 39 37 8 17 19 20 22 26
internal_value=-0.000330797 -0.00952372 0.0146206 -0.0048404 -0.00992248 0.00167779 -0.0134756 0.00354459 -0.0267956 -0.0404105 -0.0270471 0.0305151 0.00567503 -0.00610074 -0.0183946 0.022948 -0.0583804 0.056592 -0.0694942 -0.0657442 -0.067003 -0.0637409 -0.0629891 -0.0622731 -0.0618276
internal_weight=54.7275 33.89 20.8374 31.4351 27.6088 16.3608 10.725 8.13752 11.248 8.08936 3.80044 5.63577 17.1765 10.2135 7.76584 6.96302 5.57758 3.66091 2.45489 4.64836 2.5875 3.79553 2.90687 1.85354 1.16367
internal_count=637 452 185 405 369 180 125 81 189 157 50 55 128 77 58 51 121 57 47 111 44 103 87 67 48
cat_boundaries=0 1 2 3
cat_threshold=2 2 4
is_linear=0
shrinkage=0.06


Tree=57
num_leaves=28
num_cat=1
split_feature=2 3 1 12 16 0 0 6 6 8 9 9 3 2 5 6 15 0 9 1 8 11 10 0 1 0 7
split_gain=1.98475 1.74529 1.54115 2.67481 2.03889 1.69021 1.64252 1.84161 3.06107 1.59068 2.06799 2.05345 2.67012 1.50541 1.34679 1.25171 1.08646 0.965188 1.12152 0.960846 0.57926 0.442916 0.196981 0.0452935 0.0159824 0.00348065 0.000670627
threshold=1.4093499500000002 6.4050000000000011 44.500000000000007 4.5950000500000012 8.4949999000000016 5.6849999500000008 4.815000050000001 12.125000000000002 10.635000000000002 63.549999000000007 36.049999000000007 13.350000000000003 14.645000000000001 2.0693000500000003 7.2550001000000011 13.295000000000002 79.500000000000014 7.2049999000000007 12.550000000000002 64.500000000000014 1.0000000180025095e-35 6.3100002000000011 1.0050000000000001 6.9799998000000008 49.500000000000007 6.8750000000000009 0
decision_type=10 8 10 10 10 10 10 8 10 8 8 8 8 10 10 8 2 10 10 10 10 8 10 10 10 10 9
left_child=17 13 5 16 6 -3 -5 8 -8 11 15 -9 -13 20 21 -11 22 18 -1 23 -2 -7 -4 -10 -22 26 -26
right_child=1 2 3 4 -6 14 7 9 19 10 -12 12 -14 -15 -16 -17 -18 -19 -20 -21 24 -23 -24 -25 25 -27 -28
leaf_value=0.040430565380876846 0.0027219451653773198 -0.024446025146123873 -0.042705794388706066 0.058955670407839826 -0.052091069661702925 0.034182909872038252 0.029651353575193409 -0.021567755647882682 -0.064431925770071077 -0.075348017330620673 0.035613802557035813 -0.0066061525052112302 0.075898817800338719 0.014305426329304363 0.0018942254896956476 -0.0089031645855942431 -0.0020380105427154258 0.065255179451083528 -0.016490118535736894 -0.018799060712398702 -0.074009100857105034 0.074027290384785727 -0.071469803915455085 -0.079266474743138443 -0.062068908251165247 -0.06818814454659039 -0.064569738048686487
leaf_weight=2.8575528338551512 0.48984463512897436 2.1705449745058996 1.274145036004483 1.9402067698538363 2.3880762942135325 1.7121648024767635 2.667014708742502 2.0098036397248462 1.4972294811159375 1.5605200137943036 2.5615976992994547 2.1311247888952503 4.1855690442025661 1.437625342980027 2.5153283588588238 2.9503504382446408 1.505913723260164 1.9530037716031072 2.2098350040614605 2.1100813774392009 0.91976696252822909 2.4295292291790247 2.6185406222939491 1.4668882600963113 0.9370560348033905 0.69479408487677563 0.65645415335893653
leaf_count=23 6 18 23 15 26 19 24 19 33 23 22 26 30 23 30 29 19 36 20 27 11 25 38 10 39 8 15
internal_value=-0.000330902 -0.00479082 -0.000725683 -0.00670394 0.000884298 0.0215327 0.00592845 0.00148234 -0.0223907 0.0134836 -0.0074403 0.0312561 0.0480633 -0.037795 0.0365243 -0.0318895 -0.0453134 0.0294194 0.015608 -0.0497442 -0.0580499 0.0575557 -0.0620548 -0.0717733 -0.0673292 -0.0646443 -0.0630991
internal_weight=53.8506 46.8302 41.6946 32.8671 27.4685 8.82757 25.0804 23.1402 7.74121 15.399 7.07247 8.3265 6.31669 5.13554 6.65702 4.51087 5.3986 7.02039 5.06739 5.0742 3.69792 4.14169 3.89269 2.96412 3.20807 2.2883 1.59351
internal_count=637 558 456 364 284 92 258 243 94 149 74 75 56 102 74 52 80 79 43 70 79 44 61 43 73 62 54
cat_boundaries=0 1
cat_threshold=2
is_linear=0
shrinkage=0.06


Tree=58
num_leaves=27
num_cat=4
split_feature=15 0 7 11 2 4 14 2 15 0 3 15 11 8 6 11 13 13 10 0 1 2 4 8 16 6
split_gain=1.93622 1.90907 2.02414 2.00509 2.24169 1.5546 1.9716 1.69565 1.6539 1.45206 1.72616 1.43668 1.39586 1.56179 1.8671 2.09792 1.46578 1.19467 0.415643 0.600858 0.253751 0.00684261 0.000543997 0.000156577 0.000109762 1.76437e-05
threshold=84.500000000000014 9.9949999000000016 0 6.3100002000000011 1.8695500000000003 1 2 1.9701000000000002 72.500000000000014 5.8350000500000005 3.2250000500000007 74.500000000000014 5.0950000500000012 250.70000500000003 11.925000000000002 6.1949999500000006 4.7750001000000006 4.6450000000000005 1.0250000000000001 7.2049999000000007 29.500000000000004 1.5404500000000001 3 34.699998500000007 6.9399998000000007 11.585000000000003
decision_type=2 10 9 10 10 9 9 8 2 8 10 2 8 8 8 10 8 10 10 8 10 10 9 8 10 10
left_child=1 2 9 5 -5 6 -4 8 -7 10 -1 17 -11 14 -14 16 -16 -6 -9 -20 -12 -22 23 -23 25 -25
right_child=-2 -3 3 4 11 7 -8 18 -10 12 20 -13 13 -15 15 -17 -18 -19 19 -21 21 22 -24 24 -26 -27
leaf_value=0.011056913661934712 0.050320731041844306 0.052067314051252533 -0.055382999800928548 0.027906123499295828 -0.045830814125070327 0.043479335235791054 0.023843242105809369 0.079664003232585545 -0.026190272860041358 -0.046719707354185576 -0.028752263152584341 -0.071248703428852006 -0.069819102274770284 0.028867178729263039 0.013131058200851847 0.038011177957781812 -0.056008845448187829 0.017785439520483354 0.015409834051089921 0.068073100239211856 -0.068629060498558977 -0.062724976180013436 -0.063889699445148052 -0.06171576160465108 -0.062450536607611157 -0.061226638268966398
leaf_weight=1.7424016501754547 2.584407713264226 2.1736437492072573 1.883413041010499 3.0711253862827999 2.0685377214103937 2.4600424915552148 2.8297874880954623 1.9746177680790431 2.4466345477849245 2.8155506476759937 0.90088993310928334 2.394604941830039 1.7690608268603636 4.4515662007033834 1.9042688068002469 2.9587625060230494 2.6262003779411316 2.1855003200471401 1.4087670072913172 1.7472852822393177 0.82387690059840668 1.0558318533003332 0.85108702350407872 0.46153328195214249 0.59075377602130164 0.62504939083009958
leaf_count=19 25 27 20 30 26 20 34 14 21 37 5 22 21 39 26 27 23 24 19 23 9 32 20 19 20 35
internal_value=-0.000325971 -0.0029323 -0.00542047 0.00666772 -0.0144903 0.0206096 -0.00781587 0.0339573 0.00873972 -0.0179668 -0.0407617 -0.0340739 -0.00824011 -0.000337671 -0.0143799 -0.00128442 -0.0269476 -0.0131481 0.0580739 0.0445658 -0.0577684 -0.0636984 -0.0625651 -0.0621526 -0.0617923 -0.0614344
internal_weight=52.8052 50.2208 48.0471 24.4703 9.71977 14.7505 4.7132 10.0373 4.90668 23.5768 7.05142 6.64864 16.5254 13.7099 9.25829 7.48923 4.53047 4.25404 5.13067 3.15605 5.30902 4.40813 3.58426 2.73317 1.67734 1.08658
internal_count=637 612 585 253 102 151 54 97 41 332 159 72 173 136 97 76 49 50 56 42 140 135 126 106 74 54
cat_boundaries=0 1 2 3 4
cat_threshold=2 2 4 2
is_linear=0
shrinkage=0.06


Tree=59
num_leaves=25
num_cat=1
split_feature=1 8 0 15 3 14 13 0 5 2 2 9 3 9 11 8 8 8 13 17 11 0 2 0
split_gain=1.87693 1.97073 2.05628 1.78183 1.97326 1.75248 2.31396 2.05904 2.1997 1.97941 1.8331 1.52682 1.42533 1.70916 1.37061 1.28498 0.906488 0.868186 0.803908 0.206335 0.0652575 0.0369468 0.00786841 0.000619189
threshold=82.500000000000014 3.1499999500000002 5.7049999000000007 76.500000000000014 12.490000000000002 0 4.6450000000000005 8.1150002500000031 6.924999950000001 1.6225000000000003 1.9713000000000001 12.65 19.170000000000005 35.049999000000007 6.0899999000000014 192.15000000000003 24.050000500000003 7.1000001500000005 4.8050000500000012 9.5500002000000013 6.6450000000000005 7.2950001000000011 1.8904000000000003 6.1699998000000003
decision_type=8 8 10 2 8 9 10 10 8 10 8 10 8 8 10 8 8 10 10 8 8 10 10 10
left_child=5 -2 -3 4 -4 7 9 8 11 -7 15 -1 13 18 -13 20 -12 -10 -8 21 -11 22 -19 -24
right_child=1 2 3 -5 -6 6 12 -9 17 10 16 14 -14 -15 -16 -17 -18 19 -20 -21 -22 -23 23 -25
leaf_value=0.034132323907484434 0.08325650985261987 -0.034645076020845107 -0.04430303874057126 0.064210455313388384 0.040732915375661399 0.027482757234814362 0.011167603170908444 0.01551940143330066 -0.01705403433598417 -0.058791025606195216 0.02821387773969421 -0.067534820904464984 0.052796624527542475 0.054023599040932201 0.010956131527869737 -0.0065166103781303551 -0.025180059123050384 -0.06962438937821748 -0.048790832239633208 -0.041048866447881326 -0.074821616903227209 -0.078475245989337833 -0.063014822594112993 -0.06497622482757387
leaf_weight=2.3234742544591436 1.5984792858362169 2.5630752425640821 1.7946864664554598 2.8867814345285296 2.1704705357551575 3.5664749927818802 1.5474077416583871 4.3496404998004428 1.9201951287686831 1.6093630073592042 2.475393360480667 1.6630652863532307 4.3588589634746322 1.7208490818738935 1.5448733102530239 1.8313635569065807 2.1293009156361222 1.3774558426812293 1.6779693020507691 1.1939096823334692 2.1163665559142828 1.1164565607905386 1.2736016251146796 1.0630463790148494
leaf_count=23 21 38 18 37 35 26 17 35 29 24 25 28 34 12 18 29 25 20 30 24 23 9 38 19
internal_value=-0.000323563 0.0216595 0.0112016 0.0283513 0.00224443 -0.00624907 0.00468241 -0.0203741 -0.0319593 -0.0109744 -0.0244717 -0.00290765 0.0277817 0.00573726 -0.0297353 -0.0476689 0.00352347 -0.0521863 -0.0200252 -0.0633841 -0.0678971 -0.0689045 -0.0660275 -0.0639072
internal_weight=51.8726 11.0135 9.41501 6.85194 3.96516 40.8591 23.0333 17.8257 13.4761 13.7283 10.1618 5.53141 9.30509 4.94623 3.20794 5.55709 4.60469 7.94467 3.22538 6.02447 3.72573 4.83056 3.7141 2.33665
internal_count=637 149 128 90 53 488 245 243 208 152 126 69 93 59 46 76 50 139 47 110 47 86 77 57
cat_boundaries=0 1
cat_threshold=2
is_linear=0
shrinkage=0.06


Tree=60
num_leaves=28
num_cat=1
split_feature=15 3 6 3 6 5 17 1 9 9 12 11 9 1 2 16 13 9 16 0 1 2 10 0 7 0 3
split_gain=1.7089 1.6564 2.18937 2.1662 1.73534 1.97199 1.64373 2.16526 1.56592 1.49351 1.77764 1.32911 1.30088 1.24429 2.52741 1.1125 0.993818 0.727804 0.703125 0.413618 0.224865 0.181903 0.0649799 0.0106381 0.00171809 0.000259747 9.75916e-05
threshold=84.500000000000014 28.500000000000004 12.265000000000002 23.985000500000002 10.595000000000001 7.1250000000000009 9.5500002000000013 44.500000000000007 14.550000000000002 32.699998500000007 7.3700001000000013 4.9300001000000009 11.550000000000002 60.500000000000007 2.0048999500000004 7.1050000000000013 4.4549999000000007 16.050000000000004 6.1649999500000012 8.1999998000000023 33.500000000000007 2.1229000000000005 1.0549999500000002 7.4099998500000011 0 6.1699998000000003 9.0250001000000015
decision_type=2 8 10 8 8 10 8 10 8 8 10 10 10 8 8 10 10 10 10 10 10 8 8 10 9 10 10
left_child=1 3 13 4 18 6 7 -6 -4 10 11 -7 -9 -3 -15 22 -8 -10 -1 20 -13 23 -14 24 25 26 -22
right_child=-2 2 8 -5 5 9 16 12 17 -11 -12 19 15 14 -16 -17 -18 -19 -20 -21 21 -23 -24 -25 -26 -27 -28
leaf_value=0.0032101702481463919 0.048092469564504511 -0.031803020298740894 -0.0054970404675286294 -0.068756115569242132 0.039368774209003601 0.0076288176688689103 -0.0010665374720365136 0.010622603342666789 0.079726617167348454 0.01000550323123317 0.017852042581386503 -0.091600147202283586 -0.052483155276448007 -0.028039206661915624 0.061989116251855526 0.0020248221382729008 0.061128541910114055 0.033777535847902468 0.051914257074360239 -0.029003546997802589 -0.061545012100373685 -0.035887052126736672 -0.070094017929192398 -0.07051017138892611 -0.065624748443947639 -0.063483529666381017 -0.062729539526992395
leaf_weight=2.0110438801348236 2.4960276428610078 3.9549992699176046 2.0945140942931166 2.1434956155717364 2.4194571226835251 1.252841312438244 1.5084246620535862 2.2506189839914441 2.4407316874712706 2.8706122497096667 1.6733193174004561 1.0067035928368566 1.1799548929557206 2.3862896878272304 2.1198176126927137 1.2917042728513477 2.3909229272976518 2.5245866533368826 2.2734122630208731 1.3504049163311718 0.55747632123529889 0.88777931779623021 2.0906730592250824 1.2001817673444746 1.2128768572583795 0.88699955120682727 0.45456605963408947
leaf_count=24 25 36 17 22 29 20 21 24 24 39 20 6 21 25 26 19 24 32 20 14 27 21 32 11 23 20 15
internal_value=-0.000321784 -0.00281677 0.0133411 -0.0104363 -0.00637366 -0.0121046 0.00440515 -0.00939056 0.0380111 -0.0283398 -0.0388399 -0.0496079 -0.0267063 -0.00724314 0.014313 -0.0451208 0.037069 0.0563641 0.0290535 -0.0590969 -0.0656445 -0.0606195 -0.0637405 -0.0657114 -0.0638607 -0.062734 -0.0620771
internal_weight=50.9304 48.4344 15.5209 32.9135 30.77 26.4855 13.1318 9.23241 7.05983 13.3538 10.4831 8.80983 6.81295 8.46111 4.50611 4.56233 3.89935 4.96532 4.28446 7.55699 6.20658 5.19988 3.27063 4.3121 3.11192 1.89904 1.01204
internal_count=637 612 160 452 430 386 170 125 73 216 177 157 96 87 51 72 45 56 44 137 123 117 53 96 85 62 42
cat_boundaries=0 1
cat_threshold=2
is_linear=0
shrinkage=0.06


Tree=61
num_leaves=30
num_cat=0
split_feature=2 3 2 1 12 16 0 6 6 8 3 9 3 0 5 9 10 15 1 9 12 11 12 10 0 0 1 0 5
split_gain=1.67165 1.45309 1.36728 1.34826 2.29458 1.77075 1.41096 1.57479 2.52749 1.43629 1.72955 1.64167 2.15135 1.37283 1.13179 1.07169 0.938326 0.937438 0.848424 0.692035 0.65899 0.420607 0.395616 0.210799 0.0333425 0.0114378 0.0102013 0.00223112 0.000618263
threshold=1.4093499500000002 6.4050000000000011 2.0693000500000003 44.500000000000007 4.5950000500000012 8.4949999000000016 4.815000050000001 12.125000000000002 10.635000000000002 63.549999000000007 7.8450000500000003 13.350000000000003 14.645000000000001 5.6849999500000008 7.2550001000000011 11.350000000000003 0.95499998500000005 79.500000000000014 64.500000000000014 12.65 5.6050000000000013 6.3100002000000011 4.065000050000001 1.0050000000000001 7.2049999000000007 6.6250000000000009 49.500000000000007 6.9049999500000006 7.0850000500000005
decision_type=10 8 10 10 10 10 10 8 10 8 10 8 8 10 10 10 10 2 10 10 10 8 8 8 10 10 10 8 8
left_child=16 2 22 13 17 6 -6 8 -8 11 -11 -9 -13 -3 21 -12 -1 23 24 -18 -21 -15 -2 -5 -10 -25 -24 28 -28
right_child=1 3 -4 4 5 -7 7 9 18 10 15 12 -14 14 -16 -17 19 -19 -20 20 -22 -23 26 25 -26 -27 27 -29 -30
leaf_value=-0.0089848759620629916 -0.012867658035832195 -0.021189654505552488 0.014031336002398538 -0.035634497200794708 0.055753025559170867 -0.050060114918448306 0.026042073372105484 -0.018970436613026401 -0.064484988472267427 0.027888306845508637 0.011315498601782523 -0.0046155725679076698 0.071848937535312199 0.031601754668092112 0.0023475496606482071 -0.056156002443561413 0.069808879166617405 -0.0031445446535744033 -0.018481220244485768 -0.01207431973326979 0.047743998991748748 0.072095648353841912 -0.072452371246095576 -0.064889933366944125 -0.078087953620127951 -0.072862114384974322 -0.064187058827328725 -0.067234000445876366 -0.061481792586364339
leaf_weight=1.7678825221955765 0.59629671275615637 2.0914449561387283 1.3796766586601732 0.90508853923529686 1.856796495616442 2.2587733305990687 2.5763260219246176 1.8536828281357856 1.5191897600889208 2.8287467285990724 1.263353066518903 2.0103353336453438 3.8834780864417553 1.5777391288429501 2.3508439138531685 2.574529361911118 1.933827146887779 1.4419246483594177 1.9930727453902362 1.1340851932764056 1.5960960593074558 2.2266272343695164 0.81917937099933658 1.1889848355203869 1.1320730634033678 1.4235848411917684 0.64396160934120361 0.66272558085620414 0.5763006415218116
leaf_count=14 13 18 23 16 15 26 24 19 35 24 11 26 30 19 30 39 24 19 27 9 32 25 11 31 8 14 18 8 29
internal_value=-0.000317773 -0.004527 -0.0361232 -0.000732744 -0.00651699 0.000680718 0.00555957 0.00125174 -0.0216196 0.012709 -0.00770867 0.0302781 0.0457675 0.0208074 0.0350773 -0.0339458 0.0282382 -0.0438878 -0.0480587 0.0423475 0.0228962 0.0553021 -0.0571018 -0.0605889 -0.0702934 -0.069234 -0.0668631 -0.0644315 -0.0629094
internal_weight=50.0666 43.6347 4.67814 38.9566 30.7099 25.7504 23.4916 21.6348 7.22066 14.4141 6.66663 7.7475 5.89381 8.24666 6.15521 3.83788 6.43189 4.95958 4.64434 4.66401 2.73018 3.80437 3.29846 3.51766 2.65126 2.61257 2.70217 1.88299 1.22026
internal_count=637 558 102 456 364 284 258 243 94 149 74 75 56 92 74 50 79 80 70 65 41 44 79 61 43 45 66 55 47
is_linear=0
shrinkage=0.06


Tree=62
num_leaves=26
num_cat=1
split_feature=1 8 0 14 13 0 5 2 2 2 15 5 3 10 8 5 5 8 11 3 17 11 0 2 6
split_gain=1.66972 1.78923 1.86257 1.59594 1.94033 1.77992 1.92051 1.68226 1.58534 1.58308 1.54042 1.66486 1.34742 1.17894 1.17364 0.88297 0.824827 0.812516 0.633715 0.513661 0.190345 0.0587033 0.0293995 0.00570141 0.000357203
threshold=82.500000000000014 3.1499999500000002 6.0400002000000006 0 4.6450000000000005 8.1150002500000031 6.924999950000001 1.6225000000000003 1.9713000000000001 1.8569500000000003 78.500000000000014 7.5300000000000002 14.455000000000002 1.2650000000000003 192.15000000000003 8.005000100000002 7.565000050000001 7.1000001500000005 5.1050000000000013 17.109999500000004 9.5500002000000013 6.6450000000000005 7.2950001000000011 1.8904000000000003 11.435
decision_type=8 8 10 9 10 10 8 10 8 10 2 10 8 8 8 10 10 10 10 8 8 8 10 10 10
left_child=3 -2 9 5 7 6 12 -5 14 -3 11 -4 18 15 21 -6 -10 -8 -1 -15 22 -9 23 -19 -25
right_child=1 2 10 4 13 -7 17 8 16 -11 -12 -13 -14 19 -16 -17 -18 20 -20 -21 -22 -23 -24 24 -26
leaf_value=-0.069149195567551239 0.082071219669656886 0.011359230100405255 0.047715764228352962 0.025771046365050839 -0.016554989896045126 0.014085802429758506 -0.016430522352872887 -0.057185644998421985 0.025763091901882668 -0.074885052662212626 0.079123214895353247 -0.028892975012320136 0.025476128762296511 0.027556785562293268 -0.0057831483371401276 0.038116418612491633 -0.02711805400120466 -0.068603021323271465 -0.0089196066891100382 0.068475938144959295 -0.040458846252989698 -0.073070731994731353 -0.076984000217179605 -0.064371782586914394 -0.062799828614486186
leaf_weight=1.1078725755214702 1.4830697402358026 1.7426649127155545 2.1363619398325682 3.4444931950420168 2.7545840833336088 4.1698043681681147 1.8400284685194499 1.4803394246846413 2.5219306685030469 1.3674311926588414 1.6943740025162695 1.9564567990601061 2.7568760439753532 2.1873953603208074 1.754984210245311 1.7322578029707072 1.8340885844081638 1.2525987159460785 1.4546211762353776 2.2306203357875347 1.1257561175152657 1.9286158932372925 1.0294565036892889 0.93117224611341987 1.1796865779906509
leaf_count=19 21 27 34 26 33 35 29 24 31 25 18 24 27 22 29 19 19 20 23 19 24 23 9 19 38
internal_value=-0.000311483 0.0210578 0.0108876 -0.00604073 0.00465135 -0.0199196 -0.0311039 -0.0101605 -0.0231611 -0.0265602 0.0310124 0.0110951 -0.00363739 0.0262157 -0.045649 0.00455228 0.00349765 -0.0509585 -0.0349594 0.0482165 -0.0624708 -0.0661726 -0.0681118 -0.0653962 -0.0634933
internal_weight=49.0975 10.3804 8.89729 38.7172 21.8693 16.8479 12.6781 12.9645 9.51996 3.1101 5.78719 4.09282 5.31937 8.90486 5.16394 4.48684 4.35602 7.3587 2.56249 4.41802 5.51867 3.40896 4.39291 3.36346 2.11086
internal_count=637 149 128 488 245 243 208 152 126 52 76 58 69 93 76 52 50 139 42 41 110 47 86 77 57
cat_boundaries=0 1
cat_threshold=2
is_linear=0
shrinkage=0.06


Tree=63
num_leaves=25
num_cat=3
split_feature=0 6 1 1 8 6 6 4 9 15 3 13 3 14 1 3 2 1 9 6 12 7 0 3
split_gain=1.55955 2.17912 1.76308 1.23327 1.0091 1.53712 2.10773 1.44543 1.36443 1.48754 1.22074 0.906262 1.03706 1.50276 0.729836 0.355172 0.0160434 0.0157798 0.0015225 0.000925333 0.000525934 0.000518653 0.000310037 3.88379e-05
threshold=7.315000050000001 13.750000000000002 39.500000000000007 23.500000000000004 63.549999000000007 12.145000000000001 11.310000000000002 0 7.7500000000000009 78.500000000000014 10.200000000000001 4.2650001000000008 16.025000500000004 1 58.500000000000007 31.430000500000002 1.6225000000000003 47.500000000000007 16.750000000000004 14.060000000000002 6.0400002000000006 2 6.3250000500000008 11.005000000000001
decision_type=10 10 10 10 10 10 10 9 10 2 10 8 8 9 10 8 10 10 8 10 8 9 10 10
left_child=1 3 20 -1 5 6 7 10 -6 15 -5 -4 -13 -14 -7 16 -10 -3 -8 -19 -2 -18 23 -23
right_child=2 17 11 4 8 14 18 -9 9 -11 -12 12 13 -15 -16 -17 21 19 -20 -21 -22 22 -24 -25
leaf_value=0.029533328232810657 0.064469266380559942 -0.074233419079324389 0.02942743915540412 -0.05578660656222912 0.011013421472509083 0.055255394761160329 -0.064144753021068535 0.026635239635527552 -0.072310919964478179 0.0023983575518045702 0.01745579506105872 -0.024634496553597087 -0.0201313428140888 0.035707999639256464 0.0090081217109313702 -0.019728479527878151 -0.063692179086713971 -0.06497724926578434 -0.06734246591556324 -0.06174860644399046 0.062619223815527106 -0.06129683581296641 -0.063420429012010976 -0.061970796237991732
leaf_weight=3.4004276692867341 1.0204213019460469 0.80807894840836469 4.4941646270453957 2.0609734682366256 2.8283547004684788 2.0367618743330231 1.0765263345092537 3.940333094447853 0.81053922325372729 2.1829882645979524 1.3596870135515926 4.5549644902348492 3.0113978683948517 4.0936279632151136 3.0953740449622273 0.74975288286805142 1.4046371737494989 0.72262507025152423 1.0675950879231093 0.57293383777141571 1.2081283722072838 0.62056252127514022 0.48630570899695169 0.61077546793967485
leaf_count=36 20 7 35 37 32 17 27 31 8 36 13 38 23 33 38 8 34 15 17 25 36 35 12 24
internal_value=-0.000308664 -0.00877873 0.0134383 -0.00431266 -0.00904284 0.000901057 -0.0133861 0.00186271 -0.0240575 -0.0385055 -0.0266733 0.00653666 -0.00228623 0.012041 0.027362 -0.0575746 -0.0647896 -0.0676535 -0.0657369 -0.0635494 0.0634663 -0.062837 -0.0621377 -0.0616311
internal_weight=48.2179 29.8352 18.3827 27.7316 24.3312 14.6373 9.50511 7.36099 9.69392 6.86556 3.42066 16.1542 11.66 7.10503 5.13214 4.68257 3.93282 2.10364 2.14412 1.29556 2.22855 3.12228 1.71764 1.23134
internal_count=637 452 185 405 369 180 125 81 189 157 50 129 94 56 55 121 113 47 44 40 56 105 71 59
cat_boundaries=0 1 2 3
cat_threshold=2 2 1
is_linear=0
shrinkage=0.06


Tree=64
num_leaves=27
num_cat=1
split_feature=1 8 0 6 14 13 13 0 5 2 2 9 9 11 9 3 13 8 5 3 15 11 10 0 6 12
split_gain=1.46464 1.65617 1.69682 1.83468 1.35934 1.73607 1.72029 2.48693 1.98714 1.53253 1.43645 1.33263 1.41292 1.22636 1.09676 1.47287 1.53787 1.0921 0.771973 0.602922 0.198843 0.0604348 0.00758608 0.00223681 0.000226893 9.75959e-05
threshold=82.500000000000014 3.1499999500000002 7.1849999500000008 12.955000000000002 0 4.6450000000000005 4.8950000000000005 8.1150002500000031 6.924999950000001 1.6225000000000003 1.9713000000000001 12.350000000000003 17.950000000000003 5.2950001000000011 35.049999000000007 19.170000000000005 4.8050000500000012 192.15000000000003 7.565000050000001 22.530000000000005 76.500000000000014 6.6450000000000005 1.3550000000000002 6.3350000500000005 11.195000000000002 5.1649999500000012
decision_type=8 8 10 8 9 10 8 10 10 10 8 8 8 10 8 10 10 8 10 8 2 8 10 10 10 10
left_child=4 -2 3 13 6 9 7 8 11 -6 17 -1 -13 -3 15 16 -7 21 -12 22 -4 -11 23 24 -10 -26
right_child=1 2 20 -5 5 14 -8 -9 19 10 18 12 -14 -15 -16 -17 -18 -19 -20 -21 -22 -23 -24 -25 25 -27
leaf_value=0.052378955849681948 0.080906828137613518 0.057845145272346743 0.034959507422405126 -0.051497072407825174 0.024557284619859055 0.029191154045198894 -0.067555829850797569 0.033918212778626944 -0.063438806182352106 -0.055716505043077506 0.024815508221966112 -0.060953647633016569 0.012009038731358338 -0.012040878625227467 0.058311690233196566 0.049886116666599624 -0.046247569190394772 -0.0058910024609115444 -0.026862913838811713 -0.022824861834057474 0.068035697994074898 -0.072230151276020504 -0.070194296154094352 -0.066202890881739876 -0.06260136437410091 -0.061399324997379642
leaf_weight=1.3417512215673939 1.3921616068109841 1.5881591085344555 1.4082274138927462 2.1672638235613704 3.3890140838921097 1.8263200139626836 2.243515661917626 3.3742839097976676 0.62523111747577853 1.4131663003936386 2.4569972008466729 1.5758816022425888 2.4269893383607268 2.0981601616367698 2.5145610384643087 2.2568602412939072 2.0816589323803782 1.7190168406814335 1.8051271149888632 1.7871029097586868 1.222161319106817 1.8322094613686202 0.95223794318735588 0.96624111291021098 0.46616214513778687 0.50831126654520631
leaf_count=14 21 16 28 30 26 19 35 30 16 24 31 29 25 34 21 20 33 29 19 20 20 23 13 18 16 27
internal_value=-0.000308404 0.0202521 0.0102991 -0.00768831 -0.00571427 0.00426188 -0.0187734 -0.0109694 -0.0251915 -0.00994794 -0.0226221 0.000630466 -0.0167155 0.0180678 0.0249159 0.0112942 -0.0109927 -0.0445582 0.00292827 -0.0512048 0.0503277 -0.0650394 -0.0656208 -0.0639235 -0.0625467 -0.0619743
internal_weight=47.4388 9.87613 8.48397 5.85358 37.5626 21.2949 16.2677 14.0242 10.6499 12.6155 9.22652 5.34462 4.00287 3.68632 8.6794 6.16484 3.90798 4.96439 4.26212 5.30529 2.63039 3.24538 3.51818 2.56595 1.5997 0.974473
internal_count=637 149 128 80 488 245 243 208 178 152 126 68 54 50 93 72 52 76 50 110 48 47 90 77 59 43
cat_boundaries=0 1
cat_threshold=2
is_linear=0
shrinkage=0.06


Tree=65
num_leaves=28
num_cat=3
split_feature=15 0 7 11 2 4 14 15 2 15 8 12 3 3 2 6 3 2 9 10 0 13 2 15 0 0 12
split_gain=1.37731 1.41353 1.46534 1.62301 1.79148 1.34443 1.62806 1.26986 1.26248 1.62175 1.1518 1.64953 1.71465 1.56894 1.51967 1.479 1.33582 0.645674 0.613416 0.278803 0.444801 0.102225 0.0650646 0.00929495 0.00175882 0.000549541 0.000212832
threshold=84.500000000000014 9.9949999000000016 0 6.3100002000000011 1.8695500000000003 1 2 66.500000000000014 1.9701000000000002 73.500000000000014 287.44999500000006 8.2899999500000003 28.500000000000004 9.380000100000002 2.0494500500000004 12.545000000000002 7.2800002000000008 1.5736500000000002 13.65 1.0250000000000001 7.3700001000000013 4.8550000000000013 2.2381999500000007 70.500000000000014 6.3350000500000005 6.2600000000000007 5.9349999500000008
decision_type=2 10 9 10 10 9 9 2 8 2 10 10 8 10 8 8 10 10 10 10 8 8 8 2 8 8 10
left_child=1 2 10 5 -5 6 -4 -6 9 -7 11 12 13 16 -14 -12 17 -1 -9 -10 -21 22 23 -15 26 -25 -19
right_child=-2 -3 3 4 7 8 -8 18 19 -11 15 -13 14 21 -16 -17 -18 24 -20 20 -22 -23 -24 25 -26 -27 -28
leaf_value=0.0051687300380310105 0.045014462203848887 0.049127683389956933 -0.054141886894828635 0.025825310183122334 0.014553509489471711 0.044554186362707422 0.022053350840429295 -0.022371593365374767 0.074463421815768413 -0.027914231764228272 0.038544210605133016 0.034270307253870091 -0.030369950068995549 -0.070777255785921062 0.034529181595768559 -0.034824825235295238 0.022064945778708628 -0.061729717765520595 -0.068102812920896511 0.017705549815594863 0.066857495025355415 -0.083194080646495625 -0.050169978911577116 -0.063093948347506895 -0.06631550550796389 -0.065196026926129219 -0.063327828709156153
leaf_weight=0.66043666005134971 2.294890856370329 1.8194624558091153 1.6867726948112249 2.7478490089997631 1.5096916910260914 2.3471520785242328 2.5143645945936441 1.7936866022646425 1.7149633225053555 2.1120612714439631 2.6904188916087142 1.6092577315866936 2.9960107943043122 1.307564980350435 2.2930207382887602 1.5641660075634716 1.7741414206102488 0.6459739836864169 2.5672112535685301 1.2663739165291192 1.3906678594648836 1.0676549114286897 1.1406410383060572 0.9138293573632833 0.66485402360558521 0.87776859104633342 0.56014432152733207
leaf_count=6 25 27 20 30 16 23 34 19 14 18 33 21 34 27 21 28 30 32 37 20 22 15 14 28 11 14 18
internal_value=-0.000306991 -0.00265819 -0.00487954 0.00604217 -0.0141588 0.0194013 -0.00853933 -0.0328741 0.032693 0.0102303 -0.0162667 -0.0234397 -0.0296718 -0.0447682 -0.00223341 0.0115706 -0.0178557 -0.0458342 -0.049293 0.0556039 0.0434312 -0.0666003 -0.0624217 -0.066931 -0.0638377 -0.0641238 -0.0624719
internal_weight=46.531 44.2361 42.4167 21.6508 8.61844 13.0324 4.20114 5.87059 8.83122 4.45921 20.7659 16.5113 14.902 9.61301 5.28903 4.25458 4.30555 2.53141 4.3609 4.37201 2.65704 5.30746 4.2398 3.09916 1.87097 1.7916 1.20612
internal_count=637 612 585 253 102 151 54 72 97 41 332 271 250 195 55 61 97 67 56 56 42 98 83 69 61 42 50
cat_boundaries=0 1 2 3
cat_threshold=2 2 4
is_linear=0
shrinkage=0.06


Tree=66
num_leaves=28
num_cat=1
split_feature=1 8 0 2 15 3 14 13 0 5 13 2 2 16 8 10 3 2 9 6 8 0 11 1 0 12 16
split_gain=1.31898 1.50106 1.51002 1.39987 1.31057 1.49972 1.2268 1.60828 2.23416 1.68382 1.54109 1.32654 1.28972 1.28526 1.01906 0.974285 0.845337 0.82381 0.799075 0.76405 0.738605 0.440073 0.0575802 0.0049233 0.00393864 0.00031244 9.31374e-05
threshold=82.500000000000014 3.1499999500000002 6.0400002000000006 1.8569500000000003 78.500000000000014 12.490000000000002 0 4.8950000000000005 8.4949999000000016 6.924999950000001 4.6450000000000005 1.6225000000000003 1.9713000000000001 5.9049999500000006 192.15000000000003 1.2650000000000003 22.530000000000005 1.9674500000000001 25.250000000000004 10.595000000000001 24.050000500000003 7.4649999000000014 6.6450000000000005 41.500000000000007 6.815000050000001 6.1350000000000007 6.4449999500000006
decision_type=8 8 10 10 2 8 9 8 10 10 10 10 8 10 8 8 8 10 8 10 8 10 8 10 8 10 10
left_child=6 -2 3 -3 5 -4 7 8 9 13 11 -8 14 19 22 17 23 -12 -17 -1 -14 -7 -13 -11 25 26 -25
right_child=1 2 4 -5 -6 21 10 -9 -10 16 15 12 20 -15 -16 18 -18 -19 -20 -21 -22 -23 -24 24 -26 -27 -28
leaf_value=0.01275361456408455 0.079530399719716885 0.011327992741032399 -0.037765827039165145 -0.073365974661124003 0.076491659863987857 0.012583533979776211 0.022789625212458923 -0.066683050895704254 0.037896907793783172 -0.069879138273209809 0.033760355054086193 -0.054483140941438975 0.026276507009018367 0.033516258124052734 -0.0056893878712592806 0.020488713590061564 -0.01507668950158603 -0.019290246437380122 0.073615583187730815 -0.048285010930223596 -0.024412016185340266 0.064820020148611796 -0.071143330512914979 -0.061495795097253315 -0.067920158005925518 -0.06355242648621437 -0.062614461036071586
leaf_weight=1.1941899694502338 1.3000513259321422 1.6413315385580065 1.4442433640360834 1.2283538542687891 1.504958566278219 1.1038336977362635 3.330742938444021 2.1274579921737322 2.7323822975158683 0.66456213593483004 1.8707148600369663 1.327587846666572 2.2291866857558498 2.38162936642766 1.6871917406097052 2.2293882938101897 1.8886448331177232 2.4130547428503633 1.8775722682476041 1.9337426973506806 1.9316615452989934 1.2248664693906901 1.7071676212362943 0.5532431551255288 0.71746683306992043 0.90245938859879959 0.51954626012593508
leaf_count=11 21 27 15 25 18 15 26 35 25 8 20 24 25 28 29 25 21 32 16 32 25 28 23 30 10 24 19
internal_value=-0.00030683 0.0196586 0.0101052 -0.0249248 0.0291517 0.0102686 -0.00551467 -0.0181991 -0.0105516 -0.0228598 0.00409845 -0.0095024 -0.0216108 0.000305425 -0.043072 0.0238958 -0.0471892 0.00387686 0.0447766 -0.0249815 0.00274451 0.0400593 -0.0638551 -0.0652541 -0.0641127 -0.0627297 -0.0620376
internal_weight=45.6672 9.44764 8.14759 2.86969 5.2779 3.77294 36.2196 15.6153 13.4879 10.7555 20.6043 12.2135 8.8828 5.50956 4.72195 8.39073 5.24592 4.28377 4.10696 3.12793 4.16085 2.3287 3.03476 3.35728 2.69272 1.97525 1.07279
internal_count=637 149 128 52 76 58 488 243 208 183 245 152 126 71 76 93 112 52 41 43 50 43 47 91 83 73 49
cat_boundaries=0 1
cat_threshold=2
is_linear=0
shrinkage=0.06


Tree=67
num_leaves=23
num_cat=1
split_feature=1 12 16 16 16 2 2 10 9 0 12 18 11 9 11 11 11 13 11 16 0 10
split_gain=1.24584 1.79639 1.54492 1.00267 1.43388 1.50271 1.44103 1.24147 1.78586 1.08026 1.55432 1.1249 0.975248 0.918207 0.916569 0.874229 0.877609 0.535951 0.40541 0.307626 0.023914 0.00222089
threshold=44.500000000000007 6.520000200000001 6.3599999000000009 8.8850002000000021 6.7049999000000007 2.1019000000000005 2.1166999500000006 1.1250000000000002 12.550000000000002 6.3599999000000009 7.065000050000001 0 6.1649999500000012 14.750000000000002 5.9649999000000014 6.3100002000000011 5.3799999000000005 4.4849999000000009 6.3950000000000005 5.5050001000000011 7.0250001000000006 0.95499998500000005
decision_type=10 10 10 10 10 8 10 10 10 10 10 9 10 10 8 8 10 8 8 8 10 8
left_child=1 2 14 4 5 7 9 12 17 11 -11 -6 19 -10 -1 16 -7 -9 -3 -2 21 -21
right_child=3 18 -4 -5 6 15 -8 8 13 10 -12 -13 -14 -15 -16 -17 -18 -19 -20 20 -22 -23
leaf_value=-0.012742621377669907 -0.036856511639557915 0.02914310415538255 -0.049216431960657454 -0.053838450083706142 0.032399393460453701 0.0031611961689811999 -0.031529218338508143 0.04287779274331642 -0.072797387208766218 0.013102801445240514 0.074527932926897175 -0.041660604663243263 -0.004127477476332287 -0.013779150690760151 0.035928834081783372 -0.019451826700827977 0.057868268661123282 -0.0015211408552881301 0.069084179674368654 -0.066952275448732279 -0.076143146404472936 -0.062971468200139435
leaf_weight=2.4226445201784355 1.6842956081964091 1.6535055059939625 1.7495439974591134 1.5104559147730459 1.4258891865611067 2.4725085948593906 2.0787336118519297 1.964652391150594 1.5273704398423431 3.6303317826241255 2.507288871333003 1.5311765889637163 1.6684422935359178 2.5062014455907047 3.2770135914906859 2.2742611905559897 1.842153667937964 1.9504955541342495 2.0480075720697641 1.0095238024368889 1.0455268099904058 1.0085952966473994
leaf_count=32 38 33 25 20 19 35 35 19 25 30 18 37 33 38 34 29 19 22 36 16 8 36
internal_value=-0.000302142 0.0170783 0.000102309 -0.00606363 -0.00381752 -0.0130736 0.0135409 -0.0239556 -0.00810809 0.0238424 0.0381957 -0.00594907 -0.0435878 -0.0361273 0.015241 0.0106512 0.0265185 0.0207586 0.0512421 -0.0574543 -0.0687783 -0.0649628
internal_weight=44.7886 11.1507 7.4492 33.6379 32.1274 20.954 11.1734 14.3651 7.94872 9.09469 6.13762 2.95707 6.41638 4.03357 5.69966 6.58892 4.31466 3.91515 3.70151 4.74794 3.06365 2.01812
internal_count=637 160 91 477 457 318 139 235 104 104 48 56 131 63 66 83 54 41 69 98 60 52
cat_boundaries=0 1
cat_threshold=1
is_linear=0
shrinkage=0.06


Tree=68
num_leaves=29
num_cat=3
split_feature=0 6 2 1 10 5 13 16 16 10 0 6 19 7 9 9 5 14 11 9 8 8 2 1 1 10 8 11
split_gain=1.23727 1.62235 1.47921 1.39023 0.974128 1.43517 1.19607 1.16382 0.920296 1.35887 1.04429 1.92234 1.01743 1.02187 0.953134 0.904278 0.954783 0.726805 0.629752 0.499758 0.307862 0.244322 0.0694713 0.0294745 0.0033336 0.00262878 0.000345353 4.9623e-05
threshold=7.2349999000000009 13.145000000000001 2.3362500500000007 23.500000000000004 1.0850000000000002 7.3950000000000005 4.2550001000000011 6.9549999000000007 8.0349998500000002 0.93500000500000013 6.0400002000000006 10.595000000000001 0 1 32.699998500000007 21.849999500000003 6.5600002000000011 2 7.3050000500000012 11.550000000000002 29.500000000000004 9.4000001000000015 1.6705000000000003 59.500000000000007 52.500000000000007 1.2850000000000004 9.4000001000000015 5.2349999000000009
decision_type=10 10 8 10 8 8 8 8 8 8 10 8 9 9 8 8 10 9 10 10 10 8 10 8 10 10 10 10
left_child=1 3 4 -1 5 -2 -6 17 9 20 11 -11 13 -10 19 16 -12 -8 21 -13 -5 -3 -23 -4 -24 26 -21 -28
right_child=2 18 23 8 6 -7 7 -9 12 10 15 14 -14 -15 -16 -17 -18 -19 -20 25 -22 22 24 -25 -26 -27 27 -29
leaf_value=0.037729320215918238 0.022698977095917974 -0.029426815155384964 0.068055492014136298 -0.019902506513991645 0.048700229861153986 -0.049787125934515987 -0.041176310899679533 0.02809201200719184 -0.051716516535967427 0.030903230038967361 0.042616791768355776 -0.0033693385392317161 -0.069349356708288554 0.01869591255612519 0.0053851661714975629 0.053737015496952825 -0.017730562377284605 0.0053481295107046288 -0.0021913590379985842 -0.063530534219785884 -0.06708156435200964 -0.088440507115474548 -0.068013901604860885 0.053388947771495943 -0.061842388681476131 -0.066501052298591712 -0.062263139367827007 -0.061368261198117648
leaf_weight=2.6962968725711169 1.688248464837671 0.63928622286766756 1.0178835559636341 0.87124237045645836 2.8170725516974917 2.354991165921092 2.2159854546189308 3.9268536549061546 1.2786551304161549 2.6813075095415115 1.5703787431120875 0.60989187285304103 1.6505265366286028 1.7678904971107841 1.5626766802743075 2.2946156114339828 2.3655672837048769 2.6596201080828896 0.85322374664247025 0.64675052836537383 1.1620284635573623 0.63627221435308445 0.52262602839618899 0.95710896607488405 0.79346206085756421 0.920271043665707 0.37118100095540285 0.5590886939316988
leaf_count=32 20 13 14 13 22 23 19 36 28 26 11 15 28 24 22 18 32 31 17 17 27 4 10 31 37 20 14 33
internal_value=-0.000293497 -0.00850061 0.0120156 -0.00275113 0.00584548 -0.0195207 0.0146721 0.00378202 -0.00812465 -0.0011201 0.0057283 -0.00958857 -0.0314107 -0.0108566 -0.0328379 0.0238 0.00634705 -0.0157974 -0.0469015 -0.0520611 -0.0468657 -0.061621 -0.0721627 0.0609479 -0.0642931 -0.0639527 -0.0624657 -0.0617253
internal_weight=44.091 26.4532 17.6378 23.0084 15.6628 4.04324 11.6195 8.80246 20.3121 15.615 13.5817 7.35117 4.69707 3.04655 4.66986 6.23056 3.93595 4.87561 3.44487 3.10718 2.03327 2.59165 1.95236 1.97499 1.31609 2.49729 1.57702 0.93027
internal_count=637 441 196 360 151 43 108 86 328 248 208 147 80 52 121 61 43 50 81 99 40 64 51 45 47 84 64 47
cat_boundaries=0 1 2 3
cat_threshold=2 2 2
is_linear=0
shrinkage=0.06


Tree=69
num_leaves=29
num_cat=2
split_feature=2 10 3 2 13 3 1 15 2 0 8 18 1 6 16 9 9 9 3 12 8 6 5 1 1 0 7 0
split_gain=1.17465 1.13041 1.10813 1.21526 0.967176 1.18373 1.48464 1.40138 1.74576 1.83518 1.24347 1.12576 1.31558 1.11755 1.06504 0.82625 0.632966 0.600981 0.551129 0.471794 0.366245 0.307683 0.126728 0.00839461 0.00423955 0.000857777 0.000468683 0.00038721
threshold=1.4093499500000002 0.90500000500000011 6.4050000000000011 2.0693000500000003 5.2550001000000011 7.7500000000000009 49.500000000000007 83.500000000000014 1.8438500000000002 6.3599999000000009 306.65001000000007 0 65.500000000000014 12.630000000000001 7.8650000000000011 18.750000000000004 17.050000000000004 12.65 12.745000000000003 5.6050000000000013 1.0000000180025095e-35 10.935 7.4449999500000006 48.500000000000007 49.500000000000007 6.549999950000001 1 5.1150000000000011
decision_type=10 10 8 10 8 10 10 2 10 10 8 9 8 8 10 8 8 10 10 10 10 8 10 10 10 8 9 10
left_child=1 -1 3 20 5 6 -4 8 18 14 15 13 -13 -11 21 -8 -15 -3 -7 -19 -2 -10 -20 -23 -22 27 -25 -26
right_child=2 17 4 -5 -6 7 10 -9 9 11 -12 12 -14 16 -16 -17 -18 19 22 -21 24 23 -24 26 25 -27 -28 -29
leaf_value=-0.020171569003382614 -0.0024431667227958545 0.068750860485005894 0.065198301183313809 0.016033758081219096 -0.038226751985792506 -0.01136559010926215 0.01356851271247389 0.043243867348288355 -0.015819288183545523 0.056691914238158246 0.053598752894601455 -0.029505130547065585 0.031196663440620762 -0.014930845204288553 0.0032439175445509506 -0.035247523393607184 0.034223453542294675 -0.00969084610531213 -0.073245287631764758 0.046149001461044982 -0.069171353751082632 -0.070894050338579984 -0.047650186702649637 -0.061854885001055258 -0.064042022317450986 -0.065483424641388288 -0.063925778246781848 -0.061706934606564387
leaf_weight=1.4087018370628346 0.38997031468898047 1.7443716023117306 2.0814431868493575 1.2057864340022204 2.2844317872077218 1.2109742676839292 2.9278790578246117 1.9827007949352253 0.5583851714618534 2.7936411034315825 1.5848345700651405 3.724476292729376 1.9626704119145868 2.1360193807631735 1.7816715668886898 2.1758009791374207 1.6887115743011234 0.97046216763556037 1.3288868176750841 1.2416250938549636 0.69540902553126249 0.70571961440146003 1.4631927516311405 0.68400919763371348 0.4131729905493553 0.5634184703230859 0.92610908299684502 0.67054101591929793
leaf_count=13 6 25 19 23 33 25 39 19 11 26 14 39 22 22 31 27 22 9 18 32 11 10 22 34 14 11 23 37
internal_value=-0.000294371 0.0259837 -0.00401041 -0.0341401 -0.000520574 0.00219522 0.020945 -0.00497059 -0.00953044 -0.00111908 0.00717357 0.0110207 -0.00855656 0.0278434 -0.0332045 -0.00724274 0.00677197 0.0424173 -0.0451704 0.0216516 -0.0562805 -0.0557981 -0.0598321 -0.0654376 -0.065243 -0.0635845 -0.063046 -0.0625972
internal_weight=43.305 5.36516 37.9399 3.9383 34.0016 31.7171 8.76996 22.9472 20.9645 16.9614 6.68851 12.3055 5.68715 6.61837 4.65589 5.10368 3.82473 3.95646 4.00305 2.21209 2.73251 2.87422 2.79208 2.31584 2.34254 1.64713 1.61012 1.08371
internal_count=637 79 558 102 456 423 99 324 305 240 80 131 61 70 109 66 44 66 65 41 79 78 40 67 73 62 57 51
cat_boundaries=0 1 2
cat_threshold=2 2
is_linear=0
shrinkage=0.06


Tree=70
num_leaves=25
num_cat=2
split_feature=0 7 17 1 15 9 12 9 4 8 15 11 11 1 0 9 16 0 13 16 13 13 10 9
split_gain=1.15958 1.28348 1.17686 1.3973 1.1694 1.60698 1.16616 1.42196 1.15793 1.16297 1.1491 1.02053 0.817641 1.25532 0.714486 1.05639 0.662566 0.651159 0.560453 0.395103 0.0969401 0.159612 0.0828423 0.0368598
threshold=9.9949999000000016 0 13.750000000000002 44.500000000000007 77.500000000000014 15.050000000000002 8.2899999500000003 7.7500000000000009 1 4.1500001000000006 73.500000000000014 5.3050000500000012 6.0250001000000006 46.500000000000007 7.6099999000000009 12.450000000000001 6.2249999000000011 7.4549999000000007 4.6350000000000007 5.1849999500000008 4.9049999500000006 4.4849999000000009 1.0549999500000002 13.950000000000001
decision_type=10 9 8 10 2 8 10 10 9 8 2 10 10 8 10 10 10 10 10 8 10 10 10 10
left_child=1 4 3 14 6 -6 7 -1 9 -5 16 -7 19 -14 15 -3 -10 23 -4 -9 21 -21 -11 -15
right_child=-2 2 18 8 5 11 -8 12 10 22 -12 -13 13 17 -16 -17 -18 -19 -20 20 -22 -23 -24 -25
leaf_value=0.0085448663499411246 0.04893473130916208 0.047411007279538342 0.016558224571861901 0.0081554066926599732 0.047913946842688432 0.016591313984246462 0.029985695720127662 -0.026757674465080674 -0.0062209647950445196 -0.07247685796229883 -0.022850648106543126 -0.049666545485837633 0.04052667465608896 -0.067125810738222755 0.065785321765383806 -0.023943390815072858 0.041815831677156086 -0.0071695935271226226 0.05779091759582726 -0.067885586392875938 -0.078622780952214977 -0.039219216522855871 -0.05074541052532331 -0.049841708845481225
leaf_weight=2.9614323293790248 1.6558918328955758 1.5522820390760963 2.8127475064247838 1.3214738555252554 2.3456902708858243 1.658084247261286 1.3852859260514367 1.4299254906363765 1.6839214898645858 1.2280258126556876 3.5112358871847391 1.6896444056183098 0.97875208128243674 1.1330825868062677 1.3406460965052245 1.4397157253697512 2.6768675539642572 1.4927737992256878 2.0529058589600027 1.9956669150851669 1.0965425623580811 1.0763706816360352 1.3000491214916108 0.73058031126856793
leaf_count=39 28 19 38 11 30 30 20 29 21 18 38 30 14 28 31 21 27 12 17 39 19 25 24 29
internal_value=-0.000288113 -0.00228127 0.0081052 0.000270733 -0.0131597 0.0098328 -0.0223265 -0.0279463 -0.0104911 -0.0374584 0.00269636 -0.0168499 -0.038825 -0.0192632 0.0293858 0.0130761 0.0232664 -0.0366982 0.033955 -0.0539726 -0.063308 -0.0578416 -0.0613016 -0.0603502
internal_weight=42.5496 40.8937 20.9199 16.0542 19.9738 5.69342 14.2804 12.8951 11.7216 3.84955 7.87202 3.34773 9.93369 4.33519 4.33264 2.992 4.36079 3.35644 4.86565 5.59851 4.16858 3.07204 2.52807 1.86366
internal_count=637 609 265 210 344 90 254 234 139 53 86 60 195 83 71 40 48 69 55 112 83 64 42 57
cat_boundaries=0 1 2
cat_threshold=2 2
is_linear=0
shrinkage=0.06


Tree=71
num_leaves=27
num_cat=1
split_feature=2 0 10 7 0 9 9 8 12 3 6 16 2 11 11 3 16 9 1 2 13 0 1 8 10 0
split_gain=1.10609 1.0072 0.995651 0.938016 1.16471 1.45252 1.73325 1.10105 1.2267 1.93068 1.16536 1.09787 1.07127 0.867891 0.748653 0.866786 0.691838 0.556021 0.446658 0.0507785 0.035373 0.0147692 0.00428165 0.0010264 0.000275625 9.04915e-05
threshold=1.4093499500000002 9.9949999000000016 0.90500000500000011 0 7.7850001000000004 11.750000000000002 29.050000000000004 287.44999500000006 8.2899999500000003 31.909999500000005 12.545000000000002 7.3650000000000011 1.8904000000000003 5.0850000500000005 6.8250000500000008 8.9050002000000017 6.6150000000000011 17.050000000000004 47.500000000000007 2.1953499000000005 4.5350001000000004 7.995000150000001 41.500000000000007 8.2500000000000018 1.2350000000000001 5.6450000000000005
decision_type=10 10 10 9 10 8 10 10 10 8 8 8 10 8 10 10 8 8 10 8 10 8 10 10 10 10
left_child=2 3 -1 7 5 -5 12 8 9 14 -9 -11 -7 -14 19 -16 -6 -4 -15 21 -20 22 -2 -24 25 -25
right_child=1 -3 17 4 16 6 -8 10 -10 11 -12 -13 13 18 15 -17 -18 -19 20 -21 -22 -23 23 24 -26 -27
leaf_value=-0.018030381172261408 -0.068654800888286502 0.045652629356722457 0.020251921615462729 0.036081636831384933 0.010162265857950851 0.00067309612723743704 0.037539088231492705 0.037264979299148057 0.028524544163301371 0.022000244552211244 -0.031413906444345836 -0.0368662842507229 0.0096082768402187563 -0.024002408762734146 0.012799427928887936 -0.062484266575278738 0.058991932140173606 0.066494320367133 -0.05538056247621264 -0.048088384200676813 -0.068634182111534145 -0.073673204873960285 -0.064418676695768562 -0.060900638703501056 -0.063215280383928707 -0.062010818825792652
leaf_weight=1.3678175341337908 0.59922290127724531 1.4177795620635141 2.0140461642295127 2.5453201550990352 2.4458972215652457 3.6179741611704213 1.93617750145495 2.4515745108947153 1.426198337227105 2.9318858720362195 1.3958616615273056 1.8667621649801729 1.0018448224291203 1.4331949222832916 1.2198131908662619 1.0035105729475615 1.8232197081670163 1.7489493461325762 1.08951030112803 0.69554458465427149 2.1665099617093801 0.68123226985335339 1.2289965199306609 0.41267053270712473 0.58127108681946982 0.73523380979895592
leaf_count=13 10 21 31 24 27 38 16 32 20 25 28 28 17 17 24 19 20 35 30 15 31 6 29 33 18 30
internal_value=-0.000285111 -0.00393246 0.025809 -0.00592458 0.00363017 -0.00484764 -0.0141119 -0.0159395 -0.0240722 -0.0303463 0.0123481 -0.000899916 -0.0248547 -0.0410835 -0.0500882 -0.0211803 0.031016 0.0417443 -0.0519137 -0.0631141 -0.0641993 -0.0655797 -0.0640298 -0.063093 -0.0621508 -0.0616117
internal_weight=41.838 36.7072 5.13081 35.2894 18.0596 13.7905 11.2452 17.2298 13.3823 11.9561 3.84744 4.79865 9.30903 5.69106 7.1575 2.22332 4.26912 3.763 4.68922 4.93417 3.25602 4.23863 3.55739 2.95817 1.72918 1.1479
internal_count=637 558 79 537 220 173 149 317 257 237 60 53 133 95 184 43 47 66 78 141 61 126 120 110 81 63
cat_boundaries=0 1
cat_threshold=2
is_linear=0
shrinkage=0.06


Tree=72
num_leaves=27
num_cat=2
split_feature=1 0 15 9 10 15 12 15 8 13 10 11 10 10 7 2 12 14 5 9 3 8 8 0 0 12
split_gain=1.04921 1.1477 0.956896 1.1132 1.33615 0.926149 0.919947 1.27239 1.72994 1.52796 1.62441 1.23028 1.59954 1.09478 1.00247 0.74872 0.890218 0.67815 0.871642 0.449395 0.260406 0.20533 0.140891 0.0316333 0.00350135 0.000396968
threshold=36.500000000000007 7.1849999500000008 64.500000000000014 11.750000000000002 1.2250000000000003 70.500000000000014 8.2899999500000003 77.500000000000014 1.0000000180025095e-35 4.674999950000001 1.0950000000000004 6.1050000000000013 0.92500001500000006 1.1950000500000002 0 2.1533000000000002 5.0450001000000011 1 7.5300000000000002 20.050000000000004 19.570000500000003 26.500000000000004 8.4499998000000023 7.2249999000000011 6.4949999000000007 6.0400002000000006
decision_type=10 10 2 10 8 2 10 2 8 8 8 10 8 8 9 8 10 9 8 8 8 10 10 8 10 8
left_child=1 5 3 -2 -5 -1 7 11 -9 10 -10 12 -4 15 19 16 -14 22 -19 -15 -20 -11 -13 24 -24 -3
right_child=2 25 6 4 -6 -7 -8 8 9 21 -12 17 13 14 -16 -17 -18 18 20 -21 -22 -23 23 -25 -26 -27
leaf_value=-0.029257760755228332 0.053508794585099655 0.063911563019308504 -0.068700375928924542 -0.041394337785959218 0.035353250125116469 0.029520871229052944 0.024099388541975443 0.06885807750595789 -0.030614034715867079 -0.020977468943713978 0.038864950508746277 -0.040391912241803642 -0.028758575757812453 -0.067958975089206758 0.0083210166473868339 0.060074729248004437 0.034519365554734158 0.010619761934432381 -0.066965469563878721 -0.015954063743911426 -0.028249479009375827 -0.054034835272628041 -0.061896024418471862 -0.079634593937640941 -0.068268907180376009 0.062133197306259005
leaf_weight=1.636748265475034 2.0808072760701171 0.91347139794379439 1.387663827743389 1.6172317685559394 1.6496436046436427 2.3514977414160967 2.8469430180266491 1.3512123990803928 1.8691854067146767 1.1506671439856302 3.4424403673037887 0.7200294500216845 1.4535103673115366 1.4391629528254273 2.3698869729414591 1.2948864009231327 1.7811881997622547 1.5227561341598619 1.2093575252220037 1.0236977576278148 1.2952731400728223 1.6412163311615584 0.66410429775714896 0.90005476027727116 0.58265899494290352 0.89422218222171079
leaf_count=22 20 21 28 27 19 28 36 12 37 12 39 15 34 27 26 15 29 18 27 23 13 28 30 6 10 35
internal_value=-0.000285554 0.0233738 -0.00417091 0.0192079 -0.00263982 0.00539853 -0.00834584 -0.0117545 0.0060063 -0.00447386 0.014415 -0.0212716 -0.0085837 0.000326654 -0.0195368 0.0215195 0.00608545 -0.0410555 -0.0251788 -0.0463429 -0.0469434 -0.0404103 -0.0633594 -0.0710626 -0.0648743 0.0630318
internal_weight=41.0895 5.79594 35.2936 5.34768 3.26688 3.98825 29.9459 27.099 9.45472 8.10351 5.31163 17.6442 10.75 9.36233 4.83275 4.52958 3.2347 6.89423 4.02739 2.46286 2.50463 2.79188 2.86685 2.14682 1.24676 1.80769
internal_count=637 106 531 66 46 50 465 429 128 116 76 301 182 154 76 78 63 119 58 50 40 40 61 46 40 56
cat_boundaries=0 1 2
cat_threshold=2 2
is_linear=0
shrinkage=0.06


Tree=73
num_leaves=26
num_cat=2
split_feature=1 8 0 15 3 14 13 0 5 13 2 2 9 16 8 3 9 3 8 13 19 10 0 6 1
split_gain=0.99661 1.265 1.27429 1.16552 1.14903 1.07194 1.29142 1.75862 1.40585 1.28382 1.12012 1.06841 0.994848 1.05579 0.871759 0.822658 0.909694 0.671236 0.598503 0.508605 0.0444764 0.00228039 0.0014873 0.000121136 2.51295e-05
threshold=82.500000000000014 3.1499999500000002 5.7049999000000007 76.500000000000014 12.490000000000002 0 4.8950000000000005 8.4949999000000016 6.924999950000001 4.6450000000000005 1.6225000000000003 1.9713000000000001 12.350000000000003 5.7450001000000013 192.15000000000003 19.170000000000005 35.049999000000007 22.530000000000005 24.050000500000003 4.8050000500000012 1 1.3550000000000002 6.3350000500000005 11.195000000000002 62.500000000000007
decision_type=8 8 10 2 8 9 8 10 10 10 10 10 8 10 8 8 8 8 8 10 9 10 10 10 10
left_child=5 -2 -3 4 -4 6 7 8 12 10 -7 14 -1 -14 20 16 19 21 -13 -11 -12 22 23 -10 -25
right_child=1 2 3 -5 -6 9 -8 -9 17 15 11 18 13 -15 -16 -17 -18 -19 -20 -21 -22 -23 -24 24 -26
leaf_value=0.047757657650935911 0.076838100227700226 -0.032110953498692314 -0.037597624077179773 0.059177163010978862 0.036442925659233426 0.022431916413699463 -0.064437537810205378 0.03518028609389505 -0.062692156116682204 0.0096285908082250522 -0.053558452366685314 0.024548570272430677 -0.044684878735353664 0.019173505560811197 -0.0053478498810848795 0.044577436549771046 0.043676049971324453 -0.01660523263145363 -0.023420459489478719 -0.043575052176340778 -0.069381426841458482 -0.067210321264380521 -0.06520173895765527 -0.061146047515149009 -0.061861126792956973
leaf_weight=1.1896834904327969 1.145847685635087 1.9700082950294024 1.4519408009946349 2.0870240069925785 1.5710068335756657 3.0021009407937544 1.8459664215333766 2.4171523470431557 0.47782385256141491 1.3284305185079572 1.1117235077545047 2.0334515823051338 2.0195732102729385 1.7308752927929161 1.5046732444316147 3.5284086344763637 1.4057896360754965 1.7007052581757305 1.7355674849823115 1.2607204355299471 1.5056574470363557 0.73877316899597634 0.8796027312055229 0.4036424825899303 0.3149788836017251
leaf_count=14 21 38 18 37 35 26 35 25 16 17 24 25 31 26 29 34 12 21 25 30 23 13 19 26 17
internal_value=-0.000284123 0.0183511 0.00888532 0.0246903 0.000880783 -0.00505426 -0.017751 -0.0104922 -0.0221675 0.00440374 -0.00876147 -0.0206288 -4.8772e-05 -0.0152135 -0.0417398 0.0234658 0.00481967 -0.0463661 0.00245967 -0.0162776 -0.0626607 -0.0643475 -0.0633288 -0.0619518 -0.0614595
internal_weight=40.3611 8.22583 7.07998 5.10997 3.02295 32.1353 13.7188 11.8728 9.45566 18.4165 10.8932 7.89107 4.94013 3.75045 4.12205 7.52335 3.99494 4.51553 3.76902 2.58915 2.61738 2.81482 2.07605 1.19645 0.718621
internal_count=637 149 128 90 53 488 243 208 183 245 152 126 71 57 76 93 59 112 50 47 47 91 78 59 43
cat_boundaries=0 1 2
cat_threshold=2 2
is_linear=0
shrinkage=0.06


Tree=74
num_leaves=28
num_cat=1
split_feature=15 0 7 11 2 13 15 9 9 0 11 11 11 1 11 2 1 8 1 1 1 1 3 8 15 16 8
split_gain=0.961702 0.986746 0.954135 1.18564 1.37038 2.3397 1.05588 1.07659 1.64051 0.913562 1.24997 0.942058 1.13852 1.09231 1.50832 0.970943 0.839281 0.667229 0.653493 0.60512 0.255264 0.00662668 0.00285763 0.000329424 0.000127246 2.89119e-05 1.19472e-05
threshold=84.500000000000014 9.9949999000000016 0 6.3100002000000011 1.9713000000000001 4.6150000000000011 79.500000000000014 12.050000000000002 21.650000500000004 5.8350000500000005 4.5750000500000008 5.0950000500000012 7.9299998 59.500000000000007 5.9749999000000011 2.0615500500000006 59.500000000000007 34.100000500000007 53.500000000000007 42.500000000000007 64.500000000000014 94.500000000000014 27.000000000000004 6.799999950000001 76.500000000000014 7.1949999500000006 266.55000500000006
decision_type=2 10 9 10 10 10 2 8 8 8 10 8 8 10 10 8 10 10 8 8 8 8 8 8 2 10 10
left_child=1 2 9 6 5 -5 7 -4 16 10 -1 -11 13 14 -13 -15 -9 -14 -10 -12 -6 22 23 -21 25 26 -25
right_child=-2 -3 3 4 20 -7 -8 8 18 11 19 12 17 15 -16 -17 -18 -19 -20 21 -22 -23 -24 24 -26 -27 -28
leaf_value=0.014965062930720259 0.041199392873737917 0.046146289173159341 0.065068332641052704 -0.026061257099332939 -0.058124365922724033 0.066006506851782415 -0.025957865584111336 0.0064797020273812175 0.0059419870006497165 -0.043842839150020109 6.7347782156503347e-05 -0.053177312880560303 0.005281382489115435 0.0095851088326237271 0.024740930215263197 0.07258000857128781 -0.057029996905106253 -0.049711795179903775 0.054603787040241145 -0.063325440327882287 -0.024288422053339299 -0.070197591769129181 -0.067233507803238945 -0.060796779177241501 -0.06238697492739876 -0.061687773047255971 -0.061354150306679511
leaf_weight=1.2884020688943589 1.9147740639746178 1.4499532505869854 1.9375990387052304 2.6032452657818785 1.7750548720359804 1.6071472810581324 1.717969044111668 1.9326769234612595 1.4908528719097374 1.9647371545433969 0.62971261236816678 1.5487640546634787 1.3236037734895956 1.9172858232632282 2.1167343864217401 1.6293544843792913 1.2231679549440739 1.9859857736155389 2.9780788403004408 0.57968467753380659 1.4652411770075557 0.5832277750596403 0.48647516220808018 0.41795118479058124 0.52048971131443977 0.31311420956626534 0.20702102547511458
leaf_count=27 25 27 18 35 28 17 20 36 17 37 12 23 19 30 25 14 23 25 37 18 22 9 6 38 22 15 12
internal_value=-0.000281964 -0.00238915 -0.00433085 0.00508228 -0.0134919 0.00908189 0.0173506 0.0251313 0.0149826 -0.0143989 -0.0359988 -0.00570452 0.0014171 0.0147871 -0.00818146 0.0385255 -0.0181359 -0.0277184 0.03837 -0.0535664 -0.042824 -0.0644332 -0.0631016 -0.0621155 -0.0616346 -0.0612172 -0.0609814
internal_weight=39.6083 37.6935 36.2436 18.731 7.45069 4.21039 11.2803 9.56238 7.62478 17.5125 5.02608 12.4865 10.5217 7.21214 3.6655 3.54664 3.15584 3.30959 4.46893 3.73768 3.2403 3.10796 2.52474 2.03826 1.45858 0.938086 0.624972
internal_count=637 612 585 253 102 52 151 131 113 332 159 173 136 92 48 44 59 44 54 132 50 120 111 105 87 65 50
cat_boundaries=0 1
cat_threshold=2
is_linear=0
shrinkage=0.06


Tree=75
num_leaves=27
num_cat=0
split_feature=1 0 1 6 9 16 16 12 6 6 0 5 2 3 8 0 12 6 2 5 13 0 12 3 13 3
split_gain=0.975412 0.943113 1.03088 1.11127 0.897439 1.20252 1.55183 1.06089 0.995035 1.54587 1.31025 0.873892 0.966521 0.868677 0.932944 0.879446 0.864238 0.553716 0.549339 0.10404 0.0197219 0.000770693 0.000765482 0.000325486 7.77793e-05 2.01038e-05
threshold=29.500000000000004 6.0400002000000006 73.500000000000014 10.595000000000001 8.849999900000002 6.7449999000000007 8.3649998000000014 5.0350001000000004 12.245000000000003 13.045000000000002 8.3950000000000014 7.2249999000000011 1.99665 14.645000000000001 60.700001000000007 4.565000050000001 6.565000050000001 12.865 1.7124500000000002 7.7249999000000011 4.4749999000000011 6.3250000500000008 8.3649998000000014 9.7850003000000019 4.3350000500000005 7.3250000500000008
decision_type=10 10 10 8 10 8 10 8 8 10 10 8 10 8 8 10 10 8 10 10 10 8 8 10 10 10
left_child=16 2 3 -2 7 8 11 -3 -6 -10 19 -7 -13 15 -15 -5 17 -1 -16 -11 -4 -18 23 24 -17 -26
right_child=1 4 20 13 5 6 -8 -9 9 10 -12 12 -14 14 18 22 21 -19 -20 -21 -22 -23 -24 -25 25 -27
leaf_value=0.037303662926957595 0.023150304326050891 0.062756223444430062 -0.051366822621408938 0.018069551211674261 -0.044680823085924776 0.056539501710345844 -0.034991765898659835 0.0021721083638803645 0.033937800477878276 -0.067190429799241821 0.007086778122327878 0.034953643820314031 -0.019698018602786384 0.033244286336560964 0.0040207086153735789 -0.062290644889095123 0.064987745346844122 -0.013545600737270463 -0.062688673262257341 -0.042107423597373288 -0.065131207680693678 0.062239144222404792 -0.065045129306080252 -0.063372291789070168 -0.061084604482070648 -0.061736650322393047
leaf_weight=1.3330623731017106 2.540880513377485 1.8042207863181854 0.54529672302305598 0.60254987888038281 3.1387267941609034 2.3239428754895908 1.8761247657239435 2.4582371236756444 2.503270212560893 1.2909170351922514 2.4021063344553113 2.7332003656774759 2.0303140347823501 1.4633587202988567 0.83722206205129601 0.5669160205870869 0.71941594313830104 1.8282656250521538 0.94712623627856374 1.1047912668436763 1.1981671922840176 0.75022546155378234 0.46485597826540459 0.70693922601640213 0.42233473528176546 0.28516167402267456
leaf_count=18 31 20 30 7 38 21 23 29 28 22 23 28 27 26 5 23 14 25 36 20 31 31 10 26 31 14
internal_value=-0.000275419 -0.00377022 -0.0186613 -0.0103428 0.00288745 -0.0025888 0.0135312 0.0278163 -0.0164294 -0.00428409 -0.0242264 0.0263757 0.0116599 -0.0238587 -0.00226607 -0.0468603 0.0255691 0.00789641 -0.0313884 -0.0556233 -0.0608262 0.0635846 -0.0628539 -0.0623398 -0.061767 -0.0613474
internal_weight=38.8776 34.2467 10.5808 8.83735 23.6659 19.4034 8.96358 4.26246 10.4398 7.30108 4.79781 7.08746 4.76351 6.29646 3.24771 3.04876 4.63097 3.16133 1.78435 2.39571 1.74346 1.46964 2.44621 1.98135 1.27441 0.707496
internal_count=637 549 270 209 279 230 99 49 131 93 65 76 55 178 67 111 88 43 41 42 61 45 104 94 68 45
is_linear=0
shrinkage=0.06


Tree=76
num_leaves=28
num_cat=1
split_feature=1 0 15 9 10 15 12 15 8 13 10 11 2 9 6 0 3 11 2 15 3 0 6 12 7 3 0
split_gain=0.903296 1.03287 0.8287 0.922801 1.10387 0.772482 0.746671 1.0893 1.43304 1.2983 1.31106 1.05619 1.02377 1.25998 1.41606 1.17185 1.08551 0.903572 0.867153 0.382998 0.0383142 0.0088724 0.00145234 0.000372662 0.000349363 9.80322e-05 2.68601e-05
threshold=36.500000000000007 7.1849999500000008 64.500000000000014 11.750000000000002 1.2250000000000003 70.500000000000014 8.2899999500000003 77.500000000000014 1.0000000180025095e-35 4.674999950000001 1.0950000000000004 7.5799999000000016 1.9570499500000003 15.050000000000002 12.605000000000002 7.315000050000001 32.985000500000005 4.4849999000000009 2.1576999500000005 79.500000000000014 12.005000000000001 7.2500000000000009 10.360000000000001 5.6050000000000013 0 16.684999500000004 6.0400002000000006
decision_type=10 10 2 10 8 2 10 2 8 8 8 10 8 10 10 10 8 8 8 2 8 10 10 8 9 8 10
left_child=1 5 3 -2 -5 -1 7 11 -9 10 -10 12 16 15 20 18 17 -4 -14 -11 -15 22 -19 -3 26 -25 -24
right_child=2 23 6 4 -6 -7 -8 8 9 19 -12 -13 13 14 -16 -17 -18 21 -20 -21 -22 -23 24 25 -26 -27 -28
leaf_value=-0.02712435542776296 0.051019907082929715 0.064047891334122781 0.0026458745150740753 -0.038943824731411059 0.033644843231825004 0.028128330804122463 0.022160686530327944 0.064829880670041418 -0.02826696515489148 -0.012966854826665319 0.036456511560935628 -0.065192611646856691 -0.038766609029185536 -0.053345048418436458 0.005035087594702288 0.061399634251216466 0.012008568010686341 -0.065874629629515957 0.025661393236544025 -0.05923636375947073 -0.069462920515191998 -0.069569502445998355 -0.06101831872948725 0.062820915553464834 -0.063350041698621309 0.061643684468686656 -0.061736255620761155
leaf_weight=1.5508866617456072 1.9300719369202841 0.55565983615815606 0.87988934386522366 1.4860644629225137 1.5313955559395251 2.2075561862438917 2.6670568631961933 1.2664090981706948 1.7303451695479459 1.1694113020785155 3.229518249630928 1.6978375609032799 1.3365025306120517 1.0767648406326773 2.549608142580837 1.5598736125975845 1.2859526937827466 0.52115315664559636 1.7197791952639816 1.4335251096636055 1.0474082485307006 1.4074337910860775 0.4533398412168026 0.43208709824830283 0.50039025489240863 0.62012651143595587 0.320042435079813
leaf_count=22 20 13 17 27 19 28 36 12 37 15 39 27 39 23 34 16 19 9 20 25 19 14 36 13 15 30 13
internal_value=-0.000274679 0.0225458 -0.0040083 0.0186199 -0.00210424 0.00532882 -0.00802786 -0.0112248 0.00575885 -0.00413273 0.0138765 -0.0203928 -0.0152037 -0.00314993 -0.02511 0.0190843 -0.0360632 -0.0512064 -0.00251277 -0.038449 -0.0612926 -0.066003 -0.0632064 0.0627909 -0.0621147 0.0621271 -0.0613154
internal_weight=38.1661 5.36632 32.7998 4.94753 3.01746 3.75844 27.8522 25.1852 8.82921 7.5628 4.95986 16.356 14.6581 9.28994 4.67378 4.61616 5.3682 4.08225 3.05628 2.60294 2.12417 3.20236 1.79493 1.60787 1.27377 1.05221 0.773382
internal_count=637 106 531 66 46 50 465 429 128 116 76 301 274 151 76 75 123 104 59 40 42 87 73 56 64 43 49
cat_boundaries=0 1
cat_threshold=2
is_linear=0
shrinkage=0.06


Tree=77
num_leaves=29
num_cat=2
split_feature=6 0 6 1 1 10 2 11 10 3 5 14 10 2 0 9 6 1 2 15 11 2 1 10 0 4 15 3
split_gain=0.920824 1.29979 1.33771 0.96136 0.839321 0.976278 1.09329 0.672007 0.647027 0.959943 0.913457 0.985588 1.31565 0.997499 0.668784 1.26351 0.733803 0.587166 0.514694 0.488446 0.178652 0.0366519 0.0100456 0.00158469 0.000518355 0.000230629 0.000171507 8.75617e-05
threshold=16.150000500000001 7.315000050000001 13.145000000000001 23.500000000000004 71.500000000000014 1.1850000000000003 2.0615500500000006 6.4349999500000008 0.92500001500000006 1.0000000180025095e-35 7.1250000000000009 0 1.0750000500000001 1.7794000000000001 6.0850000500000005 12.350000000000003 9.9349999000000029 79.500000000000014 1.9621000000000002 66.500000000000014 6.9700000000000015 1.6705000000000003 72.500000000000014 1.2650000000000003 7.0950000500000012 1 67.500000000000014 20.470000000000002
decision_type=10 10 10 10 8 10 8 10 8 10 8 9 8 10 10 10 10 10 10 2 8 10 10 10 10 9 2 8
left_child=1 2 3 -1 5 6 -3 -7 9 -5 14 13 -13 -12 15 -10 -17 22 -14 -4 21 -21 27 26 -23 -18 -15 -6
right_child=-2 4 19 8 17 7 -8 -9 10 -11 11 12 18 23 -16 16 25 -19 -20 20 -22 24 -24 -25 -26 -27 -28 -29
leaf_value=0.034564327064711006 -0.051891027639597513 -0.035931141995411524 -0.0018478347054907659 0.021270569126498759 0.062497912293057373 0.045118628878941504 0.020436456459373406 7.7112226296526294e-05 0.030619297374839389 -0.066010367044839521 0.0061451114129298942 0.055202551693022753 0.0014947770571301885 -0.063328445501299596 0.034538197119428633 0.013922662373290729 -0.062055229411378456 0.015871962547858342 -0.043504094706972175 -0.081809164558007574 -0.03268222599107963 -0.061423499540707673 0.070922383300524805 -0.065669812598608907 -0.064107556788332742 -0.063665098387940267 -0.061816657637239689 0.061289642481336115
leaf_weight=2.3418811978772345 1.2041763812303532 2.7955279201269114 0.73753597214817945 0.66999132744968237 0.39258548710495345 2.9065158050507307 2.224404364824295 2.0221017561852932 2.0482933996245238 1.4047968259546904 1.0826761727221312 1.2239287360571323 2.3198944092728202 0.47362879896536492 3.1055632792413235 0.68389577697962511 0.75515250163152814 1.5711617991328237 1.5110925273038445 0.53785770386457477 0.69903371110558499 0.60495623014867284 0.87870001792907715 1.1211070092394946 0.45298472046852112 0.55639860499650218 0.62880641128867865 0.47980713844299316
leaf_count=32 17 29 13 8 14 34 25 17 26 38 17 21 36 15 30 8 33 18 29 4 19 37 8 26 10 14 31 28
internal_value=-0.000273796 0.00144179 -0.00719832 -0.00154869 0.0163898 0.0076701 -0.0109538 0.0266391 -0.00635798 -0.0378256 -0.00214865 -0.0156129 0.0010471 -0.0410846 0.0135979 -0.00248418 -0.0364644 0.0425012 -0.0162546 -0.0443247 -0.0579763 -0.0690563 0.0663942 -0.0640814 -0.0625727 -0.0627382 -0.0624662 0.0618334
internal_weight=37.4345 36.2303 22.9595 19.9271 13.2708 9.94855 5.01993 4.92862 17.5852 2.07479 15.5104 8.36113 5.05492 3.30622 7.1493 4.04374 1.99545 3.32225 3.83099 3.03237 2.29483 1.5958 1.75109 2.22354 1.05794 1.31155 1.10244 0.872393
internal_count=637 620 447 364 173 105 54 51 332 46 286 175 86 89 111 81 55 68 65 83 70 51 50 72 47 47 46 42
cat_boundaries=0 1 2
cat_threshold=2 2
is_linear=0
shrinkage=0.06


Tree=78
num_leaves=29
num_cat=2
split_feature=2 10 0 1 12 1 2 15 9 8 10 9 11 0 7 10 11 10 8 16 9 12 0 1 11 18 5 12
split_gain=0.87078 0.836426 0.795723 1.05767 1.01661 1.17686 1.03511 0.962506 1.06943 1.05296 1.04957 1.15579 1.10672 0.844815 0.842088 1.16849 0.845867 0.772241 0.708854 0.679788 0.483169 0.369302 0.10261 0.0219522 0.00235987 0.00124263 0.000838486 0.000109488
threshold=1.4093499500000002 0.90500000500000011 6.0400002000000006 72.500000000000014 4.7600000000000007 72.500000000000014 1.7622000000000002 75.500000000000014 14.750000000000002 5.7500000000000009 1.4450000500000002 15.050000000000002 6.6050000000000013 8.2750001000000015 0 1.0450000000000002 4.5750000500000008 1.3350000000000002 4.1500001000000006 6.5750000500000008 12.65 5.6050000000000013 5.1649999500000012 85.500000000000014 5.3050000500000012 1 6.9349999500000008 4.065000050000001
decision_type=10 10 10 8 10 10 10 2 8 8 8 10 10 10 9 10 10 8 8 8 10 10 10 8 10 9 10 8
left_child=1 -1 4 7 18 6 -6 9 -9 -4 11 -11 -13 -10 16 -16 -8 19 -2 -5 -3 -22 -18 25 -24 -20 -7 -27
right_child=2 20 3 17 5 26 14 8 13 10 -12 12 -14 -15 15 -17 22 -19 23 -21 21 -23 24 -25 -26 27 -28 -29
leaf_value=-0.017578383080326505 0.0169191642101311 0.066919149684020102 -0.0352199910710057 0.01790213249317418 0.050726635870708268 -0.065687669944055213 0.027716141249100615 -0.063082710904308503 -0.028986702456945304 0.053197820432406152 -0.022648766939808808 -0.037133431131181997 0.031212030828512063 0.025589715349836343 0.052948875404251257 -0.022010416416373614 -0.031482399044754056 -0.0063748362691944697 -0.065474729772454138 0.069718563934345112 -0.0088734450754380054 0.045192150292594629 -0.067251993454926343 -0.07746345907085983 -0.062155664930693126 -0.062587767481072767 -0.062398038377200003 -0.061208394502128366
leaf_weight=1.2301726322621096 0.44114630855619763 1.4107137611135843 1.831716292537753 2.018334679305553 1.2897812929004429 0.57690270966850199 0.57354512624442611 1.7747955061495293 2.6191366016864777 3.098034545313566 2.051180439069868 1.4548702323809268 2.0616086907684803 1.6734636984765527 1.3682501222938301 1.6532163890078662 0.46121808141469944 1.831750134937465 0.56915021268650845 1.6620287932455537 0.84611526504158951 0.98348880931735039 0.55924971820786573 0.54900589073076855 0.78796673566102982 0.38160863844677806 0.54005503584630787 0.45316623942926526
leaf_count=13 7 25 25 32 23 14 11 21 37 36 22 28 16 20 14 32 20 29 14 21 9 32 14 13 37 16 26 30
internal_value=-0.000275276 0.0245426 -0.0037122 0.00269221 -0.0175681 -0.00708296 0.00243149 -0.00488348 -0.0239074 0.00611214 0.0148487 0.0264768 0.00293551 -0.00771017 -0.00909637 0.0119344 -0.0357732 0.0254584 -0.0517739 0.0413021 0.0405336 0.0201891 -0.0559089 -0.0672909 -0.0642712 -0.0633129 -0.0640971 -0.061839
internal_weight=36.7517 4.47049 32.2812 22.0769 10.2043 7.81019 6.69323 16.5648 6.0674 10.4974 8.66569 6.61451 3.51648 4.2926 5.40345 3.02147 2.38198 5.51211 2.39408 3.68036 3.24032 1.8296 1.80843 1.95293 1.34722 1.40393 1.11696 0.834775
internal_count=637 79 558 287 271 191 151 205 78 127 102 80 44 57 128 46 82 82 80 53 66 41 71 73 51 60 40 46
cat_boundaries=0 1 2
cat_threshold=2 1
is_linear=0
shrinkage=0.06


Tree=79
num_leaves=28
num_cat=2
split_feature=15 0 7 17 15 4 1 0 13 8 3 8 2 2 12 16 16 6 15 0 2 9 1 10 0 6 0
split_gain=0.814386 0.827248 0.809825 0.978714 1.27669 1.31094 0.82774 1.19966 1.1839 0.827438 0.783014 0.752752 1.15747 1.4208 0.871046 1.14028 1.22543 0.841566 0.694391 0.573943 0.455851 0.232386 0.0606441 0.0555811 0.00808607 0.00219119 0.000317415
threshold=84.500000000000014 9.9949999000000016 0 13.750000000000002 76.500000000000014 1 46.500000000000007 7.4649999000000014 4.674999950000001 3.69999995 15.195000000000002 287.44999500000006 1.9545999500000002 1.9853500000000002 8.2899999500000003 6.8850000000000007 5.8850000000000007 12.545000000000002 80.500000000000014 7.1250000000000009 2.0048999500000004 14.550000000000002 48.500000000000007 1.2650000000000003 7.5000000000000009 11.295000000000002 6.4799998000000008
decision_type=2 10 9 8 2 9 10 8 10 10 10 10 8 8 8 8 10 8 2 10 8 8 8 8 10 8 10
left_child=1 2 11 4 5 10 -7 8 -8 -6 -4 12 18 -14 15 16 19 -13 22 -15 -5 -11 -1 -17 25 -24 -27
right_child=-2 -3 3 20 9 6 7 -9 -10 21 -12 17 13 14 -16 23 -18 -19 -20 -21 -22 -23 24 -25 -26 26 -28
leaf_value=-0.044830500101735636 0.039773668324775538 0.044546914683516445 -0.048263815583563872 0.013806043861631834 0.011147303980607579 0.060017732671451766 -0.054368699633549955 0.05252612033356599 0.024030048170631806 -0.069080985143782747 0.014445635629076746 0.033499240739996612 0.051116591840458046 -0.066183366756452061 0.026593279035036121 -0.070445769517456125 0.031533811403364025 -0.029337385554265703 -0.002885099407437437 -0.0060221146025123745 0.054084419847018554 -0.033504593451948006 -0.066722272673358743 -0.051600339966388346 -0.072097274296594668 -0.061442576616625541 -0.063600626211564912
leaf_weight=0.58809347078203966 1.7401583921164263 1.3053365261293937 1.82265941798687 2.5029251608066252 1.0911713144741946 1.7250931467860953 1.3080191370099785 1.5895194970071314 1.4757808437570927 1.2969932910054924 1.1814539767801759 2.177812568843366 1.2374912444502104 1.1561998811084793 1.2879594601690767 1.1971066026017072 1.6374801928177474 1.1847006091848014 0.94076776551082719 1.1276383521035311 1.6976113785058258 1.3479038709774611 0.72613936942070734 1.0642979368567465 0.64366059936583031 0.55959639581851672 0.43694670870900154
leaf_count=19 25 27 33 28 10 36 26 16 17 18 17 33 19 35 20 25 35 28 16 13 26 26 18 15 7 37 12
internal_value=-0.000269532 -0.00230045 -0.00415325 0.00494441 -0.00328084 0.0088408 0.0248221 0.0109388 -0.012807 -0.0328139 -0.0236015 -0.0138625 -0.0205917 -0.00843091 -0.0182947 -0.0276456 -0.00807789 0.0113603 -0.0477787 -0.0364789 0.0300842 -0.0509504 -0.0620739 -0.0615764 -0.0663593 -0.0642154 -0.0623888
internal_weight=36.0505 34.3104 33.005 17.0391 12.8386 9.10253 6.09841 4.37332 2.7838 3.73607 3.00411 15.9659 12.6034 8.70817 7.47068 6.18272 3.92132 3.36251 3.8952 2.28384 4.20054 2.6449 2.95444 2.2614 2.36634 1.72268 0.996543
internal_count=637 612 585 253 199 145 95 59 43 54 50 332 271 162 143 123 83 61 109 48 54 44 93 40 74 67 49
cat_boundaries=0 1 2
cat_threshold=2 2
is_linear=0
shrinkage=0.06


Tree=80
num_leaves=25
num_cat=2
split_feature=6 0 6 1 10 6 3 1 8 9 15 6 6 4 16 8 5 4 0 1 1 3 8 8
split_gain=0.807142 1.08835 1.19573 0.756506 0.839703 0.740975 0.720713 0.631808 0.690994 0.938069 1.05364 0.917118 1.47857 1.01603 0.943715 0.614955 0.239634 0.165572 0.00387345 0.00220346 0.000448916 0.00016638 0.000124747 8.373e-06
threshold=16.150000500000001 7.315000050000001 13.750000000000002 82.500000000000014 1.0850000000000002 13.205000000000002 16.025000500000004 23.500000000000004 63.549999000000007 7.7500000000000009 78.500000000000014 12.145000000000001 11.310000000000002 0 6.1649999500000012 21.750000000000004 5.3550000000000013 1 6.3950000000000005 50.500000000000007 64.500000000000014 8.5000000000000018 236.00000000000003 287.44999500000006
decision_type=10 10 10 8 8 8 8 10 10 10 2 10 10 9 10 10 10 9 10 10 10 10 10 10
left_child=1 2 7 4 -3 -6 -7 -1 11 -10 16 12 13 14 -9 -13 -11 -5 21 -4 -14 22 -18 -23
right_child=-2 3 19 17 5 6 -8 8 9 10 -12 15 20 -15 -16 -17 18 -19 -20 -21 -22 23 -24 -25
leaf_value=0.024369166358356391 -0.049966237313558544 -0.01730430179220567 -0.067517559644047612 0.027020296184292636 -0.0012556690944625852 0.009164180031240466 0.058313206381629616 -0.061949997377458023 0.010590193960860457 -0.019066034542107771 0.0030306587185466301 0.0060497556639344885 -0.063230950382001702 0.027027463597958556 0.011954152900823479 0.05486578405355437 -0.063044758980741425 0.064514448249175141 -0.066489432771793894 -0.062354830507591517 -0.065333474915906922 -0.060902872440327882 -0.061639117264744192 -0.061354757117951797
leaf_weight=2.5855227159336271 1.1387022733688343 3.0543439704924777 0.51761489082127699 0.66369125992059708 3.3667156677693137 1.9489449355751274 2.3927206741645932 1.2406989424489441 2.1710086618550113 0.51012531947344575 1.5861229901202021 2.3328463402576749 0.68100001011043765 2.982962919399144 1.2474071462638674 1.543799311853945 0.5024585663340988 1.1740118358284242 1.18215766409412 0.70020614238455892 0.78930970979854465 0.30934327398426831 0.41503657633438706 0.2823457270860672
leaf_count=36 17 36 9 17 31 19 32 30 32 11 36 37 24 31 20 18 21 38 23 33 20 27 24 15
internal_value=-0.000272126 0.00138341 -0.00679776 0.0153948 0.00931984 0.0198693 0.0362505 -0.00334376 -0.00737446 -0.0221239 -0.0369587 0.00211301 -0.0109425 0.00341292 -0.0248983 0.0254898 -0.0567709 0.0509733 -0.0639176 -0.0645492 -0.0643597 -0.061903 -0.0624089 -0.0611185
internal_weight=35.3191 34.1804 21.58 12.6004 10.7627 7.70838 4.34167 20.3621 17.7766 6.9586 4.78759 10.818 6.94138 5.47107 2.48811 3.87665 3.20147 1.8377 2.69134 1.21782 1.47031 1.50918 0.917495 0.591689
internal_count=637 620 447 173 118 82 51 405 369 189 157 180 125 81 50 55 121 55 110 42 44 87 45 42
cat_boundaries=0 1 2
cat_threshold=2 2
is_linear=0
shrinkage=0.06


Tree=81
num_leaves=28
num_cat=1
split_feature=2 3 2 17 16 13 1 12 11 14 8 3 3 9 10 3 3 3 5 9 8 3 6 0 1 10 13
split_gain=0.814653 0.709688 1.00842 0.81758 0.869014 0.859449 0.939024 1.43674 1.12074 0.919262 1.31504 1.9033 0.981197 0.892672 0.708901 0.540354 0.529657 0.466239 0.365988 0.340709 0.222824 0.0407175 0.0223981 0.00819347 0.00205095 0.000666197 5.50254e-05
threshold=1.4093499500000002 6.4050000000000011 2.0693000500000003 9.5500002000000013 4.5100000000000007 5.2550001000000011 44.500000000000007 4.7349999000000009 6.6050000000000013 0 31.750000000000004 14.645000000000001 8.5949998000000019 15.15 0.90500000500000011 29.850000500000004 16.684999500000004 9.9200001000000011 6.924999950000001 8.849999900000002 9.4000001000000015 14.030000000000003 12.125000000000002 7.4399998000000007 50.500000000000007 1.3049999500000002 4.1949999500000006
decision_type=10 8 10 10 8 8 10 10 8 9 8 10 10 10 10 10 8 10 10 10 10 10 10 10 10 10 10
left_child=14 2 20 4 -3 6 8 19 18 13 11 -11 -12 -9 -1 21 -15 -16 -6 -8 -2 -14 -21 -23 -22 26 -26
right_child=1 3 -4 -5 5 -7 7 9 -10 10 12 -13 15 16 17 -17 -18 -19 -20 22 24 23 -24 -25 25 -27 -28
leaf_value=-0.015250106239657736 -0.01354136167789438 0.04326678343863908 0.018461288898746063 0.045482719308349337 0.017652207847704375 -0.045993447293583026 -0.015147676597966953 0.039449404135621126 0.05284428220994912 -0.036394235553544534 0.0072960415299920039 0.04864208466036038 -0.050957303788091747 -0.032850171741110226 0.05937910049809321 -0.016501751731894058 0.020006146646737229 0.011298290946104267 -0.028488006419258576 -0.052722098483912412 -0.066769304535418253 -0.063382264084025336 -0.065928274643753948 -0.071223119166543211 -0.062025318033635556 -0.064692590401944833 -0.060899727870794396
leaf_weight=1.1608740109950293 0.38134323945269333 1.387738115619874 0.99872024450451125 1.3187140091322351 1.2042205128818815 1.7553788106888522 0.81255605863407554 3.1018852000124753 2.1912627723067999 1.5972412428818619 1.7004743413999683 2.3295005727559328 0.76175009459257159 1.4270593272522094 1.7950649093836548 1.3813627660274503 1.3081175051629541 1.2191720101982353 1.2732423674315212 0.72107589570805464 0.7140431066509334 0.94756272155791499 1.2884799339808521 0.97187149524688721 0.27758751972578466 0.33660673350095749 0.35799554968252778
leaf_count=13 9 26 23 16 18 31 15 39 35 34 25 21 23 23 30 12 22 36 24 17 14 33 33 9 14 8 34
internal_value=-0.00027033 -0.00366815 -0.0310465 -0.000613145 -0.00293675 -0.00552498 -0.00243876 -0.00855174 0.0215863 -0.00139392 -0.012725 0.0140527 -0.0309704 0.0174161 0.0245887 -0.0469878 -0.00757127 0.0399318 -0.00606063 -0.047933 -0.0549606 -0.0626944 -0.0611896 -0.0673523 -0.0643277 -0.0625343 -0.0613913
internal_weight=34.7209 30.5458 3.0663 27.4795 26.1608 24.773 23.0177 18.3489 4.66873 15.5268 9.68976 3.92674 5.76302 5.83706 4.17511 4.06255 2.73518 3.01424 2.47746 2.82211 2.06758 2.68118 2.00956 1.91943 1.68623 0.97219 0.635583
internal_count=637 558 102 456 440 414 383 306 77 241 157 55 102 84 79 77 45 66 42 65 79 65 50 42 70 56 48
cat_boundaries=0 1
cat_threshold=4
is_linear=0
shrinkage=0.06


Tree=82
num_leaves=28
num_cat=1
split_feature=2 0 0 7 0 10 9 9 8 16 5 1 15 11 12 16 10 8 10 3 9 11 1 0 6 15 0
split_gain=0.736614 0.654051 0.732902 0.693541 1.13416 1.01063 0.950507 1.45491 1.02011 0.911693 0.856775 0.902011 0.756032 0.746237 0.736627 0.699448 0.647072 0.575393 0.555959 0.533653 0.459413 0.435674 0.24613 0.00534515 0.00335587 0.00049276 0.000265104
threshold=1.4093499500000002 9.9949999000000016 9.7550001500000025 0 7.8300002000000015 0.99500000500000019 11.750000000000002 29.050000000000004 113.75000000000001 7.7049999000000007 5.8799999000000005 59.500000000000007 72.500000000000014 6.0250001000000006 4.7349999000000009 6.7049999000000007 0.90500000500000011 58.799999000000007 1.385 19.170000000000005 17.050000000000004 6.565000050000001 60.500000000000007 7.2349999000000009 11.360000000000001 69.500000000000014 6.3250000500000008
decision_type=10 10 8 9 10 8 10 10 8 10 8 8 2 8 10 8 10 10 10 10 8 8 10 10 10 2 10
left_child=16 2 3 5 6 19 21 8 15 10 -7 12 -12 -14 -13 -8 -1 -6 22 24 -18 -5 -16 25 -2 -10 -26
right_child=1 -3 -4 4 17 9 7 -9 23 -11 11 14 13 -15 18 -17 20 -19 -20 -21 -22 -23 -24 -25 26 -27 -28
leaf_value=-0.014357616095324972 -0.067554623185119067 0.0418335350316347 -0.043821289226398302 0.042901091575765993 0.067478547195710253 -0.049463015812022892 -0.039961105152824784 0.033246676028682171 -0.064438511350979527 -0.051533261897824145 -0.055491269986042722 -0.020130892232401141 -0.03087357642645042 0.033058699460601929 0.077224125351526438 0.010537678516604393 0.017209232787215194 0.015139847943397245 0.0039387359555723717 -0.00016891159013442247 0.064941576925714617 0.0003852351469156269 0.038546426377352866 -0.069695916436082417 -0.061210766067763024 -0.061930410169299378 -0.063246822862745841
leaf_weight=1.1591099658980955 0.84570391499437325 1.1019966015592206 1.6719726929441083 1.8832461852580364 1.3734062938019644 1.0460514132864744 1.7725157961249349 1.7662417460232971 0.52381949080154278 1.3238001684658236 1.0958457163069391 0.96649164101108986 1.2130012135021391 1.4345951159484682 1.0377573650330312 2.2292380034923553 1.6207253597676756 1.6825590990483759 1.1152641158550975 0.62011175043880928 1.314784121699631 1.6090259868651626 1.3798734406009314 0.72063173726201046 0.41776483645662665 0.61085217539221048 0.5128133911639452
leaf_count=13 20 21 29 24 22 21 28 18 14 35 31 30 28 16 11 28 31 19 18 8 35 20 36 8 31 28 14
internal_value=-0.000269334 -0.00353215 -0.00526485 -0.00289311 0.00628963 -0.0128964 -0.00261034 -0.0144857 -0.0288797 -0.00494963 0.00168922 0.00818066 -0.0135794 0.00376801 0.0262848 -0.01183 0.0236001 0.0386618 0.0389827 -0.0480895 0.0385881 0.0233124 0.0551487 -0.0656548 -0.0648189 -0.0630883 -0.0623328
internal_weight=34.0492 29.9546 28.8526 27.1806 14.1715 13.0091 11.1156 7.6233 5.85706 10.6127 9.28888 8.24283 3.74344 2.6476 4.49939 4.00175 4.09462 3.05597 3.53289 2.39639 2.93551 3.49227 2.41763 1.8553 1.77628 1.13467 0.930578
internal_count=637 558 537 508 209 299 168 124 106 226 191 170 75 44 95 56 79 41 65 73 66 44 47 50 65 42 45
cat_boundaries=0 1
cat_threshold=2
is_linear=0
shrinkage=0.06


Tree=83
num_leaves=26
num_cat=2
split_feature=15 0 7 11 2 12 15 0 8 2 2 13 16 3 1 6 17 12 4 15 9 1 0 6 0
split_gain=0.692674 0.672614 0.635995 0.914832 1.12612 0.856479 0.821154 0.703464 0.678507 1.05814 1.15707 0.819529 1.15534 1.06985 0.841893 0.701695 0.592138 0.609114 0.587965 0.584275 0.126696 0.0595145 0.00555751 0.00159287 0.000177799
threshold=84.500000000000014 9.9949999000000016 0 6.3100002000000011 1.8695500000000003 5.0050001000000011 74.500000000000014 6.7249999000000011 287.44999500000006 1.9545999500000002 1.9853500000000002 4.8950000000000005 7.5100000000000007 28.010000500000004 49.500000000000007 12.545000000000002 9.5500002000000013 6.1350000000000007 1 80.500000000000014 13.550000000000002 48.500000000000007 7.5000000000000009 11.295000000000002 6.4799998000000008
decision_type=2 10 9 10 10 10 2 10 10 8 8 10 10 8 10 8 8 10 9 2 10 8 10 8 10
left_child=1 2 8 5 -5 18 7 -6 9 19 -11 12 13 14 -12 -10 17 -7 -4 21 -16 -1 23 -23 -25
right_child=-2 -3 3 4 6 16 -8 -9 15 10 11 -13 -14 -15 20 -17 -18 -19 -20 -21 -22 22 -24 24 -26
leaf_value=-0.043112542674427337 0.037875951388090023 0.042282789354150349 -0.041107107026816248 0.023379374340273401 -0.047722256420673403 0.039674000047207197 -0.064747334849644192 0.014845100826995855 0.032464147478527515 0.048320556553414204 0.017063827161275961 -0.056478994518864969 -0.06640207574023739 0.041613141718172521 -0.0280734890426876 -0.027021797702990392 0.056365928771786318 -0.0061622009281022119 0.011118929232094923 -0.0047511467589974338 -0.065484131240818519 -0.065988748590562252 -0.070623215194563549 -0.061326485812329322 -0.063040861608256629
leaf_weight=0.5280774214770626 1.6304605538025487 1.1770547060295928 1.2381481202319264 2.0460796449333438 1.0860475525259974 2.0730795278213918 1.6002887035720048 1.599942593835294 2.0540857133455588 1.1422562231309701 1.279409941751511 1.478114146273583 0.94477718695998181 1.8481855746358631 0.53885322879068531 1.094125965144485 1.990420328453183 2.1019996688701212 2.0792232342064398 0.88244111323729146 0.8246043489780277 0.6508366963826121 0.58149236999452103 0.49676641356199991 0.38778499513864517
leaf_count=19 25 27 28 30 29 30 22 21 33 19 24 27 22 24 17 28 26 36 31 16 29 18 7 37 12
internal_value=-0.000263774 -0.00222397 -0.00393892 0.0044168 -0.0132424 0.0162091 -0.030724 -0.0104533 -0.0129091 -0.0196221 -0.00762253 -0.0168649 -0.00609304 0.0065941 -0.0178951 0.0117905 0.0294358 0.0165971 -0.00837348 -0.0470277 -0.050699 -0.0611325 -0.0656277 -0.0637358 -0.0620781
internal_weight=33.3546 31.7241 30.547 15.8152 6.33236 9.48287 4.28628 2.68599 14.7318 11.5836 8.0562 6.91394 5.43583 4.49105 2.64287 3.14821 6.1655 4.17508 3.31737 3.5274 1.36346 2.64496 2.11688 1.53539 0.884551
internal_count=637 612 585 253 102 151 72 50 332 271 162 143 116 94 70 61 92 66 59 109 46 93 74 67 49
cat_boundaries=0 1 2
cat_threshold=2 2
is_linear=0
shrinkage=0.06


Tree=84
num_leaves=27
num_cat=1
split_feature=2 3 2 17 16 1 12 15 8 3 6 12 9 10 0 5 10 9 9 1 12 12 19 6 1 10
split_gain=0.670202 0.62248 0.917319 0.699375 0.72509 0.742346 1.45968 0.822885 1.15871 1.51255 1.05944 1.30172 1.90564 0.727193 0.648011 0.744417 0.584297 0.449265 0.383416 0.342878 0.324448 0.197403 0.0413981 0.00451042 0.00133649 0.000480601
threshold=1.4093499500000002 6.4050000000000011 2.0693000500000003 9.5500002000000013 4.5100000000000007 44.500000000000007 4.7349999000000009 65.500000000000014 31.750000000000004 14.260000000000002 10.445000000000002 6.3950000000000005 21.849999500000003 1.3150000000000002 5.5750000500000008 7.2550001000000011 0.90500000500000011 12.65 13.450000000000001 66.500000000000014 5.6050000000000013 4.5950000500000012 0 15.155000000000003 50.500000000000007 1.2550000000000001
decision_type=10 8 10 10 8 10 10 2 8 10 10 10 8 8 10 10 10 10 10 10 10 8 9 8 10 10
left_child=16 2 21 4 -3 14 19 13 9 18 -10 12 -12 -8 -6 -16 -1 -18 -9 23 -19 -2 -13 -7 -23 -26
right_child=1 3 -4 -5 5 6 7 8 10 -11 11 22 -14 -15 15 -17 17 20 -20 -21 -22 24 -24 -25 25 -27
leaf_value=-0.013328718787868038 -0.01681440455704206 0.040616936622038607 0.017452736504772862 0.043188500332697347 -0.020765232214992446 -0.061539131240318116 -0.001904299526794767 -0.049206940900803554 0.017351407054910613 0.04243617895461424 -0.051968892749210786 -0.057559451809261919 0.051522527663703778 0.058250770791832933 0.049211395019335816 -0.0054567060724735727 0.065651001183248833 -0.010677927762300992 -0.0011794951512178612 -0.022695228939498172 0.043094015091262948 -0.066165131750096334 -0.07169614408998512 -0.067405081218462545 -0.061111575127851585 -0.064046306363136088
leaf_weight=1.1381929963827127 0.40052728890441636 1.3152499585412503 0.97171500977128733 1.2548139123246063 1.3404692709445978 0.90774094406515637 1.5963278915733092 1.0887355403974628 1.6066816113889224 2.7164148483425379 1.4717840515077116 1.4269660119898617 1.1340776551514862 1.3230472672730682 2.2910795593634252 1.4733729567378757 1.1882896055467429 0.78308073151856639 1.3286985703743992 1.1199637274257837 0.83437871234491467 0.69396437355317175 1.5621038116514683 0.98280982207506906 0.40406701806932688 0.39950412325561047
leaf_count=13 21 26 23 16 13 29 32 16 24 30 38 32 16 16 39 31 25 9 25 30 32 13 19 24 35 10
internal_value=-0.000266274 -0.00344179 -0.0299576 -0.000508345 -0.00272954 -0.00516903 -0.0108223 -0.00328736 -0.0100666 0.0117132 -0.0255929 -0.0379252 -0.00692916 0.0253577 0.0150585 0.0278148 0.0229306 0.0376397 -0.0228095 -0.0490035 0.0170607 -0.0542294 -0.0649474 -0.0645886 -0.0642363 -0.0625706
internal_weight=32.7541 28.8101 2.86978 25.9403 24.6855 23.3703 18.2654 15.2548 12.3355 5.13385 7.20161 5.59493 2.60586 2.91938 5.10492 3.76445 3.94394 2.80575 2.41743 3.01051 1.61746 1.89806 2.98907 1.89055 1.49754 0.803571
internal_count=637 558 102 456 440 414 331 248 200 71 129 105 54 48 83 70 79 66 41 83 41 79 51 53 58 45
cat_boundaries=0 1
cat_threshold=2
is_linear=0
shrinkage=0.06


Tree=85
num_leaves=28
num_cat=1
split_feature=0 6 2 1 1 5 5 10 16 1 19 8 9 11 3 2 2 1 16 11 9 13 12 2 0 15 11
split_gain=0.662944 1.01675 0.82958 0.793984 0.677682 0.62562 0.870252 1.4378 0.623015 1.0041 0.766534 0.676033 0.640714 0.807954 1.1605 0.941389 0.881869 0.604853 0.489622 0.428862 0.124148 0.0875729 0.0285286 0.023247 0.000589126 0.000407274 0.000102873
threshold=7.2349999000000009 13.145000000000001 1.6005000000000003 23.500000000000004 72.500000000000014 6.6250000000000009 7.3200002000000017 1.1150000000000004 8.0349998500000002 39.500000000000007 0 34.100000500000007 21.849999500000003 6.924999950000001 9.7850003000000019 2.1019000000000005 1.7794000000000001 79.500000000000014 5.9049999500000006 7.3050000500000012 11.15 4.3550000000000013 5.1899998000000007 1.6705000000000003 6.549999950000001 67.500000000000014 5.0950000500000012
decision_type=10 10 10 10 8 8 8 10 8 8 9 10 8 10 10 8 10 10 10 10 10 8 10 10 10 2 10
left_child=1 3 21 -1 5 -4 -7 -8 9 -5 11 -10 13 14 15 16 -11 -6 -14 20 -3 -2 -18 -22 26 -25 -16
right_child=2 19 4 8 17 6 7 -9 10 12 -12 -13 18 -15 24 -17 22 -19 -20 -21 23 -23 -24 25 -26 -27 -28
leaf_value=0.032902456550079277 0.067765117914965409 -0.029323709813575061 -0.026181677220228506 -0.058482615377442565 0.065715789239748273 0.043552065369981741 -0.04938861643155544 0.020301225673934893 0.019906760947123972 0.022657067352020787 -0.067047947154656215 -0.047172765017108639 -0.0037928585019827601 0.025555023737445046 -0.062988038422646719 0.047367642212491512 -0.044294950711172211 0.0051421523585952165 0.042155988219145041 -0.001146736113510391 -0.078867882490254865 0.037991979502067445 -0.063216980365043335 -0.063993815214228436 -0.064768647706785129 -0.061343082083813963 -0.061725219904663536
leaf_weight=2.0394556438550415 0.73860692372545478 0.37957740481942837 2.7984697660431221 0.97305618412792227 1.110916413832457 1.7725516315549619 1.7130423951894043 2.8206118475645781 1.2910546385683122 0.90364971384406079 1.2420930950902414 0.93081911327317346 1.3048323625698697 2.0618883143179119 0.42603603750467278 1.0521340928971765 0.47241823468357302 1.2740451116114853 2.3179127969779074 0.6102851778268813 0.4738674648106096 0.68594000907614838 0.73022641194984317 0.34186083148233593 0.55356067512184381 0.5355837035458535 0.51051459065638483
leaf_count=32 16 11 31 18 28 20 23 34 23 21 28 29 25 34 13 14 19 19 34 17 4 25 27 11 11 38 32
internal_value=-0.00026487 -0.00734944 0.0102411 -0.00219 0.00488639 -0.00257156 0.00790576 -0.0060311 -0.00703554 -0.000214737 -0.0292983 -0.00819515 0.00527224 -0.00570543 -0.0195712 0.00102035 -0.022131 0.0333574 0.0256062 -0.0443943 -0.0596427 0.0534289 -0.0557841 -0.0681591 -0.0632169 -0.0623758 -0.0622997
internal_weight=32.065 19.1508 12.9142 16.8097 11.4896 9.10468 6.30621 4.53365 14.7702 11.3062 3.46397 2.22187 10.3332 6.71043 4.64854 3.15843 2.10629 2.38496 3.62275 2.34117 1.73089 1.42455 1.20264 1.35131 1.49011 0.877445 0.936551
internal_count=637 441 196 360 155 108 77 57 328 248 80 52 230 171 137 81 67 47 59 81 64 41 46 53 56 49 45
cat_boundaries=0 1
cat_threshold=2
is_linear=0
shrinkage=0.06


Tree=86
num_leaves=27
num_cat=2
split_feature=1 0 8 15 9 10 12 16 10 2 3 14 13 1 15 6 14 6 1 6 2 11 16 1 10 3
split_gain=0.616574 0.812821 0.645479 0.559051 0.639627 0.851432 0.552869 0.80519 0.690396 0.794003 1.19146 1.0772 1.06289 1.53603 0.729023 1.30333 0.671984 0.509928 0.43773 0.399264 0.329667 0.0851607 0.000396338 0.00023261 9.3398e-05 9.29497e-05
threshold=36.500000000000007 7.1849999500000008 31.750000000000004 64.500000000000014 11.750000000000002 1.2250000000000003 8.2600002500000027 7.8900001000000008 0.92500001500000006 2.1576999500000005 6.9549999000000007 0 4.5350001000000004 60.500000000000007 81.500000000000014 12.145000000000001 1 11.175000000000002 58.500000000000007 12.185 2.0043499500000004 5.3350000500000005 4.4749999000000011 1.0000000180025095e-35 1.2550000000000001 15.835000000000003
decision_type=10 10 8 2 10 8 10 10 10 8 8 9 8 10 2 8 9 10 10 10 10 10 10 10 10 8
left_child=1 2 -1 4 -2 -6 7 8 16 10 22 -11 14 21 15 -12 -5 -18 -17 -15 -9 -14 -10 25 -24 -3
right_child=3 23 -4 6 5 -7 -8 20 9 11 12 -13 13 19 -16 18 17 -19 -20 -21 -22 -23 24 -25 -26 -27
leaf_value=0.035122153064372871 0.046734918831991261 0.062365661448536634 -0.019348581127237634 -0.067209400511851383 -0.03825921328522313 0.032050916513113828 0.02060923054132972 -0.019247399631689116 -0.064128969118105256 -0.0070292174222282358 -0.035215945385136976 0.066065201772006671 -0.045134391282988101 -0.018899995156265819 0.0572491781569371 0.054128315028481047 -0.043390149610315294 0.010450275549804766 0.0080941332987035375 0.031154431448101635 -0.066984673993608038 -0.068567459644577791 -0.061265384607928998 0.063359453677537092 -0.06253045432817407 0.061032149192060937
leaf_weight=1.3984255911782413 1.5782334348186875 0.3494607266038654 1.7800984969362614 1.1653913725167513 1.2062728714663538 1.2758185514248905 2.3024469087831667 0.94505765987560097 0.41763325920328032 1.5360462288372219 1.7933750040829171 1.3760400433093318 1.0179562265984725 0.95821509510278735 1.21614802069962 1.3889110195450487 1.0987672116607528 1.4948221656959502 1.6005290360189972 1.4296105233952401 1.1600594362244008 1.2365126493386922 0.44081635540351272 0.45898598991334438 0.40139963384717703 0.40771117247641087
leaf_count=22 20 14 28 38 27 19 38 18 13 31 39 19 23 22 11 19 18 27 34 21 25 19 36 11 14 31
internal_value=-0.000266245 0.0205777 0.0046164 -0.0036539 0.0168703 -0.00211914 -0.00728034 -0.0103859 -0.00639968 -0.00057221 -0.00744363 0.0275099 -0.000911409 -0.0224675 0.0157698 0.00522264 -0.0293642 -0.0123591 0.0294819 0.011068 -0.0455538 -0.0579868 -0.0626177 0.0622937 -0.0618683 0.0616476
internal_weight=31.4347 4.39468 3.17852 27.0401 4.06032 2.48209 22.9797 20.6773 18.5722 14.8132 11.9011 2.91209 10.6413 4.64229 5.99896 4.78282 3.75898 2.59359 2.98944 2.38783 2.10512 2.25447 1.25985 1.21616 0.842216 0.757172
internal_count=637 106 50 531 66 46 465 427 384 301 251 50 188 85 103 92 83 45 53 43 43 42 63 56 50 45
cat_boundaries=0 1 2
cat_threshold=2 2
is_linear=0
shrinkage=0.06


Tree=87
num_leaves=31
num_cat=0
split_feature=0 6 1 2 16 3 1 13 8 6 6 9 8 0 5 10 13 13 1 10 1 1 12 9 8 1 1 1 10 2
split_gain=0.60447 0.917418 0.747469 0.734526 1.12528 1.10184 1.08847 0.835161 1.00562 0.971243 0.707982 0.648783 0.604767 0.870354 0.586979 0.854191 0.636956 0.850787 0.52272 0.491245 0.410695 0.220806 0.152102 0.039833 0.0307628 0.0165474 0.00315596 0.0020729 0.000370522 0.000232512
threshold=7.2349999000000009 13.145000000000001 72.500000000000014 2.1533000000000002 8.8000002000000013 6.3500001500000005 78.500000000000014 4.5050001000000011 360.19999500000006 9.7099995500000009 12.565000000000003 8.849999900000002 3.2500000000000004 5.0350001000000004 6.6250000000000009 1.0850000000000002 4.4149999500000012 4.8450000500000012 79.500000000000014 1.1050000000000002 49.500000000000007 63.500000000000007 6.520000200000001 11.050000000000002 82.349998000000014 49.500000000000007 72.500000000000014 44.500000000000007 1.2750000000000001 1.7885000000000002
decision_type=10 10 8 8 8 8 8 10 10 10 10 10 10 10 8 8 8 8 10 8 8 8 8 10 8 10 10 10 8 10
left_child=1 3 14 4 5 24 11 8 9 -7 23 -5 -9 -14 -2 -16 -17 -18 26 -15 -3 -6 25 -11 -1 -22 -4 -25 -27 -26
right_child=2 20 18 6 21 7 -8 12 -10 10 -12 -13 13 19 15 16 17 -19 -20 -21 22 -23 -24 27 29 28 -28 -29 -30 -31
leaf_value=-0.041941623773542408 -0.020697516948191535 0.0068138251082611387 0.06131984652049844 0.030812466740850104 -0.029524780654517031 0.039676119191509478 0.062707849231356708 0.056167172143709844 0.043415253395171036 -0.046410632115620978 0.0091702273501116805 -0.027903411310267464 0.05540119963144851 0.010847119778179051 -0.023349640558094291 0.051637820314886305 -0.022421578744764543 0.04062199321063014 0.01188366656143526 -0.047817266246839074 -0.076352575974443879 -0.071258357798437921 -0.030121390969584241 -0.067340701614403572 -0.064011626347688325 -0.060913142035981721 0.067154098452875621 -0.062741061379462837 -0.06367620540402226 -0.061982644886897476
leaf_weight=0.36148432525806717 2.8550025392323688 0.46701653255149667 0.62730331462808064 1.20092334318906 0.81976135401055272 0.6355457287281755 1.3968785605393348 1.4023522180505095 0.90183910727500904 0.62591400253586549 0.72592468746006478 1.5542809057515112 0.98470604419708285 1.2759166094474497 1.8336603716015822 1.9213558025658128 1.6160730067640545 1.4730407819151876 1.3868671953678129 0.86038179136812676 0.51913519948720888 1.0296458541415632 0.54554471233859669 0.53727544099092472 0.3986544602084906 0.36948257498443127 0.71334830299019814 1.0268618138507006 0.33144783088937402 0.4149760405998677
leaf_count=18 34 11 43 10 26 9 28 15 16 15 13 36 11 27 27 22 23 18 20 26 4 19 20 8 17 35 9 42 11 24
internal_value=-0.000262684 -0.00717158 0.00995942 -0.00218883 -0.00971448 -0.00187273 0.0195634 0.00527915 -0.0131652 -0.0275327 -0.0421811 -0.00231066 0.0234381 0.00873206 0.00215594 0.0116892 0.0245122 0.00764068 0.0377088 -0.0127796 -0.0432224 -0.0527597 -0.0564573 -0.0592023 -0.056506 -0.0682332 0.0644242 -0.064321 -0.0622197 -0.0629768
internal_weight=30.8126 18.3859 12.4267 16.1533 12.0012 10.1518 4.15208 8.97672 4.45336 3.55152 2.91598 2.7552 4.52336 3.121 9.69913 6.84413 5.01047 3.08911 2.72752 2.1363 2.23263 1.84941 1.76561 2.19005 1.17511 1.22007 1.34065 1.56414 0.70093 0.813631
internal_count=637 441 196 360 286 241 74 182 103 87 78 46 79 64 124 90 63 41 72 53 81 45 70 65 59 50 52 50 46 41
is_linear=0
shrinkage=0.06


Tree=88
num_leaves=28
num_cat=1
split_feature=1 12 16 16 16 2 10 3 1 9 11 19 2 1 8 2 8 0 13 9 15 11 3 0 3 8 8
split_gain=0.582818 1.01641 0.910571 0.568888 0.703116 0.836291 0.756634 0.782056 0.739794 0.67565 0.834746 0.748108 0.60166 0.583443 0.518409 0.475296 0.454182 0.427387 0.421998 0.496707 0.382485 0.258686 0.11669 0.00146652 0.000467962 0.000171454 1.74911e-05
threshold=44.500000000000007 6.520000200000001 6.2149999000000014 8.8850002000000021 6.7049999000000007 2.0398500000000004 1.1250000000000002 16.314999500000003 71.500000000000014 10.65 6.3100002000000011 0 2.0951500000000007 61.500000000000007 3.1499999500000002 1.8896000000000002 23.650000500000004 7.2349999000000009 4.6949999500000006 16.550000000000004 77.500000000000014 6.3950000000000005 22.280000500000003 7.5250001000000006 20.875000000000004 63.549999000000007 313.15001000000007
decision_type=10 10 10 10 10 8 10 10 10 10 8 9 10 10 8 10 8 8 10 10 2 8 10 10 8 8 10
left_child=1 2 15 4 5 6 14 13 12 -7 11 16 18 -8 -2 -1 -11 -15 19 -6 -10 -3 23 24 25 -16 -27
right_child=3 21 -4 -5 8 9 7 -9 20 10 -12 -13 -14 17 22 -17 -18 -19 -20 -21 -22 -23 -24 -25 -26 26 -28
leaf_value=0.038041785084789712 0.0086116882160631684 0.024999040765805003 -0.042688949637287137 -0.047324435214569922 -0.025298887401707968 0.034728003620551853 0.029759497918106354 -0.049745234037988931 0.013732053794766337 0.012514697725482176 -0.052041873428733759 0.042499116765936686 -0.038522804124301431 -0.046373573917979811 -0.062635992683218317 -0.004938908445105813 -0.048863585565719049 0.013624515236539837 0.035947844080123248 0.027488668107398022 0.062877289100048667 0.065502763333417785 -0.032384108342063067 -0.066501357850106912 -0.063960747136718052 -0.060849180655884842 -0.061504328010401045
leaf_weight=1.7074979869648843 0.51843519136310101 1.0218696938827636 1.3555910363793371 1.0888507412746538 1.5917063227389001 1.9728702390566475 1.7993943479377779 1.2278196406550703 1.0552429719828071 0.88881835620850314 1.12555785337463 1.3174774833023548 1.16765611898154 0.93973959493450787 0.52878757659345899 2.0243303519673645 0.84818539349362265 0.78398925345391046 1.4784676088020203 1.0751815028488634 1.2400518013164399 1.2770942971110342 0.55203253403305996 0.4264213554561137 0.5717678088694812 0.32068952382542204 0.27040513698011637
leaf_count=32 11 33 31 20 31 28 27 22 26 14 23 19 32 31 22 28 30 12 18 18 14 36 7 6 18 34 14
internal_value=-0.00025689 0.0143898 -0.000572091 -0.00500407 -0.00288061 -0.0108162 -0.0236833 -0.0085092 0.011818 0.00578706 -0.00787232 0.0084039 -0.000479343 0.00586169 -0.0462929 0.0147269 -0.0174565 -0.0190851 0.0102367 -0.00401708 0.0402832 0.0474992 -0.0569533 -0.0633568 -0.0625641 -0.0618511 -0.0611489
internal_weight=30.1759 7.38638 5.08742 22.7895 21.7007 14.0924 7.93948 4.75094 7.60831 6.15291 4.18004 3.05448 5.31301 3.52312 3.18854 3.73183 1.737 1.72373 4.14536 2.66689 2.29529 2.29896 2.6701 2.11807 1.69165 1.11988 0.591095
internal_count=637 160 91 477 457 318 204 92 139 114 86 63 99 70 112 60 44 43 67 49 40 69 101 94 88 70 48
cat_boundaries=0 1
cat_threshold=2
is_linear=0
shrinkage=0.06


Tree=89
num_leaves=31
num_cat=3
split_feature=0 6 2 1 6 10 10 1 6 16 1 19 11 11 8 8 11 7 9 19 15 11 6 8 12 1 3 0 2 12
split_gain=0.572321 0.83158 0.702961 0.68166 0.605242 0.558862 0.744727 0.856934 0.725445 0.515073 0.840833 0.674607 0.633135 0.812644 0.894066 1.0814 0.736916 0.601033 0.563788 0.727003 0.409765 0.393964 0.21856 0.144981 0.0525825 0.0133119 0.0009602 0.000223338 0.000122036 3.99892e-05
threshold=7.2349999000000009 13.145000000000001 2.32245005 23.500000000000004 10.540000000000001 1.3650000000000004 1.2250000000000003 64.500000000000014 13.295000000000002 8.0349998500000002 39.500000000000007 0 4.4049999500000006 4.6050000000000013 306.65001000000007 63.549999000000007 5.9549999000000007 1 11.050000000000002 2 75.500000000000014 7.3050000500000012 9.204999950000003 8.4499998000000023 6.4349999500000008 38.500000000000007 4.7149999000000014 6.6000001500000005 1.7794000000000001 6.3950000000000005
decision_type=10 10 8 10 10 10 10 8 10 8 8 9 8 10 8 10 10 9 10 9 2 10 10 8 10 10 10 10 10 10
left_child=1 3 4 -1 -2 6 7 8 -6 10 -5 17 -12 -14 15 16 -15 -11 -16 -20 -18 23 -17 -3 -4 -25 -24 -27 -28 -30
right_child=2 21 24 9 5 -7 -8 -9 -10 11 12 -13 13 14 18 22 20 -19 19 -21 -22 -23 26 25 -26 27 28 -29 29 -31
leaf_value=0.031295000900696091 0.041560429253964637 -0.02088950877686448 0.037860424954057822 -0.056907031424487484 -0.053743990143365117 -0.03073378064812031 0.036630598583546038 0.024912523244081698 0.0018684648776630265 -0.049872127342371397 -0.053160121733601386 -0.066319005808419026 0.059081187029675152 -0.034348400974482572 0.069479406817435682 -0.0069621860729428145 0.0027114114982180891 0.017082082919427245 -0.032599790120505026 0.051811276245943977 0.049701517618157352 0.00010682519733736029 -0.065745735526309482 -0.074796461573928774 0.063825895036007677 -0.06123703640892296 -0.063037194259326607 -0.06333663515170139 -0.061113899213376705 -0.062097399822404732
leaf_weight=1.9041371941566527 1.4200811712071271 0.30261434381827634 0.4586453931406147 0.87466735672205231 1.5645755678415283 1.78033896908164 2.1399865206331015 2.115260814782232 1.83458811417222 0.77254020003601909 0.63832963723689218 1.0955434502102446 1.0204393686726687 1.1452323046978565 0.92438510991632972 0.30792740173637856 1.5459263077937069 1.2863348112441602 0.73349949717521667 0.73576760478317715 1.1765008904039858 0.57294501503929485 0.36920377309434094 0.49766833335161209 0.72395949647761881 0.429685172974132 0.34153821947984397 0.31689791614189744 0.29239851667080075 0.30312194535508752
leaf_count=32 20 11 16 18 17 22 31 32 28 28 20 28 11 29 9 5 36 24 32 11 10 17 11 4 30 36 16 13 26 14
internal_value=-0.000252589 -0.00715199 0.00982778 -0.00232204 0.00504194 -0.000454675 0.00658794 -0.00507074 -0.023729 -0.00704149 -0.000604854 -0.0282811 0.00456027 0.008702 0.00217431 -0.0111844 0.00603172 -0.00804077 0.0327679 0.0096709 0.0230183 -0.0423943 -0.0524348 -0.0581364 0.0537558 -0.0671952 -0.0631541 -0.0621282 -0.062133 -0.0616145
internal_weight=29.6247 17.5873 12.0374 15.4675 10.8548 9.43475 7.65441 5.51442 3.39916 13.5634 10.4089 3.15442 9.53427 8.89594 7.8755 5.48185 3.86766 2.05888 2.39365 1.46927 2.72243 2.11981 1.61419 1.54687 1.1826 1.24425 1.30626 0.746583 0.937059 0.59552
internal_count=637 441 196 360 150 130 108 77 45 328 248 80 230 210 199 147 75 52 52 43 46 81 72 64 46 53 67 49 56 40
cat_boundaries=0 1 2 3
cat_threshold=2 2 2
is_linear=0
shrinkage=0.06


Tree=90
num_leaves=28
num_cat=3
split_feature=15 0 9 5 9 2 0 13 8 5 5 14 4 19 2 1 11 13 3 1 0 1 3 0 2 13 6
split_gain=0.564065 0.573873 0.572744 0.99664 0.727324 0.904041 1.14793 0.774493 0.655508 0.938739 0.82035 1.20775 1.00522 0.723195 0.829702 0.534674 0.496813 0.415153 0.379687 0.236021 0.197811 0.160395 0.00921913 0.00092333 6.921e-05 5.4873e-05 1.17422e-05
threshold=84.500000000000014 9.9949999000000016 12.450000000000001 6.5600002000000011 11.350000000000003 2.1576999500000005 5.8350000500000005 4.4349999500000008 63.549999000000007 8.4149999500000003 6.7299998000000008 0 1 2 2.0615500500000006 61.500000000000007 7.6600001000000004 4.4949999000000007 9.3099999500000017 44.500000000000007 6.549999950000001 61.500000000000007 30.430000500000002 7.0450001000000011 2.1296500000000003 4.174999950000001 11.945000000000002
decision_type=2 10 10 8 8 8 10 8 10 10 8 9 9 9 8 10 10 10 8 10 8 8 8 10 8 10 10
left_child=1 2 3 17 20 6 21 -8 9 10 15 12 -12 16 -15 -4 19 -1 -13 -10 -5 -6 23 24 25 -21 -27
right_child=-2 -3 8 4 5 -7 7 -9 13 -11 11 18 -14 14 -16 -17 -18 -19 -20 22 -22 -23 -24 -25 -26 26 -28
leaf_value=0.016400471313613611 0.036899959704796106 0.041857057680841039 -0.001813699104849637 -0.060729280400887355 -0.030136899401801587 0.039226861801752472 0.041330792778941076 -0.019003413672754068 -0.024690665241175129 -0.054997043219794893 -0.06437170695565482 0.013064605166682518 0.024102145529501646 -0.031011871988126726 0.036335066473434381 -0.055059796247798741 0.0043869972784455419 0.062779171885564256 0.053823994889463662 -0.061972874835820591 -0.018555316253115725 -0.070612061699493994 -0.072196851096686596 -0.064496039307040398 -0.062317905634307814 -0.061167239084544876 -0.060489983016059505
leaf_weight=1.5203472021967255 1.4001316484063853 1.0276647214777757 2.0274030030705013 0.82003560825250921 0.60516962455585654 1.9442644910886882 1.5286257145926359 1.5351326111704109 0.69049341743812043 1.0441927392967034 0.92594953859224916 1.2710771011188637 0.9232875257730484 1.5979174817912274 1.1202316484414039 1.0207248679362235 0.61221231380477537 1.2796344794332979 2.3326952601782978 0.23100608494132779 0.78234028327278804 0.84407054772600543 0.49512414634227742 0.71104513388127089 0.33904943731613457 0.16795934562105685 0.20421474380418658
leaf_count=28 25 27 34 29 22 30 22 24 16 26 28 20 21 37 24 26 16 18 36 10 16 23 5 14 15 13 32
internal_value=-0.000252432 -0.00213702 -0.00383834 0.00675774 -0.0039558 0.00502294 -0.0097126 0.0110996 -0.0111608 -0.00130914 0.00528533 0.0192205 -0.0201985 -0.0264037 -0.00325616 -0.0196442 -0.0446351 0.0375962 0.0394479 -0.0552068 -0.0401384 -0.0537106 -0.0650147 -0.0628638 -0.061632 -0.0612465 -0.0607956
internal_weight=29.002 27.6019 26.5742 10.8596 8.05964 6.45726 4.513 3.06376 15.7146 9.54533 8.50114 5.45301 1.84924 6.16925 2.71815 3.04813 3.4511 2.79998 3.60377 2.83889 1.60238 1.44924 2.1484 1.65327 0.94223 0.60318 0.372174
internal_count=637 612 585 212 166 121 91 46 373 191 165 105 49 182 61 60 121 46 56 105 45 45 89 84 70 55 45
cat_boundaries=0 1 2 3
cat_threshold=2 2 2
is_linear=0
shrinkage=0.06


Tree=91
num_leaves=27
num_cat=1
split_feature=1 12 15 9 10 12 12 3 10 9 2 2 16 13 10 4 9 15 3 2 10 5 11 1 0 2
split_gain=0.538004 0.688644 0.441062 0.53654 0.674207 0.477468 0.715409 1.50927 0.860639 0.762045 0.755144 0.754865 0.614832 0.469932 0.66238 0.43722 0.885043 0.394995 0.363035 0.341057 0.290142 0.26668 0.070516 0.00205875 0.00158931 0.001239
threshold=36.500000000000007 4.9549999000000007 64.500000000000014 11.750000000000002 1.2250000000000003 8.2899999500000003 6.565000050000001 32.985000500000005 0.93500000500000013 19.750000000000004 1.6225000000000003 2.2342000000000004 6.674999950000001 4.5350001000000004 1.1749999500000003 0 13.850000000000003 70.500000000000014 7.6400001000000008 1.98039995 1.2150000000000001 6.7149999000000014 6.4349999500000008 52.500000000000007 7.7550001000000011 2.1041500500000003
decision_type=10 10 2 10 8 10 8 8 8 8 10 8 8 10 10 9 8 2 10 8 8 10 10 10 10 8
left_child=1 -1 3 -2 -5 6 7 8 23 11 -8 13 18 14 21 16 -12 -3 -11 -18 -9 -10 -17 -4 -15 -19
right_child=2 17 5 4 -6 -7 10 20 9 12 15 -13 -14 24 -16 22 19 25 -20 -21 -22 -23 -24 -25 -26 -27
leaf_value=-0.010351990120120978 0.044381689087029455 0.014441577836302535 -0.067121837367827633 -0.036587822009200605 0.028865964542271132 0.020535217773724655 0.013381595312343304 0.049352270495502643 -0.0080936655877654976 0.020207996501072197 0.029034381033849796 0.027623608900618674 0.044983892099004226 -0.062228634018264478 0.019092223034423601 -0.046177262274480428 -0.020947841386632405 0.065635381705088036 -0.036639732003215957 -0.067833130090909702 0.013296007284213138 -0.063678218704458833 -0.067576391150426504 -0.061861096730001848 -0.066497627826332659 0.061876926605353995
leaf_weight=1.5740238064900069 1.4259694144129782 1.0889523811638357 0.48152965446934348 1.0904581954237076 1.1791449510492382 2.0500169438309959 1.4266118947416533 1.8444971288554382 0.46421009884216047 0.78444159636274002 0.89840862271375987 0.86731570586562146 1.4206206831149755 0.69618367124348857 0.97405779687687744 1.2015262255445125 1.2862897173035892 0.63063832186162438 0.83477362338453531 0.98721925495192397 1.4234918048605321 0.93983165151439607 1.0292490720748899 0.60335601435508579 0.57181218266487122 0.63239928102120768
leaf_count=24 20 33 11 27 19 36 16 25 13 17 17 10 24 38 26 22 35 13 28 26 21 36 19 37 8 36
internal_value=-0.000253662 0.0203654 -0.00356034 0.0155393 -0.0025821 -0.00695619 -0.00996428 -0.00108455 -0.0142241 -0.00704653 -0.0254451 -0.0226869 0.0161756 -0.0346545 -0.0189256 -0.0356975 -0.0213834 0.0409225 -0.0090994 -0.0413067 0.0336466 -0.0453006 -0.0560505 -0.0641961 -0.0641538 0.0637535
internal_weight=28.407 3.92601 24.481 3.69557 2.2696 20.7854 18.7354 11.9061 8.63813 7.55325 6.8293 4.51341 3.03984 3.6461 2.3781 5.40269 3.17192 2.35199 1.61922 2.27351 3.26799 1.40404 2.23078 1.08489 1.268 1.26304
internal_count=637 106 531 66 46 465 429 294 248 200 135 131 69 121 75 119 78 82 45 61 46 49 41 48 46 49
cat_boundaries=0 1
cat_threshold=2
is_linear=0
shrinkage=0.06


Tree=92
num_leaves=31
num_cat=3
split_feature=6 0 6 1 10 13 13 1 16 11 12 12 7 0 14 2 19 15 2 3 2 1 3 1 3 2 0 8 13 6
split_gain=0.56716 0.785358 0.839446 0.522021 0.55236 0.489018 0.971333 0.430963 0.752428 0.751909 0.652177 0.776366 0.973525 0.679994 0.591421 0.58212 0.460549 0.357649 0.300852 0.141109 0.000905718 0.000754618 0.0007413 0.000680622 0.000543834 0.000190878 5.5794e-05 3.24915e-05 1.84841e-05 1.04197e-05
threshold=16.150000500000001 7.315000050000001 13.750000000000002 82.500000000000014 1.0850000000000002 4.4149999500000012 4.8350000500000005 45.500000000000007 8.4949999000000016 5.9749999000000011 4.7349999000000009 5.1899998000000007 0 6.6250000000000009 1 1.5584500000000003 2 78.500000000000014 1.6916000000000002 9.1099996500000007 1.9853500000000002 50.500000000000007 3.7650000000000006 94.500000000000014 1.0000000180025095e-35 1.8086500000000003 5.9049999500000006 7.1000001500000005 4.1450000000000005 13.440000000000001
decision_type=10 10 10 8 8 8 10 10 8 8 8 10 9 10 9 10 9 2 8 8 10 10 10 8 10 10 10 10 10 8
left_child=1 2 7 4 -3 -6 -7 9 10 -1 17 -12 13 18 -11 -10 -14 24 -13 -5 -17 -4 -20 -21 -9 -24 27 -27 -26 -25
right_child=-2 3 21 19 5 6 -8 8 15 14 11 12 16 -15 -16 20 -18 -19 22 23 -22 -23 25 29 28 26 -28 -29 -30 -31
leaf_value=-0.021510989861109636 -0.047375859679120447 -0.014907656334978828 -0.065186365378979441 0.022081339769056268 0.041433118168617472 -0.017215062277378339 0.043027933074477699 -0.064780548767131754 0.0015624064606619675 0.0026432749368346196 0.037636110561157121 -0.00076110286343297393 -0.0057646392423883535 0.020256560530634782 0.055261279219919329 -0.064828034929247214 0.039283827542352795 0.0028399137972833074 -0.065097509638123371 0.064453226703079236 -0.06173211031163045 -0.061675277780830998 -0.063341455167443966 0.061425116526008489 -0.061994454938583701 -0.061736321847803186 -0.06214385899827625 -0.060858585917415553 -0.061327396667614012 0.060877066969840223
leaf_weight=1.5988317646551955 0.89022055407985945 2.4692196864634708 0.39569887518882829 0.46753556467592772 2.1934598498046407 2.4726086538285017 1.5786872785538433 0.28713525831698905 0.74863397516310337 1.5229152385145426 1.9158815182745463 0.34446161962114286 1.7492325969506055 0.62719523347914208 1.5534158586524427 0.89243179955519714 1.5329860802739859 0.45158246369101107 0.33589943312108528 0.4098622426390649 0.54973825858905911 0.49733646574895829 0.2692948847543446 0.25280768214724958 0.26223914115689695 0.25031243031844497 0.35379130346700549 0.38587526127230376 0.34799503674730659 0.246814024168998
leaf_count=37 17 36 9 7 26 37 19 5 6 25 34 9 37 10 26 28 23 13 8 7 26 33 9 18 12 13 13 40 31 23
internal_value=-0.000256213 0.00129946 -0.00661947 0.0145405 0.0091156 0.0186146 0.00626011 -0.00345573 -0.00979229 0.0118663 -0.00220294 0.00448683 -0.00637136 -0.0340514 0.0292131 -0.0413645 0.0152756 -0.0407111 -0.0516123 0.0488699 -0.0636479 -0.063231 -0.0625931 0.062641 -0.0626273 -0.0619251 -0.0615398 -0.0612039 -0.0616141 0.0611544
internal_weight=27.8541 26.9639 16.8729 10.091 8.71398 6.24476 4.0513 15.9798 11.3047 4.67516 9.11388 7.76493 5.84905 2.56683 3.07633 2.1908 3.28222 1.34895 1.93963 1.37702 1.44217 0.893035 1.59517 0.909484 0.897369 1.25927 0.989979 0.636188 0.610234 0.499622
internal_count=637 620 447 173 118 82 56 405 317 88 257 196 162 102 51 60 60 61 92 55 54 42 83 48 48 75 66 53 43 41
cat_boundaries=0 1 2 3
cat_threshold=2 2 2
is_linear=0
shrinkage=0.06


Tree=93
num_leaves=31
num_cat=1
split_feature=6 0 6 1 6 10 3 13 1 8 9 10 1 6 6 4 3 8 3 5 5 2 1 1 1 1 12 8 6 13
split_gain=0.64752 0.728888 0.792572 0.489117 0.561254 0.68297 0.600516 0.54642 0.406409 0.452579 0.690973 0.851112 0.695573 0.574546 1.06352 0.832701 0.67326 0.482084 0.145314 0.0300188 0.0174713 0.00153764 0.00062618 0.000573496 0.000131568 0.000127536 2.01034e-05 1.02854e-05 9.19833e-06 2.10502e-06
threshold=16.245000000000001 7.315000050000001 13.750000000000002 82.500000000000014 13.215000000000002 1.0250000000000001 16.025000500000004 4.2850001000000004 23.500000000000004 63.549999000000007 12.450000000000001 1.1650000000000003 85.500000000000014 12.145000000000001 11.310000000000002 0 2.9250000500000004 21.750000000000004 9.1099996500000007 6.5250001000000006 5.0550000500000012 1.5967999500000001 50.500000000000007 94.500000000000014 48.500000000000007 64.500000000000014 7.065000050000001 439.14999500000005 13.440000000000001 4.6450000000000005
decision_type=10 10 10 8 8 8 8 8 10 10 10 10 10 10 10 9 10 10 8 10 10 10 10 8 10 10 10 10 8 10
left_child=1 2 8 4 7 -6 -7 -3 -1 13 11 19 20 14 15 16 -10 -15 -5 -11 -12 -22 -4 -20 -23 -16 27 29 -25 -26
right_child=-2 3 22 18 5 6 -8 -9 9 10 12 -13 -14 17 25 -17 -18 -19 23 -21 21 24 -24 28 26 -27 -28 -29 -30 -31
leaf_value=0.021207008512282886 -0.052956734109328635 0.017350292322490069 -0.064867617890126086 0.020889344436623138 -0.015112229683940092 0.0072745130718687911 0.0558535188711572 -0.02967774361353372 -0.069910686931590443 -0.038887450768996544 -0.044154699259744003 0.020481432452533019 0.023624245264890865 0.0030566672996401876 -0.06244794180823604 0.02755628064393616 0.0026226391779405494 0.051349634339540699 0.064178393529803035 -0.062643877228625119 -0.065704567256575086 -0.062502203285563634 -0.061577333190175866 0.061341445912927908 -0.060600231552590395 -0.063742581205962393 -0.06152332135349621 -0.061273393171542082 0.060816602561892065 -0.060892832928358238
leaf_weight=2.1033024718053719 0.81424997327849169 1.5800280803814488 0.37443064479157406 0.46465344168245848 1.3293622843921191 1.6073156725615265 2.1300992872565985 2.0349747817963362 0.76025923574343335 0.32009907579049413 0.20753839658573303 1.9540577093139289 0.43253097916021932 1.9232787275686862 0.51171088893897809 2.288188870996235 1.169167573796585 1.2137699122540651 0.38759643398225319 0.47657261858694255 0.42757337633520354 0.37201049644499995 0.46909624710679054 0.23840020620264113 0.17844753339886665 0.58949626865796745 0.34701524896081537 0.21251303656026721 0.24248722242191434 0.17562590749002993
leaf_count=36 15 20 9 7 19 19 37 24 20 13 9 29 12 37 24 31 30 18 7 29 7 15 33 18 24 20 20 14 24 17
internal_value=-0.000254091 0.00136395 -0.00638379 0.0141339 0.0089379 0.0218238 0.0349616 -0.00912296 -0.00333274 -0.00713916 -0.0212481 -0.000828977 -0.0451162 0.00137705 -0.0106342 0.00307521 -0.0259579 0.0217419 0.0479716 -0.0530987 -0.0605959 -0.0625876 -0.0630378 0.062461 -0.061551 -0.063141 -0.0611637 -0.0609434 0.0610768 -0.0607454
internal_weight=27.3359 26.5216 16.5067 10.0149 8.68178 5.06678 3.73741 3.615 15.6632 13.5599 5.10398 2.75073 2.35325 8.45587 5.31882 4.21762 1.92943 3.13705 1.33314 0.796672 1.92072 1.71319 0.843527 0.868484 1.28561 1.10121 0.913602 0.566586 0.480887 0.354073
internal_count=637 622 447 175 119 75 56 44 405 369 189 71 118 180 125 81 50 55 56 42 106 97 42 49 90 44 75 55 42 41
cat_boundaries=0 1
cat_threshold=2
is_linear=0
shrinkage=0.06


Tree=94
num_leaves=27
num_cat=2
split_feature=15 0 9 2 8 7 10 5 8 5 15 2 2 19 2 11 9 5 12 1 12 3 0 2 0 8
split_gain=0.487352 0.511066 0.46461 0.839322 0.855612 1.13486 0.837016 0.580149 0.54472 0.814866 0.691808 0.778642 1.18919 0.640974 0.696994 0.453285 0.413278 0.313092 0.230748 0.221768 0.0360729 0.0072368 0.00071162 4.37353e-05 3.17203e-05 8.05692e-06
threshold=84.500000000000014 9.9949999000000016 12.450000000000001 2.0398500000000004 368.25000000000006 0 1.4450000500000002 7.0550000500000012 63.549999000000007 8.4149999500000003 77.500000000000014 1.9527500000000002 2.0789500500000004 1 2.0615500500000006 7.6600001000000004 21.849999500000003 6.5850000500000005 4.7850001000000004 44.500000000000007 5.7800000000000002 30.430000500000002 7.0450001000000011 2.2290000000000005 6.2449999000000007 465.15001000000007
decision_type=2 10 10 8 10 9 8 8 10 10 2 8 10 9 8 10 10 10 8 10 10 8 10 8 10 10
left_child=1 2 3 4 5 18 17 -7 9 10 11 -4 16 15 -15 19 -13 -5 -1 -10 -20 22 23 24 25 -21
right_child=-2 -3 8 6 -6 7 -8 -9 13 -11 -12 12 -14 14 -16 -17 -18 -19 20 21 -22 -23 -24 -25 -26 -27
leaf_value=-0.013937183123444278 0.035187273499684792 0.041275884592948495 -0.038256225234719748 0.064727569139558253 0.043384239979806033 0.038610314775203547 -0.014023302296170586 -0.015336060542703386 -0.024109146368917953 -0.053880132074460026 0.040910129963033441 0.013470187331018194 -0.026698995949827976 -0.028801503132779835 0.035744229528692342 0.004978572948387992 0.06075777054111775 0.023579212040711908 -0.067901690951664845 -0.060463542302418752 -0.05051933341424189 -0.071225631189582292 -0.064044804404774336 -0.062112442015003134 -0.061615066784106137 -0.061053465276780954
leaf_weight=0.50630524568259749 1.3275808789767314 0.94170234957709809 1.7239010829944144 1.5002646618522719 0.9949883073568343 1.2270145006477915 1.1853485424071548 1.7288008611649273 0.65281754452735263 0.9502926506102084 1.5469304970465598 1.4704400091432037 1.94919967954047 1.4860587817383923 1.0127151845954356 0.56889754813164461 1.215215570060536 1.1966598755680022 0.94328044843859948 0.19301771931350187 0.78955610189586878 0.45870430022478115 0.6452123885974288 0.20467108744196594 0.24395887926220894 0.146683260332793
leaf_count=17 25 27 39 29 19 19 20 29 16 26 33 39 38 37 24 16 16 27 33 35 19 5 14 9 12 14
internal_value=-0.000254377 -0.0021008 -0.00376528 0.00612942 -0.00758737 -0.0173499 0.0279996 0.00705809 -0.0106534 -0.00138522 0.00492486 -0.00382948 0.0089753 -0.0252769 -0.0026421 -0.0434401 0.0348671 0.0464695 -0.0495702 -0.0542631 -0.0599815 -0.0646661 -0.0625672 -0.0613578 -0.0610931 -0.0607183
internal_weight=26.8102 25.4826 24.5409 10.0722 6.18995 5.19496 3.88227 2.95582 14.4687 8.85598 7.90569 6.35876 4.63486 5.61274 2.49877 3.11396 2.68566 2.69692 2.23914 2.54507 1.73284 1.89225 1.43354 0.788331 0.58366 0.339701
internal_count=637 612 585 212 136 117 76 48 373 191 165 132 93 182 61 121 55 56 69 105 52 89 84 70 61 49
cat_boundaries=0 1 2
cat_threshold=2 2
is_linear=0
shrinkage=0.06


Tree=95
num_leaves=25
num_cat=1
split_feature=0 1 1 6 10 9 12 15 12 3 11 0 15 0 15 15 4 8 8 13 6 11 12 3
split_gain=0.493754 0.759843 0.627471 0.619108 0.670714 0.542209 0.480853 0.698423 0.729917 1.00045 1.22342 0.94486 0.504472 0.443115 0.610064 0.908634 0.361266 0.241152 0.173502 0.00909614 0.00640449 0.00173968 0.000394573 5.54512e-05
threshold=6.0400002000000006 73.500000000000014 36.500000000000007 10.595000000000001 0.84499999500000011 13.050000000000002 8.2899999500000003 64.500000000000014 6.565000050000001 32.985000500000005 4.4849999000000009 6.1499998500000013 78.500000000000014 4.9500000500000008 73.500000000000014 77.500000000000014 0 46.850000500000007 78.549999000000014 4.4849999000000009 10.595000000000001 5.8399999000000014 5.6050000000000013 17.279999500000006
decision_type=10 10 10 8 8 8 10 2 8 8 10 10 2 8 2 2 9 10 10 10 10 8 8 8
left_child=1 3 5 -1 -5 -2 7 -4 9 10 -9 -12 17 -6 18 -16 -10 -13 20 -3 -15 -22 -7 -24
right_child=2 19 6 4 13 22 -8 8 16 -11 11 12 -14 14 15 -17 -18 -19 -20 -21 21 -23 23 -25
leaf_value=0.025030752188311411 -0.01007817826761241 -0.051491533686530658 0.030372298267606099 0.04370951380656396 0.011063906042374071 0.063735526713566637 0.033313427606060882 0.046030724219464317 -0.012047737210334791 0.03798424237464379 0.043427308682210994 -0.028580362843233561 -0.0019172644880819198 -0.071031863432006029 0.029268793134630166 -0.052074055338200365 -0.04722893545271252 -0.064248642560500557 -0.023026567568450354 -0.063385111296702309 -0.06463003109122821 -0.059893071270725004 0.062064842300220302 0.060909799981422
leaf_weight=1.8316500890068725 0.53697457769885892 0.34125245187897213 2.0933785759843877 0.62385159265249956 1.1258843257091937 0.57911547180265177 1.5699436673894513 1.1442032414488466 2.4614455136470497 2.2056935634464025 0.65640063444152463 1.2273150016553707 1.2069153003394602 0.4172712401486941 1.078176920302212 0.91300685890018929 1.8334620464593179 1.5368991468567399 0.47008515102788795 0.7197173903696239 0.57238137652166154 0.5447331105824561 0.33174304245039832 0.27256973716430366
leaf_count=36 13 32 32 12 28 15 24 17 38 33 11 22 26 10 34 31 28 39 35 29 17 33 15 27
internal_value=-0.000248853 -0.0120037 0.00550207 -0.00534474 -0.0150285 0.0399268 0.0017856 -0.00165989 -0.00712385 0.00361283 -0.00952236 -0.0232584 -0.0342811 -0.0221834 -0.0315517 -0.00802891 -0.0270663 -0.0484119 -0.0549186 -0.0595596 -0.0646893 -0.0623202 0.0626164 0.0615439
internal_weight=26.2941 8.63801 17.6561 7.57704 5.74539 1.7204 15.9357 14.3657 12.2723 7.97743 5.77173 4.62753 3.97113 5.12154 3.99565 1.99118 4.29491 2.76421 2.00447 1.06097 1.53439 1.11711 1.18343 0.604313
internal_count=637 297 340 236 200 70 270 246 214 148 115 98 87 188 160 65 66 61 95 61 60 50 57 42
cat_boundaries=0 1
cat_threshold=2
is_linear=0
shrinkage=0.06


Tree=96
num_leaves=31
num_cat=1
split_feature=0 6 2 1 16 3 13 8 10 6 6 1 5 10 4 1 8 0 10 11 8 8 9 8 1 1 1 9 0 3
split_gain=0.463276 0.629146 0.566644 0.85082 0.812245 0.820891 0.623059 0.758628 0.602136 0.574191 0.504868 0.500721 0.457573 0.625064 0.519651 0.456258 0.428864 0.620264 0.398127 0.317222 0.201876 0.102993 0.0379835 0.0308472 0.010166 0.0015365 0.00096426 0.000176125 0.000112556 1.71862e-05
threshold=7.2349999000000009 13.145000000000001 2.1533000000000002 70.500000000000014 8.8000002000000013 6.3500001500000005 4.5050001000000011 360.19999500000006 1.2350000000000001 12.595000000000001 10.235000000000001 72.500000000000014 6.6250000000000009 1.0850000000000002 0 79.500000000000014 3.2500000000000004 5.0350001000000004 1.1050000000000002 7.3050000500000012 25.599999500000003 9.4000001000000015 11.250000000000002 45.949998500000007 116.00000000000001 72.500000000000014 45.500000000000007 11.850000000000003 6.6000001500000005 18.800000000000001
decision_type=10 10 8 8 8 8 10 10 8 8 10 8 8 8 9 10 10 10 10 10 8 8 10 8 8 10 10 10 10 8
left_child=1 2 4 8 5 23 7 9 -4 10 -7 12 -2 -14 -15 25 -8 -18 -19 21 -6 -3 -12 -1 28 29 -24 -25 -23 -13
right_child=11 19 3 -5 20 6 16 -9 -10 -11 22 15 13 14 -16 -17 17 18 -20 -21 -22 24 26 27 -26 -27 -28 -29 -30 -31
leaf_value=-0.038849607323249324 -0.018789666330195926 -0.027703708965221348 0.02601447571357306 0.05443765941102257 -0.022789016203866582 0.0056221533248971747 0.051342544609826034 0.040881104779386605 -0.038796674041614992 0.022092181226777453 -0.044736084523557935 0.06139913997378553 -0.020509435584088881 0.0033253256325716176 0.04489533779836561 0.0089060488397776413 0.050967397867187368 0.01114390120640371 -0.046473044686030633 0.0002734564172925744 -0.068108537269505554 -0.060933626173563474 -0.066192957061468161 -0.063649628302567443 -0.074476477362990429 0.065635012949125479 -0.062633845361796073 -0.061631371536547512 -0.062625192512148653 0.060653102014088044
leaf_weight=0.28742768103256544 2.5047169597819403 0.33065461064688739 1.0400504556018875 1.4009226332418618 0.57616779161617215 0.61327021289617034 1.1710959905758502 0.74225184228271235 1.0242989964317528 0.66811833670362819 0.54037265828810621 0.2004510029219102 1.5789750255644328 2.2211144398897886 2.1118968492373824 1.1568108759820459 0.81733266916126046 1.0705157541669903 0.72355065657757212 0.49108973518013943 0.91704029263928544 0.32462484750431042 0.44344707764685132 0.25160547206178308 0.36449161916971207 0.59304728731513023 0.71733724069781601 0.40818265150301158 0.25118044228293002 0.24955949909053743
leaf_count=14 34 13 23 32 13 12 15 16 19 13 16 13 27 34 29 20 11 27 26 17 32 35 8 11 3 9 38 34 13 30
internal_value=-0.000248946 -0.00697499 -0.00254699 0.0183477 -0.00982564 -0.00262039 0.0040206 -0.013398 -0.00614384 -0.0269061 -0.0410507 0.00936507 0.00270338 0.0118093 0.0235864 0.0348527 0.0211735 0.00764396 -0.0120931 -0.0406817 -0.0506216 -0.0565066 -0.0578764 -0.0552545 -0.0666352 0.063629 -0.0639935 -0.062401 -0.0616715 0.0609854
internal_weight=25.7916 15.175 13.413 3.46527 9.94772 8.45451 7.50729 3.7248 2.06435 2.98255 2.31443 10.6166 8.4167 5.91199 4.33301 2.19987 3.7825 2.6114 1.79407 1.76204 1.49321 1.27095 1.70116 0.947216 0.940297 1.04306 1.16078 0.659788 0.575805 0.450011
internal_count=637 441 360 74 286 241 182 103 42 87 74 196 124 90 63 72 79 64 53 81 45 64 62 59 51 52 46 45 48 43
cat_boundaries=0 1
cat_threshold=2
is_linear=0
shrinkage=0.06


Tree=97
num_leaves=26
num_cat=1
split_feature=2 10 0 8 0 10 1 1 11 2 18 6 1 6 15 11 0 9 11 0 9 0 9 6 5
split_gain=0.465429 0.603523 0.531826 0.567085 0.599457 0.79192 0.54189 0.530197 0.587003 0.553698 0.722452 0.703556 0.66166 0.562012 0.666408 0.508689 0.480033 0.471109 0.10627 0.0851318 0.0252484 0.000533247 6.54506e-05 3.73359e-05 1.83514e-06
threshold=1.6225000000000003 0.97500002500000005 6.0400002000000006 93.450000500000016 4.9500000500000008 0.88499999500000015 57.500000000000007 44.500000000000007 6.065000050000001 1.8321500500000003 0 13.215000000000002 62.500000000000007 12.755000000000001 68.500000000000014 5.8399999000000014 8.1150002500000031 30.400000500000004 4.4849999000000009 6.2449999000000007 15.250000000000002 4.6150000000000011 10.450000000000001 10.360000000000001 7.3950000000000005
decision_type=10 10 10 10 8 8 8 10 8 8 9 8 10 8 2 8 10 8 10 10 8 10 10 10 10
left_child=1 -1 3 4 -2 -6 17 8 -4 -9 13 12 -12 -11 -15 -3 -13 -7 -5 -17 -8 -20 -23 -24 -25
right_child=2 15 7 18 5 6 20 9 -10 10 11 16 -14 14 -16 19 -18 -19 21 -21 -22 22 23 24 -26
leaf_value=-0.010158285805186566 0.020992229113365464 0.0035664079302462305 -0.0034202423056404032 -0.018410483723661709 0.047862600310611833 -0.044084335994150944 -0.049126596447103536 -0.034041367683362668 0.054573990154725097 0.043579642274178564 -0.066833131571747945 -0.016690496918178643 -0.0049039406043398107 0.035640111338156442 -0.024367504193294323 0.067816807858573372 0.030728932777816138 0.025661747022286425 -0.064410054768521963 0.040338543990717693 -0.067276221617404236 -0.062149228687199222 -0.061728619625335594 -0.060767918245632074 -0.060531870482876976
leaf_weight=1.7812108942307556 1.5812507825903619 1.1301814350299539 1.1894746073521667 0.24898149305954564 0.47239689517300609 0.70561146922409546 0.37707054591737654 1.7697224817238719 1.3317926945164797 2.01140689663589 1.2519672475755217 1.549911540001631 1.2325003049336372 1.1786641099024566 1.5324633494019506 0.92949853045865871 1.5244199000298975 0.68916531023569416 0.24213543906807877 0.72054869006387889 1.0287425034912303 0.20151376631110907 0.15076347626745701 0.22753650392405689 0.24758542561903596
leaf_count=29 31 31 31 17 12 32 27 34 32 30 21 27 24 17 34 18 24 16 4 29 39 8 7 24 39
internal_value=-0.000244521 0.0171082 -0.00406005 -0.0188206 -0.0093426 -0.023998 -0.0361193 0.00219244 0.0272137 -0.00304239 0.00229346 -0.0123663 -0.0361112 0.0195492 0.00172084 0.0345771 0.00682262 -0.00962249 -0.0537149 0.0558175 -0.0624081 -0.0619335 -0.0612088 -0.060906 -0.0606449
internal_weight=25.3065 4.56144 20.7451 6.17275 4.85424 3.27299 2.80059 14.5723 2.52127 12.0511 10.2813 5.5588 2.48447 4.72253 2.71113 2.78023 3.07433 1.39478 1.31852 1.65005 1.40581 1.06953 0.827399 0.625885 0.475122
internal_count=637 107 530 256 157 126 114 274 63 211 177 96 45 81 51 78 51 48 99 47 66 82 78 70 63
cat_boundaries=0 1
cat_threshold=2
is_linear=0
shrinkage=0.06


Tree=98
num_leaves=31
num_cat=2
split_feature=6 0 6 1 1 10 13 13 10 11 11 14 5 12 18 16 6 9 10 1 11 3 12 8 2 0 1 8 10 6
split_gain=0.453432 0.604828 0.532015 0.542729 0.423234 0.477655 0.389477 0.754084 0.557815 0.380027 0.616206 0.553383 0.602053 0.644978 0.625074 0.485273 0.512132 0.432697 0.810286 0.327479 0.16177 0.148802 0.121616 0.0808291 0.0068544 0.000789406 0.000368845 0.000343861 0.000287443 3.72601e-05
threshold=16.150000500000001 7.2500000000000009 13.145000000000001 23.500000000000004 82.500000000000014 1.0850000000000002 4.4149999500000012 4.8550000000000013 1.3049999500000002 4.4049999500000006 4.5750000500000008 0 6.2950000500000014 4.8900001000000008 1 8.0349998500000002 10.540000000000001 11.350000000000003 1.0450000000000002 51.500000000000007 5.6849999500000008 8.5000000000000018 6.565000050000001 287.44999500000006 1.6705000000000003 6.4949999000000007 94.500000000000014 12.65 1.3550000000000002 9.9349999000000029
decision_type=10 10 10 10 8 8 8 10 8 8 8 9 8 10 9 8 8 10 8 8 10 8 10 8 10 8 8 10 8 10
left_child=1 2 3 -1 5 -3 -7 8 -8 -5 -11 12 -12 14 -14 16 -13 -18 -19 -4 -20 -6 24 25 -21 27 -23 -15 -26 -29
right_child=-2 4 19 9 21 6 7 -9 -10 10 11 15 13 23 -16 -17 17 18 20 22 -22 26 -24 -25 28 -27 -28 29 -30 -31
leaf_value=0.030361871667754135 -0.044669423870549271 -0.014373279723168245 0.0089510164285448186 -0.052602930579557353 0.017381830121901611 0.038957321528780182 0.014139871768974294 0.044816652513581273 -0.040676966360764927 0.049152041778709327 0.020768668948895053 0.048828003270520129 0.042688520729303674 -0.063591751081402637 -0.041192800576237115 -0.024062556028879842 0.039646954310224261 0.024520090050603238 -0.016644900445244214 -0.073049286160130178 -0.063786195972878573 0.063659663618864992 -0.025805499833482782 -0.033512168085848421 -0.060745715835268277 -0.065235964203642888 0.061018984176417344 -0.061999654919757313 -0.063639488578719927 -0.061004287151518399
leaf_weight=1.5965735986828864 0.80035001644864578 2.3945850469171956 0.3911571637727308 0.62182758306152841 0.40795812942087706 1.9969931896775968 1.4275120962411172 1.2552423710003493 1.2565369866788385 0.72257313691079517 0.82910039671696711 1.1380762867629526 0.58443032274954043 0.50609046826139092 0.70636050030589104 1.6357635492458937 0.80048346449621055 1.1254638857208195 0.40514687122777082 0.35469431430101395 0.74199404567480087 0.34578336216509353 0.37877364479936659 0.40640164352953423 0.25957309489604086 0.56638079276308428 0.42381211160682142 0.23577223531901836 0.23585667880252004 0.31798450404312462
leaf_count=32 17 39 14 24 6 26 24 17 20 11 20 18 10 17 36 39 18 24 13 4 29 7 18 18 34 11 42 9 7 33
internal_value=-0.000240688 0.00123668 -0.00644942 -0.00239138 0.0130066 0.00824739 0.0173721 0.00642971 -0.0115226 -0.00700119 -0.0043565 -0.0082231 -0.0249719 -0.0363829 -0.00321392 0.003672 0.0144451 0.00171183 -0.0116501 -0.0388636 -0.0471368 0.0466765 -0.0540829 -0.0574464 -0.0666819 -0.0634276 0.0622055 -0.0624613 -0.0621233 -0.0614281
internal_weight=24.8693 24.0689 14.5605 12.9404 9.50842 8.33087 5.93628 3.93929 2.68405 11.3438 10.722 9.99945 4.15252 3.32342 1.29079 5.84693 4.21116 3.07309 2.2726 1.62005 1.14714 1.17755 1.2289 2.03263 0.850124 1.62623 0.769595 1.05985 0.49543 0.553757
internal_count=637 620 439 362 181 126 87 61 44 330 306 295 154 134 46 141 102 84 66 77 42 55 63 88 45 70 49 59 41 42
cat_boundaries=0 1 2
cat_threshold=2 1
is_linear=0
shrinkage=0.06


Tree=99
num_leaves=26
num_cat=0
split_feature=2 10 13 10 1 11 3 16 12 3 5 16 16 12 10 17 8 15 2 6 13 0 0 8 9
split_gain=0.439248 0.529463 0.495201 0.785227 0.540624 0.457927 0.395516 0.638397 0.635103 0.838105 0.529197 0.7378 1.19939 0.570769 0.506395 0.448567 0.416934 0.286989 0.285951 0.141155 0.118699 0.0814553 0.000651697 0.000200996 1.59923e-05
threshold=1.6225000000000003 0.97500002500000005 4.0450001000000011 1.0450000000000002 36.500000000000007 5.8399999000000014 31.430000500000002 8.4949999000000016 8.2899999500000003 21.005000000000003 6.9649999000000014 7.3999998500000013 6.8350000500000005 6.9599998000000012 1.5150000000000003 9.5500002000000013 21.750000000000004 70.500000000000014 2.0048999500000004 9.4050002000000017 3.9850000000000008 6.2449999000000007 7.4099998500000011 13.700000000000001 16.150000500000004
decision_type=10 10 10 8 10 8 10 10 10 10 8 10 10 10 8 8 10 2 10 10 8 10 10 8 10
left_child=1 -1 3 -2 17 -3 7 8 9 10 13 12 14 16 15 19 -6 -4 -18 -12 -5 -7 23 -21 -25
right_child=2 5 4 20 6 21 -8 -9 -10 -11 11 -13 -14 -15 -16 -17 18 -19 -20 22 -22 -23 -24 24 -26
leaf_value=-0.008686766191842419 0.010340628302889744 0.004208173565695833 0.0081058770171589505 -0.035196230993554845 -0.0088422978268442275 0.067064232344167918 0.019850062690192918 -0.05543683143946071 0.037164683584399706 -0.051468582591936235 -0.023566501877635499 -0.065106597509359279 0.043665415579093703 -0.027284018430633231 0.015807245017793205 -0.0015108631850131711 0.013469214737513687 0.061008983243842338 0.056482149651458369 -0.062889491081616983 -0.068329509828584559 0.039392609966833581 -0.064861421183382159 -0.061443706867402803 -0.060765845567301018
leaf_weight=1.7515317401848758 1.143860340816903 1.1001621899195018 0.74077521217987186 0.66134775802493062 0.88480110978707083 0.86478743632324018 2.2405421845614901 0.92647354700602669 1.227753070183099 1.4148875819519151 0.43580329744145441 0.85956930846441526 1.337039142148569 0.92394858971238125 0.91207293071784068 0.90709793067071576 0.91813721053767983 0.73585214768536389 1.4122889919672159 0.45217633433639981 0.94605440029408794 0.6873367530060932 0.39504570513963699 0.29244076437316835 0.21921677538193762
leaf_count=29 29 31 23 26 23 18 31 26 24 37 12 28 27 22 16 31 30 25 21 18 27 29 7 22 25
internal_value=-0.000239343 0.0169141 -0.00401881 -0.0276572 -0.000245563 0.0338206 -0.0034983 -0.00736796 -0.00383131 -0.00826026 -0.00211582 -0.0137949 -0.0048862 0.0142789 -0.0228491 -0.0358988 0.0262227 0.0344692 0.039536 -0.0532798 -0.0546972 0.0548102 -0.062809 -0.0619678 -0.0611533
internal_weight=24.391 4.40382 19.9872 2.75126 17.2359 2.65229 15.7593 13.5188 12.5923 11.3645 9.94964 5.81046 4.95089 4.13918 3.61385 2.70178 3.21523 1.47663 2.33043 1.79468 1.6074 1.55212 1.35888 0.963834 0.511658
internal_count=637 107 530 82 448 78 400 369 343 319 282 186 158 96 131 115 74 48 51 84 53 47 72 65 47
is_linear=0
shrinkage=0.06


end of trees

feature_importances:
Maximal_transversiel_diameter_(cm)=299
Pulse_pressure_(mmHg)=267
Body_Surface_Area_calculated_using_the_DuBois'_formula=225
Maximal_luminal_area_(cm2)=199
Distance_between_lowest_renal_artery_to_the_aortic_bifurcature_(cm)=193
UniCa-score_at_max._size_over_15mm=188
Right_iliac_artery_maximal_diameter_(cm)=176
Distance_between_the_aortic_bifurcature_to_os_saccrum_(cm)=139
Anterior_Wall_thickness_(mm)=138
Distance_between_right_iliac_bifurcature_to_the_aortic_bifurcature_(cm)=133
Distance_between_iliac_bifurcatures_(cm)=113
Age=106
Transvers_outer-to-outer_diameter_of_L3_(cm)=99
Distance_between_left_iliac_bifurcature_to_the_aortic_bifurcature_(cm)=98
Platelet_inhibitors=68
Statins=37
Smoking=34
Hypertension=18
Suprarenal_mural_thrombe=17
UniCa-score_in_thrombus=12

parameters:
[boosting: gbdt]
[objective: binary]
[metric: binary_logloss]
[tree_learner: serial]
[device_type: cpu]
[data_sample_strategy: bagging]
[data: ]
[valid: ]
[num_iterations: 100]
[learning_rate: 0.06]
[num_leaves: 31]
[num_threads: 8]
[seed: 0]
[deterministic: 0]
[force_col_wise: 0]
[force_row_wise: 0]
[histogram_pool_size: -1]
[max_depth: -1]
[min_data_in_leaf: 20]
[min_sum_hessian_in_leaf: 0.001]
[bagging_fraction: 1]
[pos_bagging_fraction: 1]
[neg_bagging_fraction: 1]
[bagging_freq: 0]
[bagging_seed: 3]
[bagging_by_query: 0]
[feature_fraction: 1]
[feature_fraction_bynode: 1]
[feature_fraction_seed: 2]
[extra_trees: 0]
[extra_seed: 6]
[early_stopping_round: 0]
[early_stopping_min_delta: 0]
[first_metric_only: 0]
[max_delta_step: 0]
[lambda_l1: 0]
[lambda_l2: 0]
[linear_lambda: 0]
[min_gain_to_split: 0]
[drop_rate: 0.1]
[max_drop: 50]
[skip_drop: 0.5]
[xgboost_dart_mode: 0]
[uniform_drop: 0]
[drop_seed: 4]
[top_rate: 0.2]
[other_rate: 0.1]
[min_data_per_group: 100]
[max_cat_threshold: 32]
[cat_l2: 10]
[cat_smooth: 10]
[max_cat_to_onehot: 4]
[top_k: 20]
[monotone_constraints: ]
[monotone_constraints_method: basic]
[monotone_penalty: 0]
[feature_contri: ]
[forcedsplits_filename: ]
[refit_decay_rate: 0.9]
[cegb_tradeoff: 1]
[cegb_penalty_split: 0]
[cegb_penalty_feature_lazy: ]
[cegb_penalty_feature_coupled: ]
[path_smooth: 0]
[interaction_constraints: ]
[verbosity: 1]
[saved_feature_importance_type: 0]
[use_quantized_grad: 0]
[num_grad_quant_bins: 4]
[quant_train_renew_leaf: 0]
[stochastic_rounding: 1]
[linear_tree: 0]
[max_bin: 255]
[max_bin_by_feature: ]
[min_data_in_bin: 3]
[bin_construct_sample_cnt: 200000]
[data_random_seed: 1]
[is_enable_sparse: 1]
[enable_bundle: 1]
[use_missing: 1]
[zero_as_missing: 0]
[feature_pre_filter: 1]
[pre_partition: 0]
[two_round: 0]
[header: 0]
[label_column: ]
[weight_column: ]
[group_column: ]
[ignore_column: ]
[categorical_feature: 4,7,14,18,19]
[forcedbins_filename: ]
[precise_float_parser: 0]
[parser_config_file: ]
[objective_seed: 5]
[num_class: 1]
[is_unbalance: 0]
[scale_pos_weight: 1]
[sigmoid: 1]
[boost_from_average: 1]
[reg_sqrt: 0]
[alpha: 0.9]
[fair_c: 1]
[poisson_max_delta_step: 0.7]
[tweedie_variance_power: 1.5]
[lambdarank_truncation_level: 30]
[lambdarank_norm: 1]
[label_gain: ]
[lambdarank_position_bias_regularization: 0]
[eval_at: ]
[multi_error_top_k: 1]
[auc_mu_weights: ]
[num_machines: 1]
[local_listen_port: 12400]
[time_out: 120]
[machine_list_filename: ]
[machines: ]
[gpu_platform_id: -1]
[gpu_device_id: -1]
[gpu_use_dp: 0]
[num_gpu: 1]

end of parameters

pandas_categorical:[[0.0, 1.0], [0.0, 1.0], [0.0, 1.0, 2.0], [0.0, 1.0], [0.0, 1.0, 9.0]]
