tree
version=v4
num_class=1
num_tree_per_iteration=1
label_index=0
max_feature_idx=0
objective=binary sigmoid:1
feature_names=Maximal_anterior-posterior_diameter_(cm)
feature_infos=[2.5999998999999998:13.789999999999999]
tree_sizes=2503 2637 2546 2544 2548 2552 2546 2545 2551 2560 2650 2548 2550 2551 2658 2649 2663 2668 2665 2657 2563 2765 2567 2348 2461 2776 2673 2464 2777 2569 2562 2681 2459 2465 2569 2790 2459 2866 2675 2681 2897 2889 2992 2792 3105 2781 2891 2997 2683 2892 2799 2797 3016 2585 3113 2800 3015 2905 2801 2906 2911 2590 2701 2488 2902 2909 2592 2801 2809 2600 2903 2803 2811 2695 2703 2596 2598 2485 2811 2485 2588 2693 2596 2594 2698 2493 2800 2804 2818 2807 2814 2807 3033 2805 2595 2492 2480 2607 2714 2916

Tree=0
num_leaves=23
num_cat=0
split_feature=0 0 0 0 0 0 0 0 0 0 0 0 0 0 0 0 0 0 0 0 0 0
split_gain=128.703 17.4975 7.67354 3.99557 3.65086 4.45792 1.90533 1.77932 1.24395 4.22976 0.870616 0.864812 0.804563 1.44133 0.882123 0.757845 0.49238 0.390036 0.285117 0.152283 0.13879 0.0692718
threshold=6.7299998000000008 8.2349996500000007 5.9449999500000006 4.7449999000000007 6.1150000000000011 6.5000000000000009 9.360000150000003 6.1849999500000008 7.3350000500000005 7.0850000500000005 6.5000000000000009 7.5300000000000002 5.5300000000000002 5.3100002000000011 5.0150001000000008 7.8200002000000017 5.6350000000000007 5.7550001000000011 5.4349999500000008 8.6349997500000004 5.1849999500000008 5.8300002000000015
decision_type=10 10 8 10 8 8 10 10 10 8 10 10 10 10 10 10 10 10 10 10 10 10
left_child=2 8 3 -1 -4 7 19 -6 9 -2 -7 -10 13 14 -5 -13 -14 -18 -15 -3 -16 -19
right_child=1 6 4 12 5 10 -8 -9 11 -11 -12 15 16 18 20 -17 17 21 -20 -21 -22 -23
leaf_value=-0.70031818218075859 -0.62357537701699806 -0.58602699521085222 -0.66906668574367478 -0.76061092429241928 -0.71118826789800504 -0.7066952991348765 -0.53689206588008664 -0.75784602043818639 -0.6033570175829196 -0.68872342408236231 -0.67489890481119741 -0.6484416351715544 -0.72466717418739079 -0.76119066219733911 -0.72466717418739079 -0.61883279887814013 -0.75784602043818627 -0.73365311171364789 -0.77858279934493357 -0.57190623624101955 -0.73864529922823519 -0.74342043511175349
leaf_weight=6.8996696025133124 8.9027994871139526 4.6739697307348269 7.1222395896911612 6.6770996153354707 4.451399743556979 6.6770996153354627 6.4545296281576148 8.680229499936102 4.451399743556979 6.0093896538019189 5.7868196666240692 6.4545296281576139 5.5642496794462231 6.8996696025133115 4.4513997435569745 6.009389653801918 5.7868196666240719 5.3416796922683698 6.6770996153354645 6.6770996153354645 6.009389653801918 5.1191097050905228
leaf_count=31 40 21 32 30 20 30 29 39 20 27 26 29 25 31 20 27 26 24 30 30 27 23
internal_value=-0.688441 -0.61055 -0.730397 -0.743245 -0.707062 -0.717635 -0.56292 -0.74203 -0.637196 -0.649829 -0.691933 -0.626058 -0.748884 -0.755141 -0.743573 -0.634166 -0.740072 -0.745347 -0.769744 -0.577721 -0.732697 -0.738433
internal_weight=141.777 49.6331 92.144 59.4262 32.7178 25.5955 17.8056 13.1316 31.8275 14.9122 12.4639 16.9153 52.5265 30.7147 17.1379 12.4639 21.8119 16.2476 13.5768 11.3511 10.4608 10.4608
internal_count=637 223 414 267 147 115 80 59 143 67 56 76 236 138 77 56 98 73 61 51 47 47
is_linear=0
shrinkage=1


Tree=1
num_leaves=24
num_cat=0
split_feature=0 0 0 0 0 0 0 0 0 0 0 0 0 0 0 0 0 0 0 0 0 0 0
split_gain=112.451 14.2795 7.06282 3.69554 3.25987 4.06305 1.6572 1.36619 1.16024 1.53715 1.27134 0.771508 0.759191 1.37214 0.829761 0.494418 0.458475 0.383564 0.367544 0.275886 0.128538 0.108993 0.0646281
threshold=6.7299998000000008 8.2649999000000012 5.9449999500000006 4.7449999000000007 6.1150000000000011 6.5000000000000009 6.1849999500000008 9.360000150000003 7.7049999000000007 7.4949999000000007 7.2950001000000011 6.5000000000000009 5.5300000000000002 5.3100002000000011 5.0150001000000008 7.9049999500000006 5.6350000000000007 7.0500002000000004 5.7550001000000011 5.4349999500000008 5.1849999500000008 8.7100000500000032 5.8300002000000015
decision_type=10 10 8 10 8 8 10 10 10 8 8 10 10 10 10 8 10 8 10 10 10 10 10
left_child=2 8 3 -1 -4 6 -6 21 9 10 17 -7 13 14 -5 -10 -14 -2 -18 -15 -16 -3 -20
right_child=1 7 4 12 5 11 -8 -9 15 -11 -12 -13 16 19 20 -17 18 -19 22 -21 -22 -23 -24
leaf_value=-0.011210051413965022 0.047222869987578915 0.10821322906731203 0.01809345807837965 -0.069614992032240836 -0.021551569539399858 -0.017267463867303278 -0.066878869495171842 0.13598078183011705 0.080350964251942603 0.012261249791885167 0.073582624319554285 0.012671582394720989 -0.034486789723279843 -0.070189431940028191 -0.034486789723279877 0.052359214726234088 -0.066878869495171842 0.026303470489464815 -0.043180838332798815 -0.087543371950059901 -0.048035785210454901 0.09625393694920005 -0.052696553261780674
leaf_weight=6.872363179922103 8.1788240075111425 5.0572186410427111 7.167494297027587 6.5118809044361177 4.4174781441688564 6.6363573074340803 8.4739316403865796 6.7516535073518744 4.5297197997570011 5.1979400664567939 5.4373539686202994 5.8125988841056824 5.4962813854217556 6.7275273054838163 4.3970251083374006 4.5568609088659295 5.6492877602577201 5.137192741036416 5.2598973512649518 6.4690876007080078 5.906986266374588 5.9961861670017242 5.0233679711818695
leaf_count=31 36 22 32 30 20 30 39 29 20 23 24 26 25 31 20 20 26 23 24 30 27 26 23
internal_value=-4.52974e-05 0.0714013 -0.0400419 -0.0525346 -0.0176322 -0.0277371 -0.0513466 0.114715 0.0480582 0.0411327 0.0491351 -0.00328849 -0.0580554 -0.0642145 -0.0528494 0.0663133 -0.0494291 0.0391524 -0.0545838 -0.0786965 -0.042254 0.101726 -0.0478293
internal_weight=141.665 50.8429 90.8216 58.3137 32.5079 25.3404 12.8914 17.8051 33.0379 23.9513 18.7534 12.449 51.4413 30.0125 16.8159 9.08658 21.4288 13.316 15.9326 13.1966 10.304 11.0534 10.2833
internal_count=637 223 414 267 147 115 59 77 146 106 83 56 236 138 77 40 98 59 73 61 47 48 47
is_linear=0
shrinkage=0.06


Tree=2
num_leaves=23
num_cat=0
split_feature=0 0 0 0 0 0 0 0 0 0 0 0 0 0 0 0 0 0 0 0 0 0
split_gain=98.7716 14.8147 3.76957 5.92947 3.42474 2.00505 2.11272 3.95737 1.22774 1.0466 0.720218 1.31497 0.783937 0.65908 0.546195 0.537236 0.428059 0.347964 0.269819 0.123554 0.119259 0.0604687
threshold=6.5000000000000009 8.2349996500000007 5.9449999500000006 6.1549999500000006 4.7449999000000007 6.8650000000000011 7.0850000500000005 7.3350000500000005 9.360000150000003 6.1150000000000011 5.5300000000000002 5.3100002000000011 5.0150001000000008 7.5300000000000002 6.3050000500000012 7.8200002000000017 5.6350000000000007 5.7550001000000011 5.4349999500000008 8.6349997500000004 5.1849999500000008 5.8300002000000015
decision_type=10 10 8 10 10 10 10 10 10 8 10 10 10 10 10 10 10 10 10 8 10 10
left_child=2 5 4 9 -1 -2 -7 -8 19 -4 11 12 -6 -9 -5 -15 -12 -18 -13 -3 -14 -19
right_child=1 8 3 14 10 6 7 13 -10 -11 16 18 20 15 -16 -17 17 21 -20 -21 -22 -23
leaf_value=-0.010578845311332814 0.015106961047913568 0.084834389234195159 0.016906980111064767 -0.045840255631774018 -0.067237898258434514 0.080230676766461478 -0.0026696020916261495 0.072851718425477524 0.12375242868748976 -0.013936436748869624 -0.032829373434340572 -0.067809713138564806 -0.0328293734343406 0.034564612394314582 -0.073429672662714496 0.059098610952007288 -0.064518523969612468 -0.041247216856953858 -0.085234657535304362 0.097184608701279832 -0.045974997792220383 -0.050532511113371578
leaf_weight=6.8462965935468665 9.5217696130275709 4.9516578912734994 7.2089219093322763 5.7943203002214414 6.3427792489528718 5.5225867629051235 6.0869157314300564 4.6494610309600857 6.9663072675466529 8.7894771993160248 5.4294355213642147 6.5512326657772046 4.3435484170913679 6.6087112575769407 4.6614035665988922 6.2536757588386536 5.5089314877986899 5.1786235570907575 6.2522667646408081 7.0938993990421304 5.8046424239873886 4.9271710962057114
leaf_count=31 42 21 32 27 30 24 27 20 29 40 25 31 20 29 22 27 26 24 30 30 27 23
internal_value=-7.98927e-05 0.0603416 -0.0417303 -0.0230025 -0.0503939 0.0390085 0.0468235 0.0390055 0.103703 -3.83097e-05 -0.0558089 -0.0618918 -0.0506907 0.0534913 -0.0581403 0.046493 -0.0473414 -0.0523874 -0.0763187 0.0921077 -0.0403485 -0.0457743
internal_weight=141.294 57.655 83.6391 26.4541 57.1849 38.6431 29.1214 23.5988 19.0119 15.9984 50.3386 29.2945 16.491 17.5118 10.4557 12.8624 21.0442 15.6147 12.8035 12.0456 10.1482 10.1058
internal_count=637 249 388 121 267 169 127 103 80 72 236 138 77 76 49 56 98 73 61 51 47 47
is_linear=0
shrinkage=0.06


Tree=3
num_leaves=23
num_cat=0
split_feature=0 0 0 0 0 0 0 0 0 0 0 0 0 0 0 0 0 0 0 0 0 0
split_gain=87.1727 12.6211 3.49027 5.41758 3.17861 1.72442 1.78298 3.41202 1.05298 0.924139 0.686175 1.26708 0.743233 0.559087 0.521757 0.458819 0.400478 0.330646 0.26626 0.110794 0.10389 0.0566993
threshold=6.5000000000000009 8.2349996500000007 5.9449999500000006 6.1549999500000006 4.7449999000000007 6.8650000000000011 7.0850000500000005 7.3350000500000005 9.360000150000003 6.1150000000000011 5.5300000000000002 5.3100002000000011 5.0150001000000008 7.5300000000000002 6.3050000500000012 7.8200002000000017 5.6350000000000007 5.7550001000000011 5.4349999500000008 5.1849999500000008 8.6349997500000004 5.8300002000000015
decision_type=10 10 8 10 10 10 10 10 10 8 10 10 10 10 10 10 10 8 10 10 10 10
left_child=2 5 4 9 -1 -2 -7 -8 20 -4 11 12 -6 -9 -5 -15 -12 -18 -13 -14 -3 -19
right_child=1 8 3 14 10 6 7 13 -10 -11 16 18 19 15 -16 -17 17 21 -20 -21 -22 -23
leaf_value=-0.0099815010805319078 0.014134062319356658 0.078234934319791935 0.01580665115347173 -0.043881918498249531 -0.065012228772042185 0.073788133557073685 -0.0025115962827026062 0.067217479619776435 0.11385511659016184 -0.013166530172757826 -0.031248135577682329 -0.065583590173546522 -0.031248135577682357 0.032157412470492273 -0.071178176634075149 0.054687155571232333 -0.062299899324109481 -0.039402402966730893 -0.083172909865873446 -0.04401079747447105 0.089451286227034549 -0.048473541911379703
leaf_weight=6.8214412033557883 9.5651617646217328 5.04409968852997 7.2468829154968271 5.6928925067186338 6.1716011166572633 5.6405598521232632 6.0818186253309277 4.7340279817581203 7.1125326603651038 8.7465895712375641 5.3639821708202389 6.3726865500211698 4.2911857366561872 6.6750580668449384 4.5245249271392822 6.349499523639679 5.3671827912330601 5.0983289480209351 6.0296103358268738 5.7030477225780487 7.2398403286933899 4.8312525153160095
leaf_count=31 42 21 32 27 30 24 27 20 29 40 25 31 20 29 22 27 26 24 30 27 30 23
internal_value=-0.000107519 0.0559226 -0.0399142 -0.0218411 -0.0483657 0.0362705 0.0434528 0.0362755 0.0954831 -3.8346e-05 -0.0536844 -0.0597085 -0.0486407 0.049559 -0.0559694 0.0431407 -0.0453548 -0.0503014 -0.074135 -0.0385309 0.0848456 -0.043816
internal_weight=140.704 58.4426 82.2612 26.2109 56.0503 39.0461 29.481 23.8404 19.3965 15.9935 49.2289 28.5681 16.1658 17.7586 10.2174 13.0246 20.6607 15.2968 12.4023 9.99423 12.2839 9.92958
internal_count=637 249 388 121 267 169 127 103 80 72 236 138 77 76 49 56 98 73 61 47 51 47
is_linear=0
shrinkage=0.06


Tree=4
num_leaves=23
num_cat=0
split_feature=0 0 0 0 0 0 0 0 0 0 0 0 0 0 0 0 0 0 0 0 0 0
split_gain=77.1242 10.9027 3.23346 4.95306 2.95347 1.49124 1.51992 2.95367 0.929414 0.816171 0.655932 1.22634 0.706552 0.500433 0.479291 0.394778 0.375227 0.31509 0.264716 0.103016 0.0893857 0.0532475
threshold=6.5000000000000009 8.2349996500000007 5.9449999500000006 6.1549999500000006 4.7449999000000007 6.8650000000000011 7.0850000500000005 7.3350000500000005 9.360000150000003 6.1150000000000011 5.5300000000000002 5.3100002000000011 5.0150001000000008 6.3050000500000012 7.5300000000000002 7.8200002000000017 5.6350000000000007 5.7550001000000011 5.4349999500000008 5.1849999500000008 8.6349997500000004 5.8300002000000015
decision_type=10 10 8 10 10 10 10 10 10 8 10 10 10 10 10 10 10 8 10 10 10 10
left_child=2 5 4 9 -1 -2 -7 -8 20 -4 11 12 -6 -5 -9 -16 -12 -18 -13 -14 -3 -19
right_child=1 8 3 13 10 6 7 14 -10 -11 16 18 19 -15 15 -17 17 21 -20 -21 -22 -23
leaf_value=-0.0094163347391904555 0.013229101397078129 0.072485034229467421 0.014784924103041898 -0.042010534362905146 -0.062916290614626183 0.068169662924162128 -0.0023628287681667533 0.062251331802342547 0.10565017063701368 -0.012436692259969391 -0.029738331953605708 -0.063488961442123626 -0.029738331953605736 -0.069081475232353848 0.029954611751506995 0.050740922020433725 -0.06020322596320677 -0.037639197862810468 -0.081323518877206971 -0.042134108619166513 0.082814890071355771 -0.046508442158530873
leaf_weight=6.7977646738290778 9.6050350666046125 5.1151937395334262 7.2817020416259775 5.5928182750940305 5.999859273433688 5.7359533905982998 6.0770092904567745 4.8027125597000149 7.2018780261278144 8.7055839598178864 5.3001366555690792 6.1934812515974027 4.2401093244552595 4.3863838315010071 6.7340581566095334 6.4300670176744461 5.225239992141721 5.0193983316421509 5.8036217093467712 5.6027698516845703 7.3471831679344177 4.736219197511673
leaf_count=31 42 21 32 27 30 24 27 20 29 40 25 31 20 22 29 27 26 24 30 27 30 23
internal_value=-0.000128864 0.0520041 -0.0381878 -0.0207415 -0.0464368 0.0337867 0.0404173 0.0337966 0.0884911 -3.81088e-05 -0.0516665 -0.0576454 -0.046687 -0.0539096 0.046027 0.0401078 -0.0434591 -0.0483134 -0.0721165 -0.0367943 0.078575 -0.0419451
internal_weight=139.934 59.0491 80.8851 25.9665 54.9186 39.3848 29.7798 24.0438 19.6643 15.9873 48.1208 27.8398 15.8427 9.9792 17.9668 13.1641 20.281 14.9809 11.9971 9.84288 12.4624 9.75562
internal_count=637 249 388 121 267 169 127 103 80 72 236 138 77 49 76 56 98 73 61 47 51 47
is_linear=0
shrinkage=0.06


Tree=5
num_leaves=23
num_cat=0
split_feature=0 0 0 0 0 0 0 0 0 0 0 0 0 0 0 0 0 0 0 0 0 0
split_gain=68.3687 9.52475 2.99645 4.56928 2.74643 1.29557 1.30654 2.5656 0.994674 0.838872 0.628614 1.19111 0.673044 0.414476 0.351911 0.341795 0.300906 0.264811 0.0958265 0.078969 0.0500568 0.00207683
threshold=6.5000000000000009 8.2349996500000007 5.9449999500000006 6.1849999500000008 4.7449999000000007 6.8650000000000011 7.0850000500000005 7.3350000500000005 6.1150000000000011 9.360000150000003 5.5300000000000002 5.3100002000000011 5.0150001000000008 7.5300000000000002 5.6350000000000007 7.8200002000000017 5.7550001000000011 5.4349999500000008 5.1849999500000008 8.7100000500000032 5.8300002000000015 6.1150000000000011
decision_type=10 10 8 10 10 10 10 10 8 10 10 10 8 10 10 10 10 10 10 10 10 10
left_child=2 5 4 8 -1 -2 -7 -8 -4 19 11 12 -6 -9 -12 -15 -16 -13 -14 -3 -18 -10
right_child=1 9 3 -5 10 6 7 13 21 -11 14 17 18 15 16 -17 20 -19 -20 -21 -22 -23
leaf_value=-0.0088817278580719562 0.012386542808852484 0.077941315828512631 0.013835142661548604 -0.058541303928493521 -0.060931959263848375 0.063212832285409803 -0.0022227714021375955 0.057830878259677317 -0.01417292057018079 0.098712658477885337 -0.028295813283839788 -0.061507357965292539 -0.028295813283839802 0.027932520938207386 -0.058212002673223413 0.047185704588434532 -0.035951512786782429 -0.07965805712900452 -0.040337333796686699 0.068435380563332052 -0.044627831766419795 -0.015878747313629479
leaf_weight=6.7752328217029563 9.6417082846164686 6.1588215529918688 7.3136687278747621 7.6571889072656623 5.8288139104843149 5.8120667934417751 6.0724723935127285 4.8578068017959621 6.5050385892391187 7.243978649377822 5.2380669862031963 6.014943450689314 4.1904535889625549 6.7865548431873304 5.0840987861156455 6.4974555671215057 4.9421421289443952 5.576397031545639 5.5042722970247269 6.4313930869102478 4.6425701528787613 4.2468830943107605
leaf_count=31 42 25 32 39 30 24 27 20 30 29 25 31 20 29 26 27 24 30 27 26 23 20
internal_value=-0.000145325 0.0484964 -0.0365425 -0.0196988 -0.0445962 0.0315218 0.0376664 0.0315345 -0.00323515 0.0824452 -0.0497422 -0.0556864 -0.0448197 0.0428338 -0.0416457 0.0373496 -0.0464128 -0.0702394 -0.0351325 0.0730854 -0.0401541 -0.0148467
internal_weight=139.022 59.5023 79.5198 25.7228 53.797 39.6681 30.0264 24.2143 18.0656 19.8342 47.0218 27.1149 15.5235 18.1418 19.9069 13.284 14.6688 11.5913 9.69473 12.5902 9.58471 10.7519
internal_count=637 249 388 121 267 169 127 103 82 80 236 138 77 76 98 56 73 61 47 51 47 50
is_linear=0
shrinkage=0.06


Tree=6
num_leaves=23
num_cat=0
split_feature=0 0 0 0 0 0 0 0 0 0 0 0 0 0 0 0 0 0 0 0 0 0
split_gain=60.7021 8.39584 2.77742 4.20305 2.55514 1.12995 1.13092 2.23495 0.880762 0.770844 0.603536 1.16008 0.642045 0.36101 0.330224 0.297466 0.287791 0.26625 0.0891489 0.0888001 0.0470838 0.00187965
threshold=6.5000000000000009 8.2349996500000007 5.9449999500000006 6.1849999500000008 4.7449999000000007 6.8650000000000011 7.0850000500000005 7.3350000500000005 6.1150000000000011 9.360000150000003 5.5300000000000002 5.3100002000000011 5.0150001000000008 7.5300000000000002 5.6350000000000007 7.8200002000000017 5.7550001000000011 5.4349999500000008 5.1849999500000008 8.6349997500000004 5.8300002000000015 6.1849999500000008
decision_type=10 10 8 10 10 10 10 10 8 10 10 10 8 10 10 10 10 10 10 10 10 8
left_child=2 5 4 8 -1 -2 -7 -8 -4 19 11 12 -6 -9 -12 -15 -16 -13 -14 -3 -18 -10
right_child=1 9 3 -5 10 6 7 13 21 -11 14 17 18 15 16 -17 20 -19 -20 -21 -22 -23
leaf_value=-0.0083761535756555379 0.011601421503504745 0.062204972974942888 0.012951339804893412 -0.056626802523034953 -0.059044015134161631 0.058796414081215928 -0.0020909261375805749 0.053862944445782115 -0.015021844596695522 0.09274829513708352 -0.026916964151201025 -0.059623254775222581 -0.026916964151201036 0.026071210806505391 -0.056312374121613669 0.043963134652752998 -0.034334170893043824 -0.07815288142705977 -0.038614091892771506 0.072411298593240608 -0.042823894666831189 -0.013394297073405297
leaf_weight=6.753808692097663 9.6754683554172498 5.2107444852590579 7.3430447578430238 7.4475857913494101 5.6595057249069223 5.8717323541641262 6.0681938081979778 4.9012863636016872 4.220622926950452 7.2469452470540991 5.1779009401798275 5.8381697833538038 4.1423207521438599 6.8332917094230634 4.944581300020217 6.5534677505493164 4.8668081760406476 5.3496833145618439 5.4079280197620392 7.4658816158771515 4.5507108271121979 6.4712633192539224
leaf_count=31 42 21 32 39 30 24 27 20 20 29 25 31 20 29 26 27 24 30 27 30 23 30
internal_value=-0.000157886 0.0453298 -0.0349699 -0.0187073 -0.0428348 0.0294476 0.0351598 0.0294616 -0.00304838 0.0771393 -0.047901 -0.0538179 -0.0430303 0.0399311 -0.0399074 0.0348302 -0.0445908 -0.0684835 -0.0335406 0.068216 -0.0384366 -0.0140368
internal_weight=138.001 59.827 78.1739 25.4825 52.6914 39.9034 30.228 24.3562 18.0349 19.9236 45.9376 26.3976 15.2098 18.288 19.54 13.3868 14.3621 11.1879 9.55025 12.6766 9.41752 10.6919
internal_count=637 249 388 121 267 169 127 103 82 80 236 138 77 76 98 56 73 61 47 51 47 50
is_linear=0
shrinkage=0.06


Tree=7
num_leaves=23
num_cat=0
split_feature=0 0 0 0 0 0 0 0 0 0 0 0 0 0 0 0 0 0 0 0 0 0
split_gain=53.9647 7.467 2.57409 3.86727 2.37769 1.03141 0.943186 2.01978 0.779905 0.650701 0.580163 1.13219 0.613036 0.309926 0.28898 0.30416 0.275508 0.268796 0.113701 0.0829215 0.0442944 0.00169962
threshold=6.5000000000000009 8.2649999000000012 5.9449999500000006 6.1849999500000008 4.7449999000000007 6.8650000000000011 7.0850000500000005 7.3350000500000005 6.1150000000000011 9.360000150000003 5.5300000000000002 5.3100002000000011 5.0150001000000008 5.6350000000000007 7.5300000000000002 7.8200002000000017 5.7550001000000011 5.4349999500000008 8.7100000500000032 5.1849999500000008 5.8300002000000015 6.1150000000000011
decision_type=10 10 8 10 10 10 10 10 8 10 10 10 8 10 10 10 10 10 10 10 10 10
left_child=2 5 4 8 -1 -2 -7 -8 -4 18 11 12 -6 -12 -9 -16 -15 -13 -3 -14 -18 -10
right_child=1 9 3 -5 10 6 7 14 21 -11 13 17 19 16 15 -17 20 -19 -20 -21 -22 -23
leaf_value=-0.007898146121446346 0.010869270912199068 0.071099341643301298 0.012128198282948291 -0.054794032902962683 -0.057239581280038448 0.054828111725472126 -0.0019668199320432003 0.050275390200797028 -0.012655748885952315 0.087546628844125382 -0.025598568482278022 -0.057823526361553398 -0.025598568482278036 -0.054492680704905157 0.024353754047844293 0.0419136137884763 -0.032782784342850882 -0.076788203136911995 0.059367863331215277 -0.0369589971704068 -0.041090063442212409 -0.014207721512652751
leaf_weight=6.7334544062614432 9.7065740227699262 5.4878085851669329 7.3700642585754457 7.2412742078304282 5.4927894473075876 5.9173886179924038 6.0641592890024212 4.9348558187484768 6.4389923214912397 7.2176448553800574 5.1197320222854641 5.664060562849043 4.0957856178283691 4.8073597252368918 6.8749251067638379 7.3450097590684891 4.7935885190963727 5.1249271631240845 6.4930642247200012 5.3140335381031036 4.4609664678573608 4.1955186426639557
leaf_count=31 42 22 32 39 30 24 27 20 30 29 25 31 20 26 29 30 24 30 26 27 23 20
internal_value=-0.000167325 0.0424531 -0.0334647 -0.017765 -0.041145 0.0279462 0.0332698 0.0282114 -0.00287224 0.073315 -0.0461338 -0.0520288 -0.0413117 -0.0382382 0.0377654 0.0334239 -0.0428401 -0.066832 0.0647414 -0.0320142 -0.0367871 -0.013268
internal_weight=136.894 60.0414 76.8525 25.2458 51.6067 40.8429 31.1363 25.2189 18.0046 19.1985 44.8732 25.6916 14.9026 19.1816 19.1548 14.2199 14.0619 10.789 11.9809 9.40982 9.25455 10.6345
internal_count=637 249 388 121 267 172 130 106 82 77 236 138 77 98 79 59 73 61 48 47 47 50
is_linear=0
shrinkage=0.06


Tree=8
num_leaves=23
num_cat=0
split_feature=0 0 0 0 0 0 0 0 0 0 0 0 0 0 0 0 0 0 0 0 0 0
split_gain=48.0236 6.67459 2.38496 3.55977 2.21253 0.905022 0.824961 1.76755 0.613432 0.558077 1.10661 0.585611 0.506479 0.466029 0.290831 0.272257 0.263871 0.254373 0.267055 0.0992327 0.077096 0.0416629
threshold=6.5000000000000009 8.2649999000000012 5.9449999500000006 6.1549999500000006 4.7449999000000007 6.8650000000000011 7.0850000500000005 7.3350000500000005 9.360000150000003 5.5300000000000002 5.3100002000000011 5.0150001000000008 6.0350001000000004 6.3050000500000012 5.6350000000000007 5.4349999500000008 5.7550001000000011 7.5300000000000002 7.8200002000000017 8.7100000500000032 5.1849999500000008 5.8300002000000015
decision_type=10 10 8 10 10 10 10 10 8 10 10 8 10 10 10 10 8 10 10 10 10 10
left_child=2 5 4 12 -1 -2 -7 -8 19 10 11 -6 -4 -5 -11 -12 -16 -9 -19 -3 -13 -18
right_child=1 8 3 13 9 6 7 17 -10 14 15 20 -14 -15 16 -17 21 18 -20 -21 -22 -23
leaf_value=-0.0074463032254185046 0.010186046140430272 0.066695470076288732 -0.0084105219796168484 -0.035063666217299269 -0.055507799097954433 0.051236420926737712 -0.0018500061907490498 0.047011449297893457 0.082953021933887844 -0.024337776498646817 -0.056097094509050142 -0.024337776498646827 0.013480162893674532 -0.062520744597448788 -0.052743091207596793 -0.075547320279505017 -0.03129357412724524 0.022765673456731812 0.039174855484641134 0.055744329514148372 -0.035367531447701619 -0.039420858246095383
leaf_weight=6.7141297757625571 9.7352583110332471 5.4987329244613665 9.6434803307056445 5.1897096782922727 5.3293575346469888 5.9511376619339016 6.0603560805320766 4.9599884152412441 7.1619121432304373 5.0636239349842098 5.4933451861143094 4.0508991479873657 6.2845274806022635 3.8960630297660828 4.6729776263236973 4.9033159017562866 4.7226290702819824 6.9120337218046171 7.3856587111949921 6.499941885471344 5.2228181809186935 4.3735930919647217
leaf_count=31 42 22 44 27 30 24 27 20 29 25 31 20 28 22 26 30 24 29 30 26 27 23
internal_value=-0.000174292 0.0398223 -0.0320216 -0.0168685 -0.0395203 0.0261614 0.0311351 0.0264102 0.0690573 -0.0444333 -0.0503094 -0.039658 0.000226629 -0.0468375 -0.036633 -0.0652703 -0.0411546 0.0353036 0.031242 0.060763 -0.0305496 -0.0352013
internal_weight=135.725 60.165 75.5605 25.0138 50.5467 41.0044 31.2692 25.318 19.1606 43.8326 24.9997 14.6031 15.928 9.08577 18.8328 10.3967 13.7692 19.2577 14.2977 11.9987 9.27372 9.09622
internal_count=637 249 388 121 267 172 130 106 77 236 138 77 72 49 98 61 73 79 59 48 47 47
is_linear=0
shrinkage=0.06


Tree=9
num_leaves=23
num_cat=0
split_feature=0 0 0 0 0 0 0 0 0 0 0 0 0 0 0 0 0 0 0 0 0 0
split_gain=42.7701 5.99781 2.20967 3.29997 2.05841 0.761064 0.758384 1.49377 0.647469 0.636662 0.536952 1.08266 0.559459 0.276472 0.272796 0.252739 0.247876 0.197695 0.0933724 0.0716339 0.0391689 0.00136144
threshold=6.5000000000000009 8.2349996500000007 5.9449999500000006 6.1849999500000008 4.7449999000000007 6.8650000000000011 7.0850000500000005 7.3350000500000005 6.1150000000000011 9.360000150000003 5.5300000000000002 5.3100002000000011 5.0150001000000008 5.4349999500000008 5.6350000000000007 5.7550001000000011 7.5300000000000002 7.8200002000000017 8.6349997500000004 5.1849999500000008 5.8300002000000015 6.1150000000000011
decision_type=10 10 8 10 10 10 10 10 8 10 10 10 10 10 10 10 10 10 10 10 10 10
left_child=2 5 4 8 -1 -2 -7 -8 -4 18 11 12 -6 -13 -12 -16 -9 -18 -3 -14 -17 -10
right_child=1 9 3 -5 10 6 7 16 21 -11 14 13 19 -15 15 20 17 -19 -20 -21 -22 -23
leaf_value=-0.0070193012000201336 0.0095480891685598562 0.050276659420374591 0.011114015899915579 -0.051437224965843721 -0.053839450237812642 0.047965115873649163 -0.0017400691457737031 0.044025886686297928 -0.011488561173348512 0.078851249291664163 -0.023132004212503252 -0.054434532561770388 -0.023132004212503277 -0.074416032754079556 -0.051055315016077484 -0.029863319447634481 0.021294474833394531 0.035757880584764284 0.060712835720975716 -0.033835858529859514 -0.037811669919170246 -0.012884200711005508
leaf_weight=6.6957964599132529 9.7617313861846906 5.2474608868360537 7.4026850163936677 6.8507335036993018 5.1697629690170315 5.9747955203056362 6.0567709803581264 4.977958798408511 6.3875676691532117 7.0847144871950141 5.0096161663532284 5.3266084641218168 4.0076929330825788 4.6858155727386475 4.5418677628040305 4.6540364027023298 6.9451284855604154 6.6691650897264481 7.4937771558761597 5.1344549506902695 4.2887884527444839 4.1517540812492371
leaf_count=31 42 21 32 39 30 24 27 20 30 29 25 31 20 30 26 24 29 27 30 27 23 20
internal_value=-0.000179312 0.0374049 -0.030634 -0.0160122 -0.0379555 0.0241367 0.0287871 0.0241384 -0.00248592 0.0644323 -0.0427931 -0.0486518 -0.0380642 -0.0637859 -0.0350876 -0.0395291 0.0325688 0.0283796 0.0564147 -0.0291436 -0.0336752 -0.0120383
internal_weight=134.519 60.2115 74.3072 24.7927 49.5144 40.3856 30.6238 24.649 17.942 19.826 42.8186 24.3243 14.3119 10.0124 18.4943 13.4847 18.5923 13.6143 12.7412 9.14215 8.94282 10.5393
internal_count=637 249 388 121 267 169 127 103 82 80 236 138 77 61 98 73 76 56 51 47 47 50
is_linear=0
shrinkage=0.06


Tree=10
num_leaves=24
num_cat=0
split_feature=0 0 0 0 0 0 0 0 0 0 0 0 0 0 0 0 0 0 0 0 0 0 0
split_gain=38.1168 5.41346 2.04523 3.03586 1.91427 0.729852 1.02609 1.34988 0.61734 0.573227 0.555597 0.516538 1.06242 0.316434 0.279703 0.71657 0.547017 0.25571 0.242002 0.0961955 0.0594579 0.0367976 0.00122803
threshold=6.5000000000000009 8.2649999000000012 5.9449999500000006 6.1849999500000008 4.7449999000000007 7.7049999000000007 7.4849999000000009 7.2950001000000011 7.9049999500000006 6.1150000000000011 9.360000150000003 5.5300000000000002 5.4349999500000008 6.8650000000000011 5.0450001000000011 5.2149999000000014 5.3250000500000008 5.6350000000000007 5.7550001000000011 8.7100000500000032 7.0500002000000004 5.8300002000000015 6.1150000000000011
decision_type=10 10 8 10 10 10 10 8 10 8 8 10 8 10 10 10 10 10 8 8 8 10 10
left_child=2 5 4 9 -1 6 7 13 -7 -4 19 12 14 -2 -6 -16 -17 -13 -19 -3 -15 -20 -11
right_child=1 10 3 -5 11 8 -8 -9 -10 22 -12 17 -14 20 15 16 -18 18 21 -21 -22 -23 -24
leaf_value=-0.0066158645869321651 0.0089520590389205127 0.059708734862387439 0.010414797254037853 -0.049791511163445303 -0.030674712322015702 0.052291756353272684 -0.0037157972403083404 0.050699728367102681 0.022277610919470347 -0.010848973650123661 0.075152275234224797 -0.021978916312213614 -0.073382188825310557 0.028728917678637125 -0.06680973556967032 -0.020203918966246494 -0.05033822771961996 -0.049422351775806762 -0.028489186077909373 0.048912059139584504 0.019578144652967196 -0.03625865937391004 -0.012177769631133201
leaf_weight=6.6784133464097968 9.7861833870411008 5.4857448041439065 7.424983084201819 6.6584890633821479 6.4026052653789582 4.9082595109939557 6.043980434536933 5.307714730501174 4.9601483047008514 6.3591894507408124 6.9902842044830313 4.9577273428440121 4.4732008874416342 4.9923783540725681 4.0740387737750998 4.0528207123279554 4.6645376682281494 4.4143687486648533 4.5878820419311523 6.4802092909812936 5.2383842766284952 4.2066988945007324 4.1297383606433868
leaf_count=31 42 22 32 39 37 20 25 22 20 30 29 25 30 20 21 22 28 26 24 26 23 23 20
internal_value=-0.000182535 0.035174 -0.0293025 -0.0151995 -0.0364459 0.0229743 0.0184972 0.0237985 0.0372058 -0.00234187 0.0617128 -0.041208 -0.0470493 0.0166654 -0.0409123 -0.0460366 -0.0363284 -0.0335982 -0.0379593 0.0538618 0.0240435 -0.0322055 -0.0113722
internal_weight=133.278 60.1933 73.0847 24.5724 48.5123 41.237 31.3686 25.3247 9.86841 17.9139 18.9562 41.8339 23.6672 20.0169 19.194 12.7914 8.71736 18.1667 13.2089 11.966 10.2308 8.79458 10.4889
internal_count=637 249 388 121 267 172 132 107 40 82 77 236 138 85 108 71 50 98 73 48 43 47 50
is_linear=0
shrinkage=0.06


Tree=11
num_leaves=23
num_cat=0
split_feature=0 0 0 0 0 0 0 0 0 0 0 0 0 0 0 0 0 0 0 0 0 0
split_gain=33.9689 4.91335 1.88986 2.79213 1.77779 0.595756 0.577859 0.522085 0.494578 1.0577 0.391166 0.278474 0.572207 0.270446 1.25073 0.586145 0.239488 0.231577 0.0890112 0.0815332 0.0403076 0.0345374
threshold=6.5000000000000009 8.2349996500000007 5.9449999500000006 6.1849999500000008 4.7449999000000007 7.5699999000000009 9.360000150000003 6.1549999500000006 5.5300000000000002 5.4349999500000008 7.8650000000000011 5.3100002000000011 5.0150001000000008 6.8650000000000011 7.0850000500000005 7.3350000500000005 5.6350000000000007 5.7550001000000011 8.6349997500000004 5.1849999500000008 6.0550000500000012 5.8300002000000015
decision_type=10 10 8 10 10 10 10 8 10 8 8 10 8 10 10 10 10 8 10 10 10 10
left_child=2 5 4 7 -1 13 18 20 9 11 -7 12 -6 -2 -15 -16 -10 -18 -3 -14 -4 -19
right_child=1 6 3 -5 8 10 -8 -9 16 -11 -12 -13 19 14 15 -17 17 21 -20 -21 -22 -23
leaf_value=-0.006234779991336762 0.0083949239472936015 0.044187645013198523 0.0035440296045026369 -0.048195985005137325 -0.05130844607217077 0.042260250675708891 0.071786743761318703 -0.013190963617940534 -0.02087636528746236 -0.072435345712865376 0.020528734033369207 -0.05143104273195824 -0.019253278122944383 0.043296937863535175 -0.0033499787792425129 0.022377754798599256 -0.047838314654947325 -0.027168736303524985 0.054402373372302082 -0.030874163325087797 0.011337308032137266 -0.034758601221050497
leaf_weight=6.661941170692443 9.8087865412235278 5.2262093424797076 4.8796779811382347 6.4719630032777777 4.9258996546268508 6.5627649128437016 6.8822291791439048 8.3256569504737836 4.9079574644565609 4.2660820484161368 5.46481016278267 5.0229104459285727 3.8673688322305679 5.9953741431236294 6.1075727343559247 6.6686557233333588 4.2907378375530216 4.5242103338241577 7.4474981725215912 4.9624140113592148 4.6811761856079102 4.1274289488792419
leaf_count=31 42 21 21 39 30 27 29 40 25 30 22 31 20 24 27 27 26 24 30 27 21 23
internal_value=-0.000184775 0.0330825 -0.0280159 -0.0144254 -0.034977 0.0211836 0.0577905 -0.00220601 -0.0396592 -0.0454664 0.0323864 -0.0393397 -0.0349245 0.0164691 0.0206882 0.0100788 -0.032162 -0.0364417 0.0501902 -0.0257843 0.00735977 -0.0307896
internal_weight=132.079 60.1639 71.9154 24.3585 47.557 40.608 19.5559 17.8865 40.895 23.0447 12.0276 18.7786 13.7557 28.5804 18.7716 12.7762 17.8503 12.9424 12.6737 8.82978 9.56085 8.65164
internal_count=637 249 388 121 267 169 80 82 236 138 49 108 77 120 78 54 98 73 51 47 42 47
is_linear=0
shrinkage=0.06


Tree=12
num_leaves=23
num_cat=0
split_feature=0 0 0 0 0 0 0 0 0 0 0 0 0 0 0 0 0 0 0 0 0 0
split_gain=30.2926 4.45601 1.74698 2.56713 1.65125 0.555226 0.5285 0.971721 1.19517 0.475135 1.05119 0.466264 0.278163 0.715433 0.507557 0.262165 0.243732 0.162068 0.0806253 0.03238 0.0290058 0.00270503
threshold=6.5000000000000009 8.2349996500000007 5.9449999500000006 6.1849999500000008 4.7449999000000007 9.360000150000003 7.7049999000000007 7.4849999000000009 7.2950001000000011 5.5300000000000002 5.4349999500000008 6.1150000000000011 5.0450001000000011 5.2149999000000014 5.3250000500000008 5.6150000000000011 6.8650000000000011 5.7550001000000011 8.6349997500000004 5.8300002000000015 7.0500002000000004 6.1849999500000008
decision_type=10 10 8 10 10 8 10 10 8 10 8 8 10 8 10 10 10 10 10 10 8 8
left_child=2 6 4 11 -1 18 7 8 16 10 12 -4 -6 -14 -15 -11 -2 -17 -3 -19 -18 -13
right_child=1 5 3 -5 9 -7 -8 -9 -10 15 -12 21 13 14 -16 17 20 19 -20 -21 -22 -23
leaf_value=-0.0058748904383113913 0.0078739069990580064 0.041674528429594633 0.0093726492411290892 -0.04664551915209518 -0.02741994174779749 0.068699887638171295 0.032539888908957107 -0.0053812341767953105 0.046566235670995111 -0.016573700447681548 -0.071566434233965151 -0.011482471585658571 -0.064295014190952154 -0.017517997811070232 -0.047180037469607063 -0.042760495483524057 0.024366180010085208 -0.025899795714049673 0.051415945641614419 -0.033308793788332854 0.017984524516925855 -0.0095032100034100238
leaf_weight=6.6463411301374427 9.8296965658664792 5.2093941718339938 7.4575925916433397 6.291457697749137 6.1343292593956056 6.763619288802146 9.1814891546964628 6.0735831260681143 5.338085174560546 3.6938227713108089 4.0649315714836112 4.1062788665294621 3.8974212557077381 3.9405407607555389 4.3908101916313171 5.3376332819461814 4.9999535083770725 4.4630405902862531 7.408454567193985 4.0510454475879669 5.2628468871116647 6.2990762293338785
leaf_count=31 42 21 32 39 37 29 37 25 22 19 30 20 21 22 28 32 20 24 30 23 23 30
internal_value=-0.000185727 0.0311519 -0.0267824 -0.0136862 -0.0335677 0.0548293 0.0198727 0.016181 0.0213307 -0.0381721 -0.0439579 -0.00207772 -0.0378464 -0.0430766 -0.0331506 -0.0307763 0.0146262 -0.0345637 0.0473941 -0.029425 0.0210936 -0.0102843
internal_weight=130.841 60.0671 70.7743 24.1544 46.6199 19.3815 40.6857 31.5042 25.4306 39.9736 22.428 17.8629 18.3631 12.2288 8.33135 17.5455 20.0925 13.8517 12.6178 8.51409 10.2628 10.4054
internal_count=637 249 388 121 267 80 169 132 107 236 138 82 108 71 50 98 85 79 51 47 43 50
is_linear=0
shrinkage=0.06


Tree=13
num_leaves=23
num_cat=0
split_feature=0 0 0 0 0 0 0 0 0 0 0 0 0 0 0 0 0 0 0 0 0 0
split_gain=27.0136 4.05795 1.61143 2.35903 1.53117 0.547026 0.493069 0.454543 1.04659 0.422972 0.323173 0.27951 0.569738 0.258748 1.05293 0.530295 0.243645 0.153644 0.102226 0.0911317 0.041229 0.0303188
threshold=6.5000000000000009 8.2649999000000012 5.9449999500000006 6.1849999500000008 4.7449999000000007 7.5699999000000009 9.360000150000003 5.5300000000000002 5.4349999500000008 6.1549999500000006 7.8650000000000011 5.0150001000000008 5.3100002000000011 7.0850000500000005 6.8650000000000011 7.3350000500000005 5.6150000000000011 5.7550001000000011 8.7100000500000032 5.1849999500000008 6.0550000500000012 5.8300002000000015
decision_type=10 10 8 10 10 10 8 10 10 8 8 10 10 10 10 10 10 10 10 10 10 10
left_child=2 5 4 9 -1 13 18 8 11 20 -7 -6 19 14 -2 -15 -9 -18 -3 -13 -4 -19
right_child=1 6 3 -5 7 10 -8 16 -10 -11 -12 12 -14 15 -16 -17 17 21 -20 -21 -22 -23
leaf_value=-0.0055350854801208332 0.0073864597010023193 0.051471225611552297 0.0027583395106855302 -0.045135822799275666 -0.048946638105821109 0.038470680121114521 0.065847913833679911 -0.015706264479383225 -0.070767597814922673 -0.011921186523096389 0.019427448996230369 -0.015631844791888207 -0.048603271841087384 -0.0047186302176937516 0.039271792333954003 0.019704304458152692 -0.041232548013207429 -0.02468045187875198 0.040264944096809002 -0.02812722546987946 0.010627898768550734 -0.03190696049647028
leaf_weight=6.6315730363130561 9.849054306745531 5.4150365293025988 4.8962531685829216 6.1171862334012976 4.699152857065207 6.6111152619123432 6.6370659172534934 3.6648718416690853 3.8701003789901725 8.2462689280509931 6.2326965034008035 3.7357470691204053 4.7387338280677787 6.1491492241621 5.9995003938674918 6.6745610237121582 5.2073565423488608 4.4043717384338361 6.3870381414890289 4.802425354719162 4.6945843249559402 3.9775857478380203
leaf_count=31 42 22 21 39 30 27 29 19 30 40 25 20 31 27 24 27 32 24 26 27 21 23
internal_value=-0.000185687 0.0293421 -0.0255902 -0.0129835 -0.0321936 0.0189392 0.0527643 -0.036715 -0.0424642 -0.00195694 0.0292296 -0.0363707 -0.0319196 0.0143296 0.0194567 0.00799316 -0.0294357 -0.0331383 0.0454066 -0.0226601 0.00661038 -0.0281097
internal_weight=129.641 59.9552 69.6862 23.9543 45.7319 41.5161 18.4391 39.1003 21.8462 17.8371 12.8438 17.9761 13.2769 28.6723 15.8486 12.8237 17.2542 13.5893 11.8021 8.53817 9.59084 8.38196
internal_count=637 249 388 121 267 172 77 236 138 82 52 108 78 120 66 54 98 79 48 47 42 47
is_linear=0
shrinkage=0.06


Tree=14
num_leaves=24
num_cat=0
split_feature=0 0 0 0 0 0 0 0 0 0 0 0 0 0 0 0 0 0 0 0 0 0 0
split_gain=24.0997 3.69874 1.48662 2.16921 1.41962 0.547679 0.573051 0.512376 0.435894 1.03998 0.435018 0.433211 0.330433 0.277093 0.716606 0.46868 0.227947 0.932927 0.467996 0.226182 0.145496 0.078929 0.0283497
threshold=6.5000000000000009 8.2349996500000007 5.9449999500000006 6.1549999500000006 4.7449999000000007 6.0450001000000011 6.0550000500000012 9.360000150000003 5.5300000000000002 5.4349999500000008 6.3050000500000012 7.5699999000000009 7.8650000000000011 5.0450001000000011 5.2149999000000014 5.3250000500000008 7.0850000500000005 6.8650000000000011 7.3350000500000005 5.6150000000000011 5.7550001000000011 8.6349997500000004 5.8300002000000015
decision_type=10 10 8 10 10 8 10 8 10 10 10 10 8 10 8 10 10 10 10 10 8 10 10
left_child=2 11 4 5 -1 -4 -7 21 9 13 -5 16 -13 -6 -15 -16 17 -2 -18 -10 -21 -3 -22
right_child=1 7 3 10 8 6 -8 -9 19 -11 -12 12 -14 14 15 -17 18 -19 -20 20 22 -23 -24
leaf_value=-0.0052143151791981283 0.0069302475980828815 0.036741532227171539 0.019076283204786073 -0.026207422147796283 -0.024347633694815587 -0.017153514121279599 0.0099561751841576902 0.063195426144552341 -0.014879419727463957 -0.070031934878200169 -0.054799367913505419 0.035992505351947382 0.016097023903315539 -0.062017873554278548 -0.015056257228504606 -0.044167963964257401 -0.0044419555441731415 0.036939147899385003 0.018505107508826821 -0.039746090564885574 -0.023508960464402821 0.046432205613301622 -0.030551203613416532
leaf_weight=6.6176003962755194 9.8669874072074908 5.1591806709766406 4.1971631348133096 4.6536463797092429 5.8874316066503587 6.9472922086715698 4.7101399898529053 6.5047846138477317 3.6372900903224972 3.6818397045135489 3.2560239732265472 6.6413349360227558 5.4890364259481439 3.7288914024829838 3.8389637023210534 4.1355690360069275 6.1405009627342206 5.9957528710365287 6.6804744154214859 5.0818853378295872 4.3481862545013428 7.3169546127319336 3.9070604741573334
leaf_count=31 42 21 18 27 37 33 21 29 19 30 22 27 22 21 22 28 27 24 27 32 24 30 23
internal_value=-0.000184804 0.0276607 -0.024446 -0.0123125 -0.030873 0.000491389 -0.00619995 0.049543 -0.0353125 -0.0410343 -0.0379773 0.0174842 0.0269897 -0.0349649 -0.040306 -0.0301535 0.0134643 0.0182729 0.0075148 -0.0281419 -0.0317588 0.0424249 -0.0268419
internal_weight=128.424 59.795 68.629 23.7643 44.8647 15.8546 11.6574 18.9809 38.2471 21.2727 7.90967 40.8141 12.1304 17.5909 11.7034 7.97453 28.6837 15.8627 12.821 16.9744 13.3371 12.4761 8.25525
internal_count=637 249 388 121 267 72 54 80 236 138 49 169 49 108 71 50 120 66 54 98 79 51 47
is_linear=0
shrinkage=0.06


Tree=15
num_leaves=24
num_cat=0
split_feature=0 0 0 0 0 0 0 0 0 0 0 0 0 0 0 0 0 0 0 0 0 0 0
split_gain=21.503 3.36956 1.36757 2.00024 1.314 0.458943 0.44084 0.980612 1.07877 0.444855 0.416003 1.03444 0.317282 0.291842 0.552187 0.209719 0.182085 0.137601 0.100355 0.0999061 0.0650517 0.0264691 0.00664443
threshold=6.5000000000000009 8.2649999000000012 5.9449999500000006 6.1849999500000008 4.7449999000000007 9.360000150000003 7.7049999000000007 7.4849999000000009 7.2950001000000011 7.9049999500000006 5.5300000000000002 5.4349999500000008 6.1150000000000011 5.0150001000000008 5.3100002000000011 5.6150000000000011 6.7299998000000008 5.7550001000000011 5.1849999500000008 8.7100000500000032 7.0050001000000011 5.8300002000000015 6.1849999500000008
decision_type=10 10 8 10 10 10 10 10 8 10 10 8 8 10 10 10 10 10 10 10 10 10 8
left_child=2 6 4 12 -1 19 7 8 16 -8 11 13 -4 -6 18 -12 -2 -17 -15 -3 -18 -19 -14
right_child=1 5 3 -5 10 -7 9 -9 -10 -11 15 -13 22 14 -16 17 20 21 -20 -21 -22 -23 -24
leaf_value=-0.0049115735257075615 0.0033606240552036268 0.046716307313407972 0.0076702265368533539 -0.042298497438227042 -0.04673113878948628 0.060713598855483074 0.040371571369621891 -0.0083377896555903129 0.042353162098526395 0.015029965471693092 -0.014091581977171336 -0.069353416256830946 -0.010441335470638375 -0.012251296948178969 -0.045918916538352339 -0.03829867367297541 0.019719224389568711 -0.022383745719577356 -0.025577627139262545 0.035564647704357404 0.011555547961533314 -0.029239912739544877 -0.0073209359169791226
leaf_weight=6.604385331273078 6.0709295868873694 5.3444681763649005 7.5095410048961702 5.7932351082563391 4.4895972311496797 6.3686504065990439 4.9858699738979322 6.120269536972045 5.3510749340057364 4.9891300946474075 3.6110370308160809 3.5003133863210669 4.0685449540615055 3.6136443763971311 4.47503638267517 4.9612654149532309 7.3048844039440137 4.2944526672363263 4.6547353267669678 6.3028542101383209 6.770975723862648 3.8394590020179749 6.200655698776246
leaf_count=31 26 22 32 39 30 29 20 25 22 20 19 30 20 20 31 32 30 24 27 26 29 23 30
internal_value=-0.000183604 0.0260877 -0.023344 -0.01168 -0.0295865 0.047763 0.0166992 0.0132296 0.0184065 0.0276966 -0.0339392 -0.0396164 -0.00170292 -0.0335764 -0.0289418 -0.0268934 0.0120461 -0.0304235 -0.0197534 0.0406817 0.0157922 -0.0256201 -0.0085572
internal_weight=127.225 59.6091 67.6159 23.572 44.0439 18.016 41.5931 31.6181 25.4979 9.975 37.4395 20.7333 17.7787 17.233 12.7434 16.7062 20.1468 13.0952 8.26838 11.6473 14.0759 8.13391 10.2692
internal_count=637 249 388 121 267 77 172 132 107 40 236 138 82 108 78 98 85 79 47 48 59 47 50
is_linear=0
shrinkage=0.06


Tree=16
num_leaves=24
num_cat=0
split_feature=0 0 0 0 0 0 0 0 0 0 0 0 0 0 0 0 0 0 0 0 0 0 0
split_gain=19.1822 3.08358 1.25876 1.83465 1.23001 0.47356 0.453007 0.782877 0.685809 0.718983 0.825938 0.365229 0.29244 0.280819 0.218922 0.807008 0.42041 0.194206 0.150614 0.129948 0.0772817 0.0246746 0.00594307
threshold=6.5000000000000009 8.2349996500000007 5.9449999500000006 6.1849999500000008 4.3499999000000011 9.360000150000003 5.0450001000000011 5.5300000000000002 5.4349999500000008 5.2149999000000014 5.3100002000000011 7.5699999000000009 7.8650000000000011 6.1150000000000011 7.0850000500000005 6.8650000000000011 7.3350000500000005 5.6150000000000011 4.8400001500000007 5.7550001000000011 8.6349997500000004 5.8300002000000015 6.1849999500000008
decision_type=10 10 8 10 10 10 10 10 10 8 10 10 10 8 10 10 10 10 10 8 10 10 8
left_child=2 11 4 13 -1 20 18 8 9 -8 -11 14 -13 -4 15 -2 -16 -9 -6 -19 -3 -21 -15
right_child=1 5 3 -5 6 -7 7 17 -10 10 -12 12 -14 22 16 -17 -18 19 -20 21 -22 -23 -24
leaf_value=0.0075102108318488812 0.0059091840640097034 0.032423073034349763 0.0071960073018711651 -0.040890173435795533 -0.027593964121351292 0.058378753352514037 -0.059936881366831452 -0.013341247829614513 -0.068726705296345211 -0.004721680905756526 -0.044526904046637547 0.032562127100912559 0.013866964535307785 -0.0098603373377631684 -0.0054076503860040074 0.033817604610417024 0.016321009744862995 -0.036888318972692943 -0.012100035712455267 -0.021303346092247502 0.04207512942976236 -0.027971701083207293 -0.0069034324377505582
leaf_weight=3.189624845981597 9.9047899246215838 5.0978828966617602 7.5237049460411134 5.6380207389593116 4.2737093269824964 6.230242744088172 3.5694719851017007 3.5860707610845592 3.3256135135889044 3.3049064874649057 4.3421575576066971 6.6665576696395856 5.4950102269649506 4.0503562986850712 6.1681886464357358 5.9831961989402762 6.6741580218076706 4.8455010950565311 4.7902416586875916 4.2431280612945557 7.2099049091339111 3.7747528851032257 6.1817215383052835
leaf_count=15 42 21 32 39 22 29 21 19 30 19 31 27 22 20 27 24 27 32 31 24 30 23 30
internal_value=-0.000181519 0.0246017 -0.0222837 -0.0110718 -0.0283488 0.0449002 -0.0312043 -0.034655 -0.0447973 -0.0377024 -0.0273239 0.0153995 0.024115 -0.00160355 0.0117103 0.0164191 0.00588472 -0.0256886 -0.0194055 -0.0291309 0.0380772 -0.0244428 -0.00807392
internal_weight=126.069 59.4299 66.639 23.3938 43.2452 18.538 40.0556 30.9916 14.5421 11.2165 7.64706 40.8919 12.1616 17.7558 28.7303 15.888 12.8423 16.4495 9.06395 12.8634 12.3078 8.01788 10.2321
internal_count=637 249 388 121 267 80 252 199 101 71 50 169 49 82 120 66 54 98 53 79 51 47 50
is_linear=0
shrinkage=0.06


Tree=17
num_leaves=24
num_cat=0
split_feature=0 0 0 0 0 0 0 0 0 0 0 0 0 0 0 0 0 0 0 0 0 0 0
split_gain=17.1141 2.81056 1.15617 1.68154 1.15376 0.456305 0.383555 1.01414 0.328052 0.506311 0.763714 0.308223 0.513895 0.251663 0.232354 0.180996 0.188447 0.16379 0.110709 0.0761954 0.0604697 0.0489688 0.0229646
threshold=6.5000000000000009 8.2349996500000007 5.9449999500000006 6.1849999500000008 4.7449999000000007 9.360000150000003 5.5300000000000002 5.4349999500000008 6.9349999500000008 7.1150000000000011 7.3350000500000005 5.0150001000000008 5.3100002000000011 6.1549999500000006 7.5300000000000002 5.6350000000000007 5.7550001000000011 7.8200002000000017 5.1849999500000008 8.7100000500000032 6.7650001000000008 6.0550000500000012 5.8300002000000015
decision_type=10 10 8 10 10 8 10 10 10 10 10 10 10 8 10 10 10 10 10 10 8 10 10
left_child=2 8 4 13 -1 19 7 11 20 -10 -11 -6 18 21 -12 -8 -17 -16 -13 -3 -2 -4 -18
right_child=1 5 3 -5 6 -7 15 -9 9 10 14 12 -14 -15 17 16 22 -19 -20 -21 -22 -23 -24
leaf_value=-0.0040110057600990347 0.0096112722697885879 0.040884866522851032 0.00085234531942007569 -0.039511956538655343 -0.044838193371866092 0.056171338299161266 -0.014479988278143247 -0.068147093948706439 0.035446435627192477 -0.0053924932973655948 0.031166571032529684 -0.0092924105906493481 -0.043161552578613073 -0.0093213001295778045 0.0097205013590608638 -0.039744272689769364 -0.020266405553133464 0.022763767293103934 -0.023488538113673331 0.031406685363914819 0.00084582873748656755 0.0094017886623028891 -0.026745416304501932
leaf_weight=6.5644850432872763 6.804024621844289 6.0076864063739794 4.9353189617395454 5.4892259389162055 4.3144222497940126 6.0908891409635535 4.6164925992488888 3.1577700376510611 4.9068041145801571 5.4820945262908962 4.980914086103442 3.5075739920139295 4.2146968841552725 8.0814696848392469 7.1315528899431211 3.6804186701774579 4.1941598653793335 6.7429427951574326 4.5339566171169281 6.2091677784919739 4.8549948781728753 4.7169254869222641 3.7128982543945312
leaf_count=31 29 25 21 39 30 29 25 30 20 24 20 20 31 40 29 26 24 27 27 26 20 21 23
internal_value=-0.000179127 0.0232168 -0.0212579 -0.0104925 -0.0271409 0.042756 -0.0313665 -0.0369845 0.0144713 0.017864 0.0143192 -0.0310461 -0.026191 -0.00150987 0.0200502 -0.0245265 -0.028529 0.0160595 -0.0172964 0.0360676 0.00596121 0.00503035 -0.0233087
internal_weight=124.931 59.2111 65.7198 23.2229 42.4969 18.3077 35.9324 19.7284 40.9033 29.2443 24.3375 16.5706 12.2562 17.7337 18.8554 16.204 11.5875 13.8745 8.04153 12.2169 11.659 9.65224 7.90706
internal_count=637 249 388 121 267 80 236 138 169 120 100 108 78 82 76 98 73 56 47 51 49 42 47
is_linear=0
shrinkage=0.06


Tree=18
num_leaves=24
num_cat=0
split_feature=0 0 0 0 0 0 0 0 0 0 0 0 0 0 0 0 0 0 0 0 0 0 0
split_gain=15.269 2.5802 1.07502 0.984532 1.6232 0.551424 1.75029 0.92999 0.939244 0.420841 0.7331 0.681512 0.720695 0.755253 0.410285 0.225595 0.168648 0.159264 0.144757 0.116774 0.0532026 0.0430594 0.0213375
threshold=6.5000000000000009 8.6349997500000004 4.3499999000000011 5.9449999500000006 6.1549999500000006 7.7049999000000007 7.9549999000000007 7.4849999000000009 7.2950001000000011 5.0450001000000011 5.5300000000000002 5.4349999500000008 5.2149999000000014 5.3100002000000011 6.3050000500000012 9.360000150000003 5.6150000000000011 4.8400001500000007 6.9349999500000008 5.7550001000000011 6.7650001000000008 6.0550000500000012 5.8300002000000015
decision_type=10 10 10 10 10 10 8 10 10 10 10 10 8 10 10 8 10 8 10 10 8 10 10
left_child=2 5 -1 9 21 7 -7 8 18 17 11 12 -11 -14 -6 -3 -12 -4 20 -18 -2 -5 -21
right_child=1 15 3 4 14 6 -8 -9 -10 10 16 -13 13 -15 -16 -17 19 -19 -20 22 -22 -23 -24
leaf_value=-0.0014349678720925324 0.0090126439051112783 0.038234672794584097 -0.025725117795654569 0.00080103649955212827 -0.021205431312333746 0.049720800204347951 0.0071431637685701078 -0.010149658838069762 0.038216678331771038 -0.058014309354359667 -0.011847235502489048 -0.067610386944656681 -0.0030903763020598283 -0.041820869923168094 -0.050343043959488659 0.054075096735727274 -0.034245014814745685 -0.0095961473895711611 0.015886759118804345 -0.019271628953177657 0.00079500484679783572 0.0088118248192423088 -0.025560018640723856
leaf_weight=9.333416596055029 6.8200795501470646 7.0952011644840214 4.1911441385745976 4.9363478273153323 4.3618148267269126 5.9909180402755711 8.2789551764726639 6.1413393318653098 5.3463159203529349 3.4191970676183709 3.5365079790353766 2.9967632889747611 3.253432348370553 4.092609778046608 2.8940045833587646 5.9516971558332452 4.6303525567054731 4.6484256535768518 8.5037754476070386 4.1474894285202026 4.8554232418537149 4.7303362339735031 3.6538402736186981
leaf_count=45 29 30 22 21 27 24 34 25 22 21 19 30 19 31 22 29 32 31 36 24 20 21 23
internal_value=-0.000176045 0.0219136 -0.020275 -0.0234437 -0.0113783 0.0152257 0.0250185 0.0108129 0.0158564 -0.0287374 -0.0321549 -0.0423038 -0.0352592 -0.0246678 -0.0328271 0.0454607 -0.0234081 -0.0172434 0.00993219 -0.0266969 0.00559522 0.00472107 -0.0222169
internal_weight=123.809 58.9837 64.8257 55.4923 16.9225 45.9368 14.2699 31.6669 25.5256 38.5698 29.7302 13.762 10.7652 7.34604 7.25582 13.0469 15.9682 8.83957 20.1793 12.4317 11.6755 9.66668 7.80133
internal_count=637 249 388 343 91 190 58 132 107 252 199 101 71 50 49 59 98 53 85 79 49 42 47
is_linear=0
shrinkage=0.06


Tree=19
num_leaves=24
num_cat=0
split_feature=0 0 0 0 0 0 0 0 0 0 0 0 0 0 0 0 0 0 0 0 0 0 0
split_gain=13.6152 1.99398 1.47737 1.02775 0.551718 1.00702 0.429647 0.425782 0.392513 0.351351 0.990782 0.327875 1.54769 1.0588 0.582403 0.322811 0.475391 0.220467 0.16029 0.17213 0.120405 0.0615911 0.0197921
threshold=6.7299998000000008 8.6349997500000004 5.9449999500000006 4.7449999000000007 6.1549999500000006 6.5000000000000009 6.0450001000000011 6.0550000500000012 6.3050000500000012 5.5300000000000002 5.4349999500000008 7.7049999000000007 7.9549999000000007 7.4849999000000009 7.2950001000000011 5.0150001000000008 5.3100002000000011 9.360000150000003 5.6350000000000007 5.7550001000000011 5.1849999500000008 7.0050001000000011 5.8300002000000015
decision_type=10 10 8 10 10 8 8 10 10 10 8 10 8 10 10 8 10 10 10 8 10 8 10
left_child=2 11 3 -1 6 8 -4 -8 -6 10 15 13 -13 14 21 -5 20 -3 -11 -20 -17 -2 -21
right_child=1 17 4 9 5 -7 7 -9 -10 18 -12 12 -14 -15 -16 16 -18 -19 19 22 -22 -23 -24
leaf_value=-0.0029638390367686782 0.0164617752273695 0.036283540427169587 0.016780227734202707 -0.043052596982806848 -0.020188485533190192 0.0016693901662246161 -0.015134679636347565 0.0082607077617137918 -0.04906115618946582 -0.012818954299335964 -0.067112855965941728 0.046773910656005918 0.0067204024404689559 -0.0095525459370777305 0.035890262789499118 -0.0065590558845908106 -0.040503309313318248 0.052076512233305415 -0.037209208044675139 -0.018317791140788992 -0.021561399977276637 0.0085241683584764607 -0.024414613199576406
leaf_weight=6.5175559669733039 7.3099717348814055 7.030170798301695 4.2348380088806161 4.1533856391906747 4.3083251267671558 6.1134802699089059 6.8382042646408081 4.742770254611969 2.7945141196250916 4.5413902550935736 2.8425297886133185 5.9863674491643879 8.2719965428113937 6.1339436173439017 5.3511210083961478 3.4109033048152924 3.9758221060037613 5.8135868012905121 3.5026970803737614 4.1030513048172006 4.4235215187072754 6.7862074077129373 3.5975131392478943
leaf_count=31 30 30 18 30 27 26 33 21 22 25 30 24 34 25 22 20 31 29 26 24 27 29 23
internal_value=-0.000173352 0.0228738 -0.0174942 -0.0248177 -0.00713446 -0.0161826 0.000426545 -0.00555354 -0.031548 -0.0289402 -0.0344764 0.0162461 0.0235368 0.0121824 0.0190379 -0.028665 -0.0236052 0.0434321 -0.0223275 -0.026182 -0.0150298 0.0126404 -0.0211661
internal_weight=122.784 52.6834 70.1005 41.0684 29.0321 13.2163 15.8158 11.581 7.10284 34.5508 18.8062 39.8396 14.2584 25.5812 19.4473 15.9636 11.8102 12.8438 15.7447 11.2033 7.83442 14.0962 7.70056
internal_count=637 223 414 267 147 75 72 54 49 236 138 164 58 106 81 108 78 59 98 73 47 59 47
is_linear=0
shrinkage=0.06


Tree=20
num_leaves=23
num_cat=0
split_feature=0 0 0 0 0 0 0 0 0 0 0 0 0 0 0 0 0 0 0 0 0 0
split_gain=12.1416 2.2931 0.949692 0.852254 0.834958 0.653256 0.599921 0.488317 0.951461 0.94803 0.368393 0.302588 0.420813 0.246216 0.280923 0.230896 0.63111 0.338315 0.173929 0.167028 0.122493 0.116153
threshold=6.5000000000000009 8.2349996500000007 4.3499999000000011 5.6549999500000006 6.1849999500000008 5.0450001000000011 5.9449999500000006 5.2149999000000014 5.3100002000000011 5.3950000000000005 9.360000150000003 5.5850000500000005 5.5150001000000008 7.5699999000000009 7.8650000000000011 7.0850000500000005 6.8650000000000011 7.3350000500000005 5.7950001000000011 4.8400001500000007 6.0850000500000005 8.7100000500000032
decision_type=10 10 10 10 8 10 10 10 10 8 8 10 10 10 10 10 10 10 10 8 10 10
left_child=2 13 -1 5 6 19 18 -7 -9 -10 21 12 -11 15 -15 16 -2 -17 -5 -4 -8 -3
right_child=1 10 3 4 -6 7 20 8 9 11 -12 -13 -14 14 -16 17 -18 -19 -20 -21 -22 -23
leaf_value=-0.00069672886054583574 0.0042827220841404369 0.037581771286556868 -0.023992761257079668 -0.0093550483205118735 -0.03565695904089701 -0.056225417742125076 0.0062151765929194906 -0.0016442725380534256 -0.070307309145747024 -0.034297681719244667 0.050164277887307179 -0.043180820625420273 -0.0017396809753332245 0.027139560845476429 0.0088147499354478149 -0.0073492656250258945 0.028982402372504941 0.012124081595944972 -0.025777052090674782 -0.0072852485511562528 -0.0061935595412992385 0.025765170366222334
leaf_weight=9.2844808101654035 9.9654904603958148 5.9246463775634783 4.1144227981567392 3.7554599046707207 5.0862273126840583 3.2781915217638042 6.3791285604238492 3.208391308784484 2.6253968775272343 3.5744841992855072 5.6773147433996192 3.671134352684021 2.3811858594417572 6.6688692271709424 5.4918327480554581 6.2223111987113935 5.9462725967168799 6.6381427049636841 6.0818297266960144 4.5211903154850015 5.1971733570098877 6.0554730594158173
leaf_count=45 42 25 22 26 39 21 27 19 21 36 29 23 15 27 22 27 24 27 38 31 25 26
internal_value=-0.000170205 0.0195023 -0.0184198 -0.0214741 -0.0138041 -0.028899 -0.00861349 -0.0351912 -0.0307311 -0.0383479 0.037575 -0.029632 -0.0212804 0.0117062 0.018864 0.0086809 0.0135131 0.00270223 -0.0195078 -0.0152455 0.000644282 0.031609
internal_weight=121.749 58.5904 63.1587 53.8742 26.4998 27.3744 21.4136 18.7388 15.4606 12.2522 17.6574 9.6268 5.95567 40.9329 12.1607 28.7722 15.9118 12.8605 9.83729 8.63561 11.5763 11.9801
internal_count=637 249 388 343 155 188 116 135 114 95 80 74 51 169 49 120 66 54 64 53 52 51
is_linear=0
shrinkage=0.06


Tree=21
num_leaves=25
num_cat=0
split_feature=0 0 0 0 0 0 0 0 0 0 0 0 0 0 0 0 0 0 0 0 0 0 0 0
split_gain=10.8318 1.72358 1.21212 0.930734 0.658585 0.657786 0.711452 0.700146 0.610013 0.480645 0.72258 0.573613 0.332459 0.229762 0.871285 0.532798 0.25605 0.180914 0.40184 0.153733 0.167163 0.128726 0.0482018 0.0169002
threshold=6.7299998000000008 8.2649999000000012 5.9449999500000006 5.0450001000000011 6.0450001000000011 5.5300000000000002 5.4349999500000008 5.2149999000000014 5.3100002000000011 6.5000000000000009 6.5600002000000011 6.1849999500000008 9.360000150000003 7.4849999000000009 7.7049999000000007 7.2950001000000011 7.9049999500000006 4.4600000500000005 4.8750000000000009 5.6350000000000007 5.7550001000000011 8.7100000500000032 7.0150001000000008 5.8300002000000015
decision_type=10 10 8 10 8 10 10 8 10 8 10 10 10 10 10 8 8 8 10 10 8 8 10 10
left_child=2 13 3 17 -4 6 7 -5 -9 11 -11 -6 21 15 -15 22 -16 -1 -19 -7 -21 -3 -2 -22
right_child=1 12 4 5 9 19 -8 8 -10 10 -12 -13 -14 14 16 -17 -18 18 -20 20 23 -23 -24 -25
leaf_value=-0.018054089765859729 0.0081801010596431259 0.037324840616542308 0.015312925494217897 -0.054784433221595347 -0.0079556430473280183 -0.010816567910189459 -0.066455911088879646 -0.001547109908436486 -0.037292951434122285 0.0097307706132296161 -0.020250378646118165 -0.034384221690003373 0.048328936518628948 -0.010126095466419441 0.028247253976263667 0.033469493633719496 0.0090013908043845431 0.013107284227850203 -0.015173160078930261 -0.035165418404230625 -0.016417367781801251 0.02439206903610874 0.015271770730920415 -0.022126806243093152
leaf_weight=4.4207614213228199 8.0504802912473696 5.1376991569995889 4.2580077648162868 3.1660100817680368 7.3150216639041918 4.451450675725936 2.6309873312711707 3.2053859680891046 3.705450028181076 7.5069678425788862 4.7094684839248657 4.9619004130363464 5.5434972047805777 6.1418980658054378 4.9700518697500202 5.3440287709236136 4.9843198508024225 3.2384404391050348 4.0971655994653702 3.3653766661882374 4.0154744535684594 6.0138812661170968 6.0384346544742575 3.4873552918434143
leaf_count=21 33 22 18 21 34 25 30 19 31 36 20 39 29 25 20 22 20 19 28 26 24 26 26 23
internal_value=-0.000166575 0.0204189 -0.0158528 -0.0226362 -0.00646662 -0.0285798 -0.0386721 -0.031418 -0.0207133 -0.0102528 -0.00182704 -0.0186371 0.0363201 0.012947 0.00764542 0.0173383 0.0186105 -0.00846627 -0.00268823 -0.0202081 -0.0240548 0.0303504 0.0112196 -0.0190711
internal_weight=120.76 52.2243 68.5352 39.7839 28.7514 28.0275 12.7078 10.0768 6.91084 24.4934 12.2164 12.2769 16.6951 35.5292 16.0963 19.4329 9.95437 11.7564 7.33561 15.3197 10.8682 11.1516 14.0889 7.50283
internal_count=637 223 414 267 147 199 101 71 50 129 56 73 77 146 65 81 40 68 47 98 73 48 59 47
is_linear=0
shrinkage=0.06


Tree=22
num_leaves=23
num_cat=0
split_feature=0 0 0 0 0 0 0 0 0 0 0 0 0 0 0 0 0 0 0 0 0 0
split_gain=9.75168 1.88493 0.787078 0.755068 0.713898 0.552725 0.487395 0.435987 0.829677 0.946682 0.357254 0.338579 0.307967 0.360159 0.205618 0.251984 0.244806 0.518291 0.315946 0.167344 0.0961042 0.00525854
threshold=6.5000000000000009 8.2349996500000007 4.3499999000000011 5.6549999500000006 6.1849999500000008 5.0450001000000011 6.0350001000000004 5.2149999000000014 5.3100002000000011 5.3950000000000005 5.8550000000000013 9.360000150000003 5.5850000500000005 5.5150001000000008 7.5699999000000009 7.8650000000000011 7.0850000500000005 6.8650000000000011 7.3350000500000005 4.8400001500000007 8.7100000500000032 5.7950001000000011
decision_type=10 10 10 10 8 10 10 10 10 8 10 8 10 10 10 10 10 10 10 10 10 10
left_child=2 14 -1 5 6 19 10 -7 -9 -10 21 20 13 -11 16 -16 17 -2 -18 -4 -3 -5
right_child=1 11 3 4 -6 7 -8 8 9 12 -12 -13 -14 -15 15 -17 18 -19 -20 -21 -22 -23
leaf_value=-0.00066832013183555335 0.0043276340929745737 0.033922715367396529 -0.022988746147927324 -0.0073454418588743972 -0.033137223086405453 -0.053381815695801228 0.0037913999307765127 -0.0014556083344094311 -0.0692560829531043 -0.031190696624266427 -0.025824752539299157 0.046562554465345345 -0.041055157756242071 -0.00050812804840116594 0.024853254747972932 0.007490948972927374 -0.0081334770978593717 0.026741414244195481 0.010682894516396325 -0.0061755344959110664 0.023090145495046833 -0.0040628396629191158
leaf_weight=9.2849662899970991 9.9609063565731066 5.8223229050636309 4.0773364901542681 3.6651425957679802 4.8434024155139914 3.0575889497995403 8.2480940073728544 3.202558144927024 2.4296940341591808 3.3294567167758942 5.8616808652877808 5.4126315712928763 3.5359134301543236 2.3488787114620209 6.6632304638624174 5.48759426176548 6.2431301623582822 5.9221825003623954 6.6177856028079987 4.4648088663816452 5.9730782806873322 3.3742262274026871
leaf_count=45 42 25 22 26 39 21 38 19 21 36 31 29 23 15 27 22 27 24 27 31 26 21
internal_value=-0.000163127 0.0174786 -0.01677 -0.019621 -0.0123586 -0.0267587 -0.0076001 -0.0327501 -0.0285011 -0.0359397 -0.0148831 0.0341384 -0.0271546 -0.0184987 0.0104684 0.017012 0.00770225 0.0126849 0.00154878 -0.0142008 0.0284372 -0.00577197
internal_weight=119.827 58.1029 61.7237 52.4388 25.9925 26.4462 21.1491 17.9041 14.8465 11.6439 12.901 17.208 9.21425 5.67834 40.8948 12.1508 28.744 15.8831 12.8609 8.54215 11.7954 7.03937
internal_count=637 249 388 343 155 188 116 135 114 95 78 80 74 51 169 49 120 66 54 53 51 47
is_linear=0
shrinkage=0.06


Tree=23
num_leaves=21
num_cat=0
split_feature=0 0 0 0 0 0 0 0 0 0 0 0 0 0 0 0 0 0 0 0
split_gain=8.68991 1.74452 0.720966 0.872443 0.656996 0.457708 0.40042 0.32588 1.07153 0.296169 0.665895 0.538101 0.481828 0.216369 0.461004 0.279457 0.176743 0.170643 0.163681 0.108199
threshold=6.5000000000000009 8.6349997500000004 4.7449999000000007 5.6549999500000006 6.1849999500000008 5.9449999500000006 3.0849999000000001 7.5699999000000009 7.9549999000000007 5.3100002000000011 5.0150001000000008 5.5300000000000002 5.3950000000000005 7.0850000500000005 6.8650000000000011 7.3350000500000005 5.1849999500000008 9.360000150000003 5.7950001000000011 6.0850000500000005
decision_type=10 10 10 10 8 10 10 10 10 10 8 8 10 10 10 10 10 10 10 8
left_child=2 7 6 9 5 18 -1 13 -9 10 -4 12 -11 14 -2 -15 -12 -3 -5 -7
right_child=1 17 3 4 -6 19 -8 8 -10 11 16 -13 -14 15 -16 -17 -18 -19 -20 -21
leaf_value=-0.01304950691267334 0.0040639222376793564 0.030490721821486502 -0.040847672542389038 -0.0069388682643742663 -0.031915761305597326 0.0060781984672874916 0.0084565810018458528 0.032107957816317853 0.0019905366738633351 -0.068636882662665752 0.00032697824344674845 -0.021107593251917599 -0.033496393204997844 -0.007662910133247945 0.025220214561277505 0.010044880762385034 -0.018394956275924211 0.044858521161842392 -0.023124902226073968 -0.0055958829664986146
leaf_weight=6.7508618831634504 9.9705354422330874 6.8106568455696088 3.9613347351551065 3.6476573050022179 4.7305622696876517 6.3820801526308033 5.7896259427070618 8.9017616361379641 8.1430787593126279 2.3082122728228542 3.1752905398607263 5.456729769706727 3.5885002315044403 6.2293585240840894 5.9032179266214362 6.615893617272377 4.238247349858284 5.2851102203130722 5.8664203286170959 5.1762383431196222
leaf_count=33 42 30 30 26 39 27 28 36 34 21 20 34 40 27 24 27 27 29 38 25
internal_value=-0.00015902 0.0165036 -0.0159452 -0.0192591 -0.0117089 -0.00717266 -0.00312069 0.0111474 0.0177195 -0.0278307 -0.020988 -0.0346863 -0.0472518 0.0072468 0.0119316 0.00145741 -0.0103762 0.0367686 -0.0169192 0.000850117
internal_weight=118.931 57.8596 61.0718 48.5313 25.803 21.0724 12.5405 45.7638 17.0448 22.7283 11.3749 11.3534 5.89671 28.719 15.8738 12.8453 7.41354 12.0958 9.51408 11.5583
internal_count=637 249 388 327 155 116 61 190 70 172 77 95 61 120 66 54 47 59 64 52
is_linear=0
shrinkage=0.06


Tree=24
num_leaves=22
num_cat=0
split_feature=0 0 0 0 0 0 0 0 0 0 0 0 0 0 0 0 0 0 0 0 0
split_gain=7.74324 1.62336 0.679743 0.651759 0.603137 0.497254 0.450061 0.753157 0.520787 0.47676 0.410535 0.294726 0.181453 0.164633 0.730384 0.677894 0.149016 0.141904 0.389783 0.109694 0.0956127
threshold=6.5000000000000009 8.2349996500000007 4.3499999000000011 5.6549999500000006 6.1849999500000008 5.0450001000000011 5.2149999000000014 5.3100002000000011 5.5300000000000002 5.3950000000000005 5.9449999500000006 9.360000150000003 4.8400001500000007 7.4849999000000009 7.7049999000000007 7.2950001000000011 5.7950001000000011 6.8100002000000011 7.0150001000000008 8.7100000500000032 6.0850000500000005
decision_type=10 10 10 10 8 10 10 10 8 10 10 10 8 10 10 8 10 10 10 10 10
left_child=2 13 -1 5 10 12 -7 -8 9 -9 16 19 -4 15 -15 17 -5 -2 -19 -3 -12
right_child=1 11 3 4 -6 6 7 8 -10 -11 20 -13 -14 14 -16 -17 -18 18 -20 -21 -22
leaf_value=-0.00019978838434397012 0.013543529513666535 0.031870716683626919 -0.021856179249874753 -0.0065531055218708313 -0.030719791568357926 -0.051864424766888344 -0.00027442932032499642 -0.068064084987551982 -0.020095037525278622 -0.03236546568163623 0.00570521623826471 0.043211301323726289 -0.0041857598310768912 -0.011770707967335625 0.014932547857921533 0.031116252415220466 -0.022061284178939131 -0.0069466554211993535 0.014176508132105031 0.020219562319651531 -0.0052720778263638125
leaf_weight=9.2531477361917478 7.5654518157243791 5.758572921156885 4.0228325128555307 3.6311657279729896 4.6231998652219763 2.9402249157428768 3.1662681251764289 2.1915279328823063 5.3898906633257875 3.4940010756254196 6.3910686373710615 5.161237806081771 4.3588499873876581 6.1620775610208502 9.1820889115333539 5.3248896300792685 5.7829242944717407 6.5803726166486722 6.0238210558891296 5.8787893950939178 5.1648692786693573
leaf_count=45 32 25 22 26 39 21 19 21 34 40 27 29 31 25 37 22 38 27 26 26 25
internal_value=-0.000154727 0.0155774 -0.0151648 -0.0178716 -0.0111031 -0.0246479 -0.0304926 -0.0260804 -0.0334578 -0.0461258 -0.00677831 0.0312776 -0.0126668 0.00911926 0.00420876 0.0120747 -0.0160795 0.00704762 0.00314857 0.025985 0.000798969
internal_weight=118.047 57.6373 60.41 51.1568 25.5932 25.5636 17.1819 14.2417 11.0754 5.68553 20.97 16.7986 8.38168 40.8387 15.3442 25.4945 9.41409 20.1696 12.6042 11.6374 11.5559
internal_count=637 249 388 343 155 188 135 114 95 61 116 80 53 169 62 107 64 85 53 51 52
is_linear=0
shrinkage=0.06


Tree=25
num_leaves=25
num_cat=0
split_feature=0 0 0 0 0 0 0 0 0 0 0 0 0 0 0 0 0 0 0 0 0 0 0 0
split_gain=6.90755 1.27987 0.824172 0.717143 0.608333 0.442644 0.889855 0.472117 0.422151 0.552339 0.656279 0.331413 1.14665 0.860377 0.434543 0.210733 0.385478 0.179867 0.16648 0.17257 0.151684 0.14473 0.0504435 0.00958911
threshold=6.7299998000000008 8.6349997500000004 5.9449999500000006 5.0450001000000011 5.2149999000000014 5.3100002000000011 5.5300000000000002 5.3950000000000005 6.6150000000000011 6.424999950000001 6.0450001000000011 7.9549999000000007 7.7049999000000007 7.4849999000000009 7.2950001000000011 4.4600000500000005 4.8750000000000009 6.1549999500000006 5.6350000000000007 5.7550001000000011 9.360000150000003 6.2299998000000008 7.0150001000000008 5.8300002000000015
decision_type=10 10 8 10 10 10 10 10 8 10 10 10 8 10 8 8 10 10 10 8 10 10 10 10
left_child=2 11 3 15 -5 -6 7 -7 9 10 -4 12 13 14 22 -1 -17 -12 -8 -20 -3 -19 -2 -21
right_child=1 20 8 4 5 6 18 -9 -10 -11 17 -13 -14 -15 -16 16 -18 21 19 23 -22 -23 -24 -25
leaf_value=-0.016694878946252777 0.0060341102055104425 0.027838475878798792 0.01481320859989464 -0.05052632937569098 -0.00025800585941259112 -0.067533585546272631 -0.0067047969169541487 -0.03124978720046059 -0.015866921070301104 0.020541175012084786 -0.0050442403443815269 0.00037190737452602173 0.037767172042305855 -0.011078658821600305 0.029277936669867215 0.015628409737064204 -0.01245811108827964 -0.030730731559264732 -0.032397393720601679 -0.013606137068923836 0.041616280378040459 -0.011564316760741114 0.013291568776849156 -0.018004616760005802
leaf_weight=4.3736840933561298 8.0354047268629163 6.6993859708309156 4.265363395214087 2.8400962352752712 3.165766432881358 2.0796215459704426 4.2715730369091025 3.4044115245342255 9.1454648375511152 3.7241846919059745 5.4377548247575742 8.0989759117364866 5.9231462180614463 6.1544244587421408 5.3198262155055991 3.1689861118793496 3.9542427062988281 2.6025100946426392 3.187925755977628 3.8884965330362329 5.0412437915802002 3.117163211107254 6.0389025658369055 3.2974430322647095
leaf_count=21 33 30 18 21 19 21 25 40 43 19 24 34 24 25 22 19 28 16 26 24 29 27 26 23
internal_value=-0.000150519 0.0163577 -0.0129994 -0.0188163 -0.0243098 -0.0211136 -0.0243935 -0.0450091 -0.00526225 -0.000196971 -0.00520467 0.0111961 0.0139816 0.00846716 0.0146697 -0.00632816 3.70364e-05 -0.0128573 -0.0166739 -0.0207789 0.0337545 -0.0202852 0.00914809 -0.0156245
internal_weight=117.236 51.3113 65.9247 37.6322 26.1353 23.2952 20.1295 5.48403 28.2924 19.147 15.4228 39.5707 31.4717 25.5486 19.3941 11.4969 7.12323 11.1574 14.6454 10.3739 11.7406 5.71967 14.0743 7.18594
internal_count=637 223 414 267 199 178 159 61 147 104 85 164 130 106 81 68 47 67 98 73 59 43 59 47
is_linear=0
shrinkage=0.06


Tree=26
num_leaves=24
num_cat=0
split_feature=0 0 0 0 0 0 0 0 0 0 0 0 0 0 0 0 0 0 0 0 0 0 0
split_gain=6.14773 1.17399 0.748683 0.724601 0.497624 0.316059 0.738105 0.384153 0.258333 0.542373 0.385577 0.2543 0.226834 0.574279 0.404984 0.846951 0.499554 0.180197 0.163894 0.139462 0.122475 0.0522607 0.023047
threshold=6.7299998000000008 8.2349996500000007 5.9449999500000006 4.3499999000000011 6.0450001000000011 6.5000000000000009 6.5600002000000011 6.1849999500000008 7.4849999000000009 7.7049999000000007 7.2950001000000011 9.360000150000003 5.0450001000000011 5.2149999000000014 5.3100002000000011 5.5300000000000002 5.4349999500000008 4.8400001500000007 5.7149999000000014 5.815000050000001 8.7100000500000032 7.0050001000000011 5.6150000000000011
decision_type=10 10 8 10 8 8 10 10 10 10 10 8 10 10 10 10 10 8 10 10 8 10 10
left_child=2 8 3 -1 -4 7 -7 -6 10 -10 21 20 17 -14 -15 16 -16 -5 22 -20 -3 -2 -17
right_child=1 11 4 12 5 6 -8 -9 9 -11 -12 -13 13 14 15 18 -18 -19 19 -21 -22 -23 -24
leaf_value=0.0096042802000013139 0.012113212689834294 0.030018249453490721 0.013876691379978863 -0.021055958523888453 -0.00682356463920021 0.010159152055807601 -0.020174472469524942 -0.029157808930535128 -0.010427179861414258 0.012618692454366719 0.027558006823410246 0.040069631875704802 -0.049212990222254574 -0.00024256664116176677 -0.028047936560312327 -0.0052033067315189058 -0.065337742441473293 -0.0033749237628495541 -0.029408255534153452 -0.013659365946569829 0.017626860976110454 0.0047997753153408837 -0.012415983819088906
leaf_weight=3.1483651846647254 7.3015144914388674 5.6976479738950738 4.2795753479003933 3.9935292005538914 7.2510943412780779 7.4707642793655378 4.7075387537479401 4.4887019842863083 6.1468495875596991 9.1469986289739591 5.3129414916038504 4.9252928197383872 2.7439058721065548 3.1652944684028652 3.0422552153468159 3.3192406594753256 2.2497081011533737 4.3195974379777917 4.0426673144102079 4.0542393773794174 5.7890853583812723 6.7872758358716965 3.0699452385306358
leaf_count=15 30 25 18 22 34 36 20 39 25 37 22 29 21 19 31 19 30 31 27 28 26 29 24
internal_value=-0.000146467 0.0154419 -0.0123381 -0.0179334 -0.00496666 -0.00833823 -0.00156635 -0.015363 0.00918749 0.00335618 0.0137841 0.0286638 -0.0204834 -0.0232713 -0.0201689 -0.0233579 -0.0439005 -0.0118687 -0.0158534 -0.0215226 0.0237732 0.00858996 -0.00866893
internal_weight=116.454 51.1076 65.3464 37.1487 28.1977 23.9181 12.1783 11.7398 34.6956 15.2938 19.4017 16.412 34.0004 25.6873 22.9434 19.7781 5.29196 8.31313 14.4861 8.09691 11.4867 14.0888 6.38919
internal_count=637 223 414 267 147 129 56 73 143 62 81 80 252 199 178 159 61 53 98 55 51 59 43
is_linear=0
shrinkage=0.06


Tree=27
num_leaves=22
num_cat=0
split_feature=0 0 0 0 0 0 0 0 0 0 0 0 0 0 0 0 0 0 0 0 0
split_gain=5.53365 1.25636 0.534921 0.53767 0.515303 0.393436 0.373886 0.609917 0.437272 0.498755 0.370016 0.455313 0.258357 1.13154 0.555654 0.393419 0.163 0.341297 0.162118 0.133222 0.00898444
threshold=6.5000000000000009 8.6349997500000004 4.3499999000000011 5.6549999500000006 6.1849999500000008 5.0450001000000011 5.2149999000000014 5.3100002000000011 5.5300000000000002 5.4349999500000008 6.0350001000000004 5.8550000000000013 7.9549999000000007 7.7049999000000007 7.4949999000000007 7.2950001000000011 6.8100002000000011 7.0150001000000008 4.8400001500000007 9.360000150000003 5.7950001000000011
decision_type=10 10 10 10 8 10 10 10 8 10 10 10 10 8 10 10 10 10 8 10 10
left_child=2 12 -1 5 10 18 -7 -8 9 -9 11 20 13 14 15 16 -2 -18 -4 -3 -5
right_child=1 19 3 4 -6 6 7 8 -10 -11 -12 -13 -14 -15 -16 -17 17 -19 -20 -21 -22
leaf_value=0.00018305866593923428 0.013021207573513511 0.025439097135102683 -0.020004180833453879 -0.0034180430007711127 -0.028022098607786813 -0.047921328266540865 -0.00022804397515542691 -0.026967558970240571 -0.018179357580078083 -0.065000163506864689 0.004505389172276093 -0.024374385931805128 -0.0010333406517075252 0.034959827898482294 -0.010758693624328908 0.023784318765447818 -0.007570731584288698 0.01216703885059401 -0.0031796354640446375 0.03856818884029755 0.00097961366024312715
leaf_weight=9.2283939868211728 7.5757852196693518 6.5936958789825422 3.9525826424360284 3.4996669292450004 4.3933696821331969 2.6516428887844112 3.1648510992526999 2.9763479307293865 5.2595392391085634 2.1293639987707138 8.1955646872520429 5.7087070345878601 8.0573057383298856 5.8880488425493231 5.6394170820713034 5.8045682013034812 6.5794589817523939 6.0574514865875244 4.3101067095994958 4.8134942203760147 3.2032109200954437
leaf_count=45 32 30 22 26 39 21 19 31 34 30 38 31 34 24 23 24 27 26 31 29 21
internal_value=-0.000142601 0.0131702 -0.0130779 -0.0155529 -0.00936611 -0.0218804 -0.0273197 -0.0232822 -0.0303214 -0.0428293 -0.00538872 -0.011922 0.0087154 0.0108075 0.00631528 0.0100162 0.00606232 0.00189049 -0.0112279 0.0309792 -0.00131646
internal_weight=115.683 57.0092 58.6733 49.445 25.0005 24.4444 16.1817 13.5301 10.3653 5.10571 20.6071 12.4116 45.602 37.5447 31.6567 26.0173 20.2127 12.6369 8.26269 11.4072 6.70288
internal_count=637 249 388 343 155 188 135 114 95 61 116 78 190 156 132 109 85 53 53 59 47
is_linear=0
shrinkage=0.06


Tree=28
num_leaves=25
num_cat=0
split_feature=0 0 0 0 0 0 0 0 0 0 0 0 0 0 0 0 0 0 0 0 0 0 0 0
split_gain=4.92562 1.00715 0.609514 0.622776 0.464839 0.970127 0.506651 0.431053 0.460585 0.542807 0.341839 0.756543 0.527227 0.252337 0.592086 0.388327 0.217254 0.160392 0.138951 0.134315 0.125745 0.163382 0.022906 0.0167187
threshold=6.7299998000000008 8.2349996500000007 5.9449999500000006 4.7449999000000007 4.9349999500000008 5.0450001000000011 5.2149999000000014 6.6150000000000011 6.424999950000001 6.0450001000000011 5.3100002000000011 5.5300000000000002 5.3950000000000005 7.0850000500000005 7.3350000500000005 7.674999950000001 9.360000150000003 5.7149999000000014 5.815000050000001 8.7100000500000032 6.1549999500000006 6.2299998000000008 5.6150000000000011 7.8850000000000007
decision_type=10 10 8 10 10 10 10 8 8 8 10 10 10 10 10 10 8 10 10 10 10 10 10 10
left_child=2 13 3 -1 -5 -6 -7 8 9 -4 -8 12 -12 -2 -15 -16 19 22 -19 -3 -11 -22 -13 -17
right_child=1 16 7 4 5 6 10 -9 -10 20 11 17 -14 14 15 23 -18 18 -20 -21 21 -23 -24 -25
leaf_value=0.00077255490486065781 0.016273605869237349 0.028341165949415201 0.014131940279179659 -0.045301705204332646 0.016874301817410391 -0.04664875182561995 -0.00021439161015828756 -0.015238644952121735 0.019552212987385204 -0.0046128921401946583 -0.066664841856082971 -0.0038588726196541741 -0.026297865774073507 -0.010988927304640572 0.019986776060962688 0.00021011493215691143 0.037109361556822762 -0.028106372486635899 -0.012237068856954924 0.015283897391834641 -0.028706960003705193 -0.0079357347174291333 -0.011104531651377727 0.005039823789625187
leaf_weight=6.346186712384223 9.7483501285314542 5.6398989111185092 4.275091409683232 2.3901726901531246 2.6389687210321453 2.5632719993591335 3.1644340604543713 9.1135668754577619 3.7251068353652945 5.426058754324913 1.8880301937460924 3.276642978191374 3.0406971424818039 6.3131657540798214 8.2494714111089724 5.3696110397577268 4.7059123814105979 3.9641900062561035 3.9811043590307236 5.7048735320568085 2.5252956598997116 2.9626582637429237 3.0169251412153244 4.9671017974615097
leaf_count=31 40 25 18 19 18 21 19 43 19 24 21 19 40 27 34 22 29 27 28 26 16 27 24 20
internal_value=-0.000138231 0.0138461 -0.0111647 -0.0162999 -0.0199205 -0.0177173 -0.0213841 -0.0045192 0.000645819 -0.00399095 -0.0184842 -0.0215004 -0.0417611 0.00809023 0.00488635 0.0102787 0.026271 -0.0144872 -0.0201548 0.0217751 -0.0110898 -0.0174937 -0.0073322 0.00253094
internal_weight=114.997 50.6984 64.2984 36.2706 29.9244 27.5343 24.8953 28.0278 18.9142 15.1891 22.332 19.1676 4.92873 34.6477 24.8994 18.5862 16.0507 14.2389 7.94529 11.3448 10.914 5.48795 6.29357 10.3367
internal_count=637 223 414 267 236 217 199 147 104 85 178 159 61 143 103 76 80 98 55 51 67 43 43 42
is_linear=0
shrinkage=0.06


Tree=29
num_leaves=23
num_cat=0
split_feature=0 0 0 0 0 0 0 0 0 0 0 0 0 0 0 0 0 0 0 0 0 0
split_gain=4.38291 0.930512 0.572756 1.88456 0.476719 0.464862 0.478263 0.338593 0.330066 0.917273 0.642122 0.329739 0.527014 0.387226 0.533018 0.325532 0.463574 0.297891 0.14568 0.116537 0.0527297 0.00743493
threshold=6.7299998000000008 8.6349997500000004 6.6150000000000011 6.5000000000000009 4.3499999000000011 5.6549999500000006 6.1849999500000008 5.0450001000000011 7.9549999000000007 7.7049999000000007 7.4849999000000009 5.2149999000000014 5.3100002000000011 5.5300000000000002 5.4349999500000008 6.0350001000000004 5.8550000000000013 7.2950001000000011 4.8400001500000007 9.2449999000000016 7.0150001000000008 5.7950001000000011
decision_type=10 10 10 10 10 10 8 10 10 8 10 8 10 10 10 10 10 8 8 10 10 10
left_child=2 8 3 4 -1 7 15 18 9 10 17 -9 -13 14 -14 16 21 20 -6 -3 -2 -7
right_child=1 19 -4 -5 5 6 -8 11 -10 -11 -12 12 13 -15 -16 -17 -18 -19 -20 -21 -22 -23
leaf_value=0.00075862656912632407 0.0042336619188559355 0.034487572502291973 -0.036033708009230933 0.036221897505989656 -0.018644500904440791 -0.0018926794765608279 -0.026620636556186097 -0.04539312160046053 -0.002114313803471084 0.032936834516572547 -0.010293157979181053 -0.00020155435404589539 -0.023811953011967927 -0.016961769278103049 -0.064563902232506853 0.0047090669675770979 -0.023378851058972649 0.024127978650575702 -0.0026005945308434672 0.022189199514015233 0.01164787244074398 0.0021368714241629962
leaf_weight=9.189526364207266 8.043365716934213 5.6214600503444654 3.0333323776721945 3.1041182726621619 3.8911463916301736 3.4393986612558418 4.2801472991704932 2.4787384867668125 8.0187745094299299 5.8582488447427741 6.142814263701438 3.1640422195196161 2.7945651859045011 5.1806708946824074 1.969922751188278 8.1757808327674848 5.6436122953891754 5.278182476758956 4.2767898589372644 5.4755205661058426 6.0512094795703879 3.1656071096658707
leaf_count=45 33 26 13 13 22 26 39 21 34 24 25 19 31 34 30 38 31 22 31 33 26 21
internal_value=-0.00013497 0.0130725 -0.0105891 -0.00931867 -0.0117708 -0.0141467 -0.00838414 -0.0201394 0.0087493 0.0115259 0.00661006 -0.0253246 -0.02153 -0.0283156 -0.0406612 -0.00456249 -0.0107511 0.0119698 -0.0102438 0.0284193 0.0074168 3.85792e-05
internal_weight=114.277 50.4896 63.7874 60.7541 57.6499 48.4604 24.7045 23.7559 39.3926 31.3738 25.5156 15.5879 13.1092 9.94516 4.76449 20.4244 12.2486 19.3728 8.16794 11.097 14.0946 6.60501
internal_count=637 223 414 401 388 343 155 188 164 130 106 135 114 95 61 116 78 81 53 59 59 47
is_linear=0
shrinkage=0.06


Tree=30
num_leaves=23
num_cat=0
split_feature=0 0 0 0 0 0 0 0 0 0 0 0 0 0 0 0 0 0 0 0 0 0
split_gain=3.89719 0.872996 0.511932 1.66435 0.443572 0.640737 0.45126 0.633018 0.877949 0.418241 0.356375 0.412272 0.242131 0.27839 0.319511 0.239435 0.538694 0.378134 0.206161 0.154083 0.0332405 0.0203245
threshold=6.7299998000000008 8.2349996500000007 6.6150000000000011 6.5000000000000009 4.7449999000000007 5.0150001000000008 5.1849999500000008 5.5300000000000002 5.4349999500000008 3.0849999000000001 6.1849999500000008 6.0350001000000004 5.8550000000000013 5.7550001000000011 5.6350000000000007 7.0850000500000005 7.3350000500000005 7.674999950000001 9.360000150000003 8.7100000500000032 5.3100002000000011 7.8850000000000007
decision_type=10 10 10 10 10 10 10 10 10 10 10 10 8 8 10 10 10 10 10 8 10 10
left_child=2 15 3 4 9 -6 -7 8 20 -1 11 12 13 14 -9 -2 -17 -18 19 -3 -8 -19
right_child=1 18 -4 -5 5 6 7 10 -10 -11 -12 -13 -14 -15 -16 16 17 21 -20 -21 -22 -23
leaf_value=-0.011305239323964367 0.014976337952256223 0.026734330688684017 -0.03420896650399919 0.03379155724458701 -0.03781825279280638 0.011360182763844559 -0.014247037788796522 -0.0036200556231099747 -0.06427856767792206 0.010843447185383111 -0.025544489646903038 0.0044193441013399091 -0.022196362278505348 0.0045146063830755036 -0.029321302557941006 -0.011251395512969874 0.018632645411993987 -0.0011867040222542232 0.034835239527161159 0.012652104902278855 -0.022827501794220537 0.0041467284894282311
leaf_weight=6.6581085920333845 9.741559371352194 5.5813328176736805 3.0043340027332297 3.1269839257001868 3.7096352875232688 2.8249776586890212 3.9915425330400449 4.1413910686969837 1.863188214600086 5.6941444575786591 4.1954871341586104 8.188648045063017 5.589326709508895 4.5862257480621347 3.004707857966423 6.3179722279310253 8.2227619439363497 5.3458193540573102 4.5409159660339347 5.6073138415813455 2.7418316826224327 4.9577048420906067
leaf_count=33 40 25 13 13 30 20 27 25 30 28 39 38 31 30 26 27 34 22 29 26 31 20
internal_value=-0.000131269 0.0123337 -0.0100361 -0.00883206 -0.0111626 -0.0139361 -0.011782 -0.0134889 -0.0278274 -0.00109513 -0.00933942 -0.0066743 -0.0119187 -0.00702239 -0.0144266 0.00700383 0.00387776 0.00903722 0.0240529 0.0196769 -0.017741 0.00137956
internal_weight=113.636 50.3154 63.3205 60.3162 57.1892 44.837 41.1273 38.3023 8.59656 12.3523 29.7058 25.5103 17.3217 11.7323 7.1461 34.5858 24.8443 18.5263 15.7296 11.1886 6.73337 10.3035
internal_count=637 223 414 401 388 327 297 277 88 61 189 150 112 81 51 143 103 76 80 51 58 42
is_linear=0
shrinkage=0.06


Tree=31
num_leaves=24
num_cat=0
split_feature=0 0 0 0 0 0 0 0 0 0 0 0 0 0 0 0 0 0 0 0 0 0 0
split_gain=3.46652 0.792738 0.491684 0.498857 0.350925 0.364118 0.644604 0.320686 0.851091 0.593275 0.26483 0.233067 0.162426 0.47386 0.288154 0.622976 0.586262 0.163911 0.156644 0.14541 0.117772 0.0631255 0.017127
threshold=6.7299998000000008 8.6349997500000004 5.9449999500000006 4.3499999000000011 6.5600002000000011 6.0450001000000011 6.5000000000000009 7.9549999000000007 7.7049999000000007 7.4849999000000009 7.2950001000000011 6.1849999500000008 5.0450001000000011 5.2149999000000014 5.3100002000000011 5.5300000000000002 5.3950000000000005 5.7149999000000014 4.8400001500000007 5.815000050000001 9.2449999000000016 7.0150001000000008 5.6150000000000011
decision_type=10 10 8 10 10 8 8 10 8 10 8 10 10 10 10 10 10 10 8 10 10 10 10
left_child=2 7 3 -1 5 -4 11 8 9 10 21 -7 18 -14 -15 16 -16 22 -5 -19 -3 -2 -17
right_child=1 20 4 12 -6 6 -8 -9 -10 -11 -12 -13 13 14 15 17 -18 19 -20 -21 -22 -23 -24
leaf_value=0.0084742446289212525 0.0030811025393600493 0.03215787303446347 0.015347206638790616 -0.017843735771276875 -0.018553972605146435 -0.0066099976638788098 0.0096100251955598959 -0.0030528163400853825 0.031104017578665773 -0.010551632194965244 0.022351515223078981 -0.024495071861649023 -0.044236246696785296 0.00066731788387679397 -0.065951026444312236 -0.0024355514593577573 -0.021251632848892504 -0.026768613121041805 -0.0010872923530510867 -0.010348838246153982 0.019638219377956102 0.011196148826441248 -0.0087732525740159273
leaf_weight=3.1704987734556189 8.0432409942150205 5.5175593793392164 4.2545070350170198 3.8512957096099862 4.6614388525485984 7.233768507838251 7.4603035748004904 7.9830177426338187 5.8279457092285147 6.1453780680894843 5.2497175335884085 4.1152326166629791 2.4018243774771717 3.1376274973154095 1.7224753350019479 3.2320506572723371 2.7312463968992233 3.8811408281326294 4.1972430050373086 3.8853307217359543 5.3063521236181259 6.0439017117023459 2.9235749691724777
leaf_count=15 33 26 18 22 20 34 36 34 24 25 22 39 21 19 21 19 40 27 31 28 33 26 24
internal_value=-0.000128047 0.0116425 -0.00951254 -0.0142264 -0.00353893 -0.000504236 -0.0040897 0.00768193 0.0104189 0.00568811 0.0108492 -0.0130953 -0.0164781 -0.0189594 -0.0161374 -0.0190068 -0.0385391 -0.0127583 -0.0091054 -0.0185543 0.0260202 0.00656276 -0.0054456
internal_weight=112.977 50.1171 62.8596 35.1343 27.7253 23.0638 18.8093 39.2932 31.3102 25.4822 19.3369 11.349 31.9638 23.9153 21.5134 18.3758 4.45372 13.9221 8.04854 7.76647 10.8239 14.0871 6.15563
internal_count=637 223 414 267 147 127 109 164 130 106 81 73 252 199 178 159 61 98 53 55 59 59 43
is_linear=0
shrinkage=0.06


Tree=32
num_leaves=22
num_cat=0
split_feature=0 0 0 0 0 0 0 0 0 0 0 0 0 0 0 0 0 0 0 0 0
split_gain=3.12916 0.889039 0.351712 0.616344 0.433759 0.545659 0.403427 0.338887 0.57626 0.296902 0.360245 0.249024 0.272146 0.282762 0.213974 0.442612 0.201508 0.3111 0.247257 0.191573 0.348224
threshold=6.5000000000000009 8.0399999500000003 4.7449999000000007 5.0150001000000008 5.1849999500000008 5.5300000000000002 3.0849999000000001 5.3100002000000011 5.3950000000000005 6.1849999500000008 6.0350001000000004 5.8550000000000013 5.7550001000000011 5.6350000000000007 9.360000150000003 8.5650000500000019 7.4849999000000009 7.2950001000000011 7.7049999000000007 6.8100002000000011 7.0150001000000008
decision_type=10 10 10 10 10 10 10 10 10 8 10 8 10 10 10 8 10 8 10 10 8
left_child=2 16 6 -4 -5 7 -1 -6 -9 10 11 12 13 -7 15 -3 17 19 -18 -2 -21
right_child=1 14 3 4 5 9 -8 8 -10 -11 -12 -13 -14 -15 -16 -17 18 -19 -20 20 -22
leaf_value=-0.011205974501682051 0.012194229611500089 0.030956529302317411 -0.036415322400488996 0.012299793198654919 -0.013093374836254969 -0.0031888918266332355 0.010541617859084477 -0.065571278276048264 -0.020349381419691556 -0.023472688650286035 0.0043962110596675605 -0.021377366616825912 0.0055495569677407293 -0.027617393666443914 0.032706831352507897 0.0081970366329725489 -0.0099310040681504855 0.021057331976141749 0.0064096950592700845 -0.0094390016885157572 0.010505404564007625
leaf_weight=6.6528641581535322 7.5722370296716752 5.1472491174936303 3.5994933173060408 2.7949547246098509 3.9301924258470518 4.123283877968797 5.7031593024730682 1.6312747746706007 2.6827274039387703 4.0391933470964423 8.1864894479513151 5.533636510372161 4.5398076772689819 2.9094563722610474 4.3901816904544821 7.6447639167308816 6.1378975063562375 5.238378405570983 7.2962549477815628 6.5728377848863575 6.0544772893190393
leaf_count=33 32 22 30 20 27 25 28 21 40 39 38 31 30 26 29 36 25 22 30 27 26
internal_value=-0.000124182 0.00991206 -0.0101119 -0.0126252 -0.0105041 -0.0122003 -0.00116796 -0.0258383 -0.0374494 -0.00836708 -0.00595475 -0.0109084 -0.00590245 -0.013295 0.0212775 0.017355 0.00488831 0.00802768 -0.00105617 0.00464868 0.000123835
internal_weight=112.381 56.0543 56.3265 43.9705 40.371 37.5761 12.356 8.24419 4.314 29.3319 25.2927 17.1062 11.5725 7.03274 17.1822 12.792 38.8721 25.4379 13.4342 20.1996 12.6273
internal_count=637 249 388 327 297 277 61 88 61 189 150 112 81 51 87 58 162 107 55 85 53
is_linear=0
shrinkage=0.06


Tree=33
num_leaves=22
num_cat=0
split_feature=0 0 0 0 0 0 0 0 0 0 0 0 0 0 0 0 0 0 0 0 0
split_gain=2.78175 0.79944 0.327804 0.375305 0.340442 0.313758 0.208826 0.403708 0.201374 0.39539 0.17777 0.276383 0.218735 0.175984 0.604965 0.553198 0.419466 0.378397 0.168692 0.307359 0.000756059
threshold=6.5000000000000009 8.0399999500000003 4.3499999000000011 5.6549999500000006 6.1849999500000008 5.5850000500000005 6.0350001000000004 5.8550000000000013 9.360000150000003 8.5650000500000019 7.4849999000000009 7.2950001000000011 7.7049999000000007 5.3950000000000005 5.2550001000000011 5.0150001000000008 5.5300000000000002 4.7449999000000007 6.8100002000000011 7.0150001000000008 5.7950001000000011
decision_type=10 10 10 10 8 8 10 10 10 8 10 8 10 10 10 8 10 10 10 8 10
left_child=2 10 -1 5 6 13 7 20 9 -3 11 18 -12 14 15 17 -15 -4 -2 -20 -5
right_child=1 8 3 4 -6 -7 -8 -9 -10 -11 12 -13 -14 16 -16 -17 -18 -19 19 -21 -22
leaf_value=0.00078047816656263958 0.0114314356291862 0.029297872629483558 -0.0065570989416444689 0.0012137377596421199 -0.022477639326859575 -0.034731954134668487 0.0041262264788362408 -0.020283635617575978 0.031408090346048655 0.0077304755980558909 -0.0093466690642456367 0.019839638029576879 0.0060310191005346521 -0.019471341906175228 -0.038606461601232829 0.0054768961702905379 0.017497686954818507 -0.035175176927883821 -0.008869421089067641 0.0098588674787730961 0.0025115848183892395
leaf_weight=9.183893144130705 7.5922222733497682 5.1133965551853189 3.1648727059364363 3.3138714432716423 3.9671822860836974 3.1521363332867613 8.1984332352876645 5.4836773723363876 4.3002274483442298 7.6205514073371896 6.1305615305900556 5.2266676723957053 7.2893262058496475 2.6369197368621817 3.6756088361144057 4.583859510719777 1.901761397719383 3.5057331770658493 6.5751628875732395 6.0641257911920556 3.1536451429128647
leaf_count=45 32 22 16 26 39 23 38 31 29 36 25 22 30 40 34 34 11 30 27 26 21
internal_value=-0.0001205 0.00934319 -0.0095826 -0.0116189 -0.00641173 -0.0171705 -0.00324857 -0.00830763 0.020182 0.016391 0.00459422 0.00753992 -0.000993918 -0.0143272 -0.0174724 -0.0105702 -0.00398088 -0.0215973 0.00436238 0.000116108 0.00184658
internal_weight=111.834 55.9122 55.9216 46.7377 24.1168 22.6209 20.1496 11.9512 17.0342 12.7339 38.8781 25.4582 13.4199 19.4688 14.9301 11.2545 4.53868 6.67061 20.2315 12.6393 6.46752
internal_count=637 249 388 343 155 188 116 78 87 58 162 107 55 165 114 80 51 46 85 53 47
is_linear=0
shrinkage=0.06


Tree=34
num_leaves=23
num_cat=0
split_feature=0 0 0 0 0 0 0 0 0 0 0 0 0 0 0 0 0 0 0 0 0 0
split_gain=2.51083 0.642347 0.523593 1.29122 0.39223 0.799931 0.544087 0.294142 0.341102 0.32087 0.302197 0.361077 0.289307 0.241425 0.158989 0.56081 0.498428 0.37336 0.351476 0.141363 0.075961 0.000665715
threshold=6.7299998000000008 8.6349997500000004 6.6150000000000011 6.5000000000000009 7.9549999000000007 7.5699999000000009 7.0850000500000005 4.3499999000000011 5.6549999500000006 6.1549999500000006 6.0350001000000004 5.8550000000000013 5.5850000500000005 7.3350000500000005 5.3950000000000005 5.2550001000000011 5.0150001000000008 5.5300000000000002 4.7449999000000007 9.2449999000000016 6.2299998000000008 5.7950001000000011
decision_type=10 10 10 10 10 10 10 10 10 8 10 10 10 10 10 10 8 10 10 8 10 10
left_child=2 4 3 7 5 6 -2 -1 12 10 11 21 14 -8 15 16 18 -16 -9 -3 -11 -10
right_child=1 19 -4 -5 -6 -7 13 8 9 20 -12 -13 -14 -15 17 -17 -18 -19 -20 -21 -22 -23
leaf_value=0.00073339742018781846 0.014132652007088253 0.02986516418968355 -0.032735372429534802 0.030379653020126209 -0.0055347279922529375 0.024844989417153126 -0.012983464539393383 -0.0061827977082530936 0.0011399345734724908 -0.026511228202311457 0.0083215865894330759 -0.01923947855932066 -0.033425109245076447 0.0035055449181916449 -0.018617935364340542 -0.037312498423384258 0.0051294660086979088 0.016284581228402595 -0.033956106324605932 0.01591906906344762 -0.012509102370673014 0.0023570327477332466
leaf_weight=9.1869505047798139 9.735738500952726 5.4131288230419132 2.9797798395156851 3.1557912081480017 7.9125591218471518 8.7240851819515211 6.3571016639471036 3.1553845703601882 3.3166374862194115 2.4332502186298361 6.4072542190551749 5.4359173178672791 3.0810732766985884 6.4299284517765045 2.5936823114752761 3.5779300481081 4.6001525446772584 1.9202305972576139 3.4164788648486137 5.0647232681512842 3.2681113183498383 3.1586428135633469
leaf_count=45 40 26 13 13 34 36 27 16 26 16 28 31 23 27 40 34 34 11 30 33 33 21
internal_value=-0.000116347 0.00992884 -0.00819931 -0.00695395 0.00639823 0.00941998 0.00344518 -0.0090748 -0.0110182 -0.00605456 -0.00218577 -0.00783787 -0.016354 -0.004692 -0.0136236 -0.016639 -0.0100182 -0.00377031 -0.0206212 0.023124 -0.018485 0.00173364
internal_weight=111.325 49.6373 61.6873 58.7075 39.1594 31.2469 22.5228 55.5517 46.3647 24.0198 18.3185 11.9112 22.3449 12.787 19.2639 14.7499 11.172 4.51391 6.57186 10.4779 5.70136 6.47528
internal_count=637 223 414 401 164 130 94 388 343 155 106 78 188 54 165 114 80 51 46 59 49 47
is_linear=0
shrinkage=0.06


Tree=35
num_leaves=25
num_cat=0
split_feature=0 0 0 0 0 0 0 0 0 0 0 0 0 0 0 0 0 0 0 0 0 0 0 0
split_gain=2.23051 0.600061 0.468333 1.14072 0.263792 0.311283 0.376014 0.248091 0.47748 0.393294 0.212046 0.481008 0.363285 0.413625 0.645812 0.328524 0.193268 0.164221 0.156532 0.200859 0.0691806 0.0361019 0.016457 0.00416043
threshold=6.7299998000000008 8.2649999000000012 6.6150000000000011 6.5000000000000009 4.3499999000000011 5.815000050000001 6.1549999500000006 7.0850000500000005 7.3350000500000005 7.674999950000001 5.0450001000000011 5.2149999000000014 5.3100002000000011 5.5300000000000002 5.4349999500000008 5.7149999000000014 4.8400001500000007 6.0350001000000004 9.360000150000003 8.7100000500000032 6.2299998000000008 7.8850000000000007 5.9449999500000006 5.6150000000000011
decision_type=10 10 10 10 10 10 8 10 10 10 10 10 10 8 10 10 10 10 10 8 10 10 10 10
left_child=2 7 3 4 -1 10 17 -2 -9 -10 16 -12 -13 14 -14 23 -6 22 19 -3 -8 -11 -7 -15
right_child=1 18 -4 -5 5 6 20 8 9 21 11 12 13 15 -16 -17 -18 -19 -20 -21 -22 -23 -24 -25
leaf_value=0.00068917445685703232 0.013292126613727102 0.02471545615252773 -0.031080174985498563 0.028412703368021115 -0.015985623715383958 -0.0081636425879791363 -0.025327871627420156 -0.012242521983648691 0.016738867718073567 -0.0042313075997971626 -0.043421116684008575 0.0043911469938736529 -0.014703596222537018 -0.0016794867405444758 -0.063704905248602506 -0.025685181404665303 0.0029667272755853403 0.0078041016076804207 0.02949778425002288 0.0078059513862126523 -0.011877058377151889 0.002667496181802332 -0.0023395426923877756 -0.0048519824518439983
leaf_weight=9.189822703599928 9.7304578125476819 4.7397814095020268 2.9510627388954154 3.1712993979454032 3.762203365564349 3.7766652554273623 2.3953110277652732 6.3379428833723095 8.1527750641107577 5.2936529219150525 2.3486850857734707 3.0262919515371349 2.3586676567792866 3.2050252556800842 1.642550431191921 3.8145580887794495 3.992759644985199 6.4217214286327362 4.1709801554679862 5.4215684831142434 3.2365040332078934 5.6404102444648743 3.2493388056755066 2.7779498398303986
leaf_count=45 40 22 13 13 22 28 16 27 34 22 21 19 31 19 30 27 31 28 29 26 33 23 14 24
internal_value=-0.00011274 0.0093632 -0.00776013 -0.00658111 -0.00859161 -0.0104454 -0.00458218 0.00514464 0.00202647 0.00676461 -0.0145996 -0.0179857 -0.014435 -0.0185639 -0.0348193 -0.0119253 -0.00622772 0.000868731 0.0197108 0.0156934 -0.0175979 -0.000672513 -0.00547015 -0.00315251
internal_weight=110.808 49.4876 61.3204 58.3694 55.1981 46.0082 19.0795 35.1552 25.4248 19.0868 26.9287 19.1737 16.825 13.7988 4.00122 9.79753 7.75496 13.4477 14.3323 10.1613 5.63182 10.9341 7.026 5.98298
internal_count=637 223 414 401 388 343 119 146 106 79 224 171 150 131 61 70 53 70 77 48 49 45 42 43
is_linear=0
shrinkage=0.06


Tree=36
num_leaves=22
num_cat=0
split_feature=0 0 0 0 0 0 0 0 0 0 0 0 0 0 0 0 0 0 0 0 0
split_gain=1.98234 0.545031 0.418811 1.00837 0.37221 0.732206 0.446447 0.24125 0.403173 0.535616 0.661849 0.396861 0.310052 0.4454 0.288543 0.282834 0.169397 0.151261 0.420745 0.169193 0.142222
threshold=6.7299998000000008 8.6349997500000004 6.6150000000000011 6.5000000000000009 7.9549999000000007 7.5699999000000009 7.0850000500000005 4.8750000000000009 5.6549999500000006 5.0150001000000008 5.2550001000000011 4.4600000500000005 5.3950000000000005 5.5850000500000005 5.5300000000000002 6.1849999500000008 7.3350000500000005 5.9449999500000006 6.0450001000000011 5.7950001000000011 9.2449999000000016
decision_type=10 10 10 10 10 10 10 10 10 10 10 8 8 10 10 8 8 10 8 10 10
left_child=2 4 3 7 5 6 -2 11 9 -9 -11 -1 -12 14 -14 17 -8 19 -19 -10 -3
right_child=1 20 -4 -5 -6 -7 16 8 15 10 12 -13 13 -15 -16 -17 -18 18 -20 -21 -22
leaf_value=-0.015974405083225455 0.012502259876593763 0.027945276638340583 -0.02950748350955339 0.026592991251020215 -0.0060427408477623391 0.023313095974552778 -0.011542668867668677 -0.043731560121912399 0.0022425984939749726 0.0060967883992216068 -0.03595995279643116 0.0061425553187711406 -0.015706235590875101 -0.032016790676011667 0.015282240240307369 -0.020248524165173355 0.0022957476079343586 0.017142432170920308 -0.0067072629894535636 -0.015127116028098731 0.0138043181803842
leaf_weight=4.3405922502279255 9.7246760576963478 5.3228361606597883 2.9227375239133826 3.1845757514238349 7.8869145214557639 8.7117539346218091 6.3194767236709568 2.3763271793723133 3.2766248211264664 4.5451539531350127 3.4722889065742466 8.9287444278597832 2.4519993886351594 3.0058984756469727 1.9356256127357481 3.8130114525556555 6.4191048592329034 4.2208886146545384 7.2143642753362665 5.2591166645288467 4.9335904568433762
leaf_count=21 40 26 13 13 34 36 27 21 26 34 34 49 40 23 11 39 27 18 34 38 33
internal_value=-0.00010949 0.00883375 -0.00734625 -0.00622998 0.00560169 0.0085476 0.0028212 -0.008136 -0.0103843 -0.017217 -0.0131285 -0.00109222 -0.0211704 -0.0142246 -0.00203549 -0.00527444 -0.00456935 -0.00241548 0.00209594 -0.00845938 0.0211431
internal_weight=110.266 49.3184 60.9479 58.0252 39.0619 31.175 22.4633 54.8406 41.5713 17.7873 15.411 13.2693 10.8658 7.39352 4.38763 23.784 12.7386 19.971 11.4353 8.53574 10.2564
internal_count=637 223 414 401 164 130 94 388 318 163 142 70 108 74 51 155 54 116 52 64 59
is_linear=0
shrinkage=0.06


Tree=37
num_leaves=26
num_cat=0
split_feature=0 0 0 0 0 0 0 0 0 0 0 0 0 0 0 0 0 0 0 0 0 0 0 0 0
split_gain=1.78965 0.447126 1.09714 1.23938 0.503461 0.326006 0.444202 0.385805 0.529676 0.385252 0.395739 0.304918 0.487253 0.295481 0.477215 0.676445 0.655875 0.255628 0.52947 0.23232 0.257012 0.150924 0.37544 0.19575 0.0927781
threshold=6.9349999500000008 8.0399999500000003 8.505000100000002 8.7950000500000005 7.1150000000000011 5.9449999500000006 6.0450001000000011 5.0450001000000011 5.2149999000000014 4.4600000500000005 4.8750000000000009 7.3350000500000005 7.674999950000001 5.3100002000000011 5.8550000000000013 5.5300000000000002 5.4349999500000008 6.8100002000000011 6.5850000500000005 5.7550001000000011 5.6350000000000007 6.5600002000000011 6.1649999500000012 6.3650000000000011 9.360000150000003
decision_type=10 10 10 10 10 8 8 10 10 8 10 10 10 10 8 8 10 10 10 8 10 8 8 10 10
left_child=5 4 -3 -4 -2 7 -7 9 -9 -1 -11 -6 -13 -10 15 16 -15 18 21 20 -17 22 -8 -24 -5
right_child=1 2 3 24 11 6 17 8 13 10 -12 12 -14 14 -16 19 -18 -19 -20 -21 -22 -23 23 -25 -26
leaf_value=-0.015118977432825038 0.022240456092086393 0.043606470860826071 -0.019487952250929828 0.015078382342186948 -0.011315207671595159 0.016045550908306828 -0.013710679434750838 -0.042373727877636456 0.005507417123436718 0.024322036543472685 -0.0053864603110869956 0.015334619948515456 -0.0052219020546304951 -0.012626613413216683 -0.041674499507495154 -0.0011331775403624306 -0.063422089742772372 -0.018542933972736843 0.014245071700065058 0.0067974606220688226 -0.024893886575193327 -0.01431411630595174 -0.0022536097566462823 0.019075876673654686 0.027714551908325606
leaf_weight=4.3119183629751179 4.78255267441273 4.197688668966296 3.9754313528537741 4.3218787014484388 5.6090992689132717 4.2383042871952048 6.14965435862542 2.2843167260289219 2.9931287765502956 2.9374590665102014 3.5831777974963188 8.1500954478979128 8.4598893970251066 2.2754366546869291 2.1059898734092704 4.0283284187316886 1.5307197421789167 4.1465861797332755 5.355240747332572 4.4842780232429513 2.7628471031785011 6.7514772266149512 3.5163842812180528 2.7684884667396545 4.0538399517536163
leaf_count=21 20 18 19 21 24 18 28 21 19 19 28 34 35 31 17 25 30 17 23 30 26 33 31 20 29
internal_value=-0.000106363 0.00934067 0.0171064 0.0081 0.0045812 -0.00631898 -0.00208554 -0.0105052 -0.01499 -0.00120447 0.00799682 0.00078013 0.00486466 -0.0118903 -0.01492 -0.0111841 -0.033055 -0.0047642 -0.00243609 -0.00380128 -0.0107997 -0.00709218 -0.00317094 0.00714204 0.0211943
internal_weight=109.774 43.5505 16.5488 12.3512 27.0016 66.2237 32.9261 33.2976 22.465 10.8326 6.52064 22.2191 16.61 20.1807 17.1876 15.0816 3.80616 28.6878 24.5412 11.2755 6.79118 19.186 12.4345 6.28487 8.37572
internal_count=637 200 87 69 113 437 170 267 199 68 47 93 69 178 159 142 61 152 135 81 51 112 79 51 50
is_linear=0
shrinkage=0.06


Tree=38
num_leaves=24
num_cat=0
split_feature=0 0 0 0 0 0 0 0 0 0 0 0 0 0 0 0 0 0 0 0 0 0 0
split_gain=1.5956 0.392879 0.431142 0.326372 0.417435 0.443277 0.341479 0.344286 0.320465 0.341209 0.641543 0.321539 0.302514 0.179453 0.347046 0.209612 0.272244 0.392595 0.159536 0.347004 0.146059 0.0893259 0.0536907
threshold=7.0150001000000008 8.2649999000000012 7.4849999000000009 5.815000050000001 5.0450001000000011 5.2149999000000014 4.4600000500000005 4.8750000000000009 5.3100002000000011 5.5300000000000002 5.4349999500000008 5.7149999000000014 7.7049999000000007 5.8550000000000013 6.0350001000000004 6.8100002000000011 6.5850000500000005 6.1150000000000011 8.8850002000000021 9.7150001500000016 6.3050000500000012 7.9049999500000006 7.2950001000000011
decision_type=10 10 10 8 10 10 10 10 10 8 10 10 10 10 10 8 8 8 8 10 10 8 10
left_child=3 2 22 4 6 -6 -1 -8 -7 10 -10 -11 -4 -5 -15 16 17 -16 -3 -20 -19 -14 -2
right_child=1 18 12 13 5 8 7 -9 9 11 -12 -13 21 14 15 -17 -18 20 19 -21 -22 -23 -24
leaf_value=-0.014305542070040074 0.010193600252976534 0.024059426746313815 -0.011735235731889847 0.0061554919223566883 -0.041164468298890575 0.005159161489296368 0.022548992161835719 -0.0050820711249582812 -0.011999184519641912 -0.0018454837437207488 -0.063211803498081434 -0.024350671786255079 0.011123940193694138 -0.018087228645277852 0.01261961188133328 -0.010553902792647722 0.013344649454767387 -0.0027657795167716063 0.0010045825426973174 0.028061614571377121 -0.017525634610386438 -0.00040504266499691213 0.018538109160351045
leaf_weight=4.2845416367054003 5.9974901825189608 6.7400566488504383 6.1585873365402213 7.5979170203208914 2.212559565901759 3.0031400918960598 2.9770462661981583 3.5703324675559998 2.2515091374516465 5.8853942006826401 1.4462275207042692 3.736370712518692 4.7687667757272694 5.3196803182363537 4.292618036270146 6.5542858839035025 5.3730162829160681 5.6016701832413673 4.5112784206867227 2.7444833517074585 4.240871861577034 4.9106934815645227 5.1676918864250183
leaf_count=21 26 32 25 41 21 19 19 28 31 43 30 27 20 31 18 27 23 37 25 20 31 20 22
internal_value=-0.000103436 0.0092546 0.00502611 -0.00571699 -0.0104938 -0.0159623 -0.00113627 0.00748158 -0.0125461 -0.0165381 -0.032029 -0.0105848 -0.00133944 -0.0021182 -0.00412134 -0.00127072 0.00184821 -0.00252178 0.0174129 0.0112389 -0.00912538 0.00527493 0.0140558
internal_weight=109.346 40.999 27.0032 68.3472 29.3671 18.5352 10.8319 6.54738 16.3226 13.3195 3.69774 9.62176 15.838 38.9801 31.3821 26.0625 19.5082 14.1352 13.9958 7.25576 9.84254 9.67946 11.1652
internal_count=637 190 113 447 239 171 68 47 150 131 61 70 65 208 167 136 109 86 77 45 68 40 48
is_linear=0
shrinkage=0.06


Tree=39
num_leaves=24
num_cat=0
split_feature=0 0 0 0 0 0 0 0 0 0 0 0 0 0 0 0 0 0 0 0 0 0 0
split_gain=1.44075 0.454439 0.842837 0.432911 0.273791 0.307127 0.270348 0.269637 0.22518 0.347017 0.34759 0.224899 0.306719 0.781253 0.373235 0.30165 0.143002 0.315476 0.122348 0.327193 0.141871 0.0345127 0.0321771
threshold=6.7299998000000008 6.6150000000000011 6.5000000000000009 8.2649999000000012 4.3499999000000011 5.6549999500000006 6.1849999500000008 5.5850000500000005 7.0850000500000005 7.3350000500000005 7.674999950000001 5.5150001000000008 5.3100002000000011 5.3950000000000005 5.0150001000000008 4.7449999000000007 8.8850002000000021 9.7150001500000016 6.0350001000000004 5.8550000000000013 5.815000050000001 7.8850000000000007 5.2000000500000008
decision_type=10 10 10 10 8 8 10 10 10 10 10 8 8 10 8 10 8 10 10 10 8 10 10
left_child=1 2 4 8 -1 7 18 11 -2 -10 -11 12 14 -14 15 -6 -5 -18 19 20 -7 -12 -16
right_child=3 -3 -4 16 5 6 -8 -9 9 10 21 -13 13 -15 22 -17 17 -19 -20 -21 -22 -23 -24
leaf_value=0.010288677469164766 0.011764257502863437 -0.029410368878868092 0.024789215546324427 0.022839323355210123 -0.0059109938098525338 -0.0074977919943466061 -0.019096638462943689 -0.030408694237258553 -0.011180022252159385 0.014455517102794413 -0.0054310990682737634 0.0075035945271562732 -0.064485625423277265 -0.0057836156163565073 0.0057206302521659773 -0.031928036951963959 0.00094478991740963505 0.026898805318431234 0.004248620141899806 -0.017140808320910531 0.0057682019674511363 0.0013265237146801846 -0.0027762719928730961
leaf_weight=3.1344682574272147 9.7017197757959348 2.9209568947553626 3.1963326334953299 6.6761266142129871 3.1451967060566028 4.6869953945279201 3.7367214262485495 2.9196484312415114 6.3085996657609966 8.1206724196672457 5.2729433476924878 2.1399244815111151 1.3579491153359406 2.0457873046398163 3.061290182173253 3.274680957198143 4.5090454965829858 2.6929521560668945 8.1542058736085874 5.277919463813304 7.6208437979221353 5.6213216185569763 3.3714927136898041
leaf_count=15 40 13 13 32 16 36 39 23 27 34 22 15 21 36 24 30 25 20 38 31 41 23 23
internal_value=-0.000100241 -0.0063271 -0.00514676 0.00754521 -0.00692111 -0.00798314 -0.00401558 -0.0134697 0.00399171 0.00101396 0.00505957 -0.0107813 -0.0131882 -0.0292033 -0.00894702 -0.0191819 0.0165134 0.0106494 -0.00182624 -0.00464304 0.000716328 -0.00194424 0.00126731
internal_weight=108.948 60.0444 57.1235 48.9034 53.9271 50.7927 29.4767 21.316 35.0253 25.3235 19.0149 18.3963 16.2564 3.40374 12.8527 6.41988 13.8781 7.202 25.74 17.5858 12.3078 10.8943 6.43278
internal_count=637 414 401 223 388 373 185 188 146 106 79 165 150 57 93 46 77 45 146 108 77 45 47
is_linear=0
shrinkage=0.06


Tree=40
num_leaves=26
num_cat=0
split_feature=0 0 0 0 0 0 0 0 0 0 0 0 0 0 0 0 0 0 0 0 0 0 0 0 0
split_gain=1.31418 0.904177 1.3445 0.387268 1.45377 0.359359 0.37033 0.438297 0.344586 0.297186 0.271936 0.304749 0.668099 0.302462 0.186356 0.781141 0.303715 0.316469 0.316033 0.157476 0.326498 0.249951 0.128827 0.188124 0.0450497
threshold=7.5699999000000009 7.4849999000000009 7.3350000500000005 7.9549999000000007 8.2649999000000012 5.815000050000001 5.0450001000000011 5.2149999000000014 4.4600000500000005 4.8750000000000009 5.3100002000000011 5.5300000000000002 5.4349999500000008 5.7149999000000014 7.0850000500000005 6.9349999500000008 6.8100002000000011 6.5850000500000005 6.5600002000000011 6.2299998000000008 6.0450001000000011 5.9449999500000006 9.360000150000003 8.7100000500000032 5.5950000500000012
decision_type=10 10 10 10 10 8 10 10 10 10 10 8 10 10 10 10 10 10 8 8 10 10 10 8 10
left_child=1 2 5 -2 -5 6 8 -8 -1 -10 -9 12 -12 24 15 16 17 18 19 20 21 -7 23 -6 -13
right_child=3 -3 -4 4 22 14 7 10 9 -11 11 13 -14 -15 -16 -17 -18 -19 -20 -21 -22 -23 -24 -25 -26
leaf_value=-0.013862613138662268 0.021920894816704253 -0.03512436645492463 0.035633350516561788 -0.025674087135374606 0.020886139940094455 -0.0049568990068734322 -0.04009541660317853 0.0050088577358653229 0.022000488298595283 -0.0037565536700253695 -0.0092930352650005266 -0.0068691013978973816 -0.063003956833061661 -0.02293737271212342 -0.010539162896266326 0.025514537007150642 -0.017512283441062277 0.013046329416668728 -0.014155422223218238 0.010624431265979775 -0.010743315777543068 0.016519339849589192 0.024925029929228251 0.0042950720514228812 0.0037633153943981766
leaf_weight=4.2681189179420489 8.6913433521986025 3.1966861337423316 3.181901514530181 3.941083416342738 4.6045247018337223 3.6235591024160438 2.1511970907449749 3.0074730515480033 2.9850013852119446 3.5076633170247078 2.1512243896722771 2.5646397173404694 1.3612881079316137 3.6585586220026016 6.2912286669015876 4.0630286484956732 4.1444436311721793 5.3662381619215003 6.7443084865808478 4.5829235762357703 7.7703970968723297 4.2264583110809326 3.8773393034934989 5.2835454642772683 3.2558422535657883
leaf_count=21 36 13 14 16 22 28 21 19 19 28 31 15 30 27 27 17 17 23 33 39 40 18 29 26 28
internal_value=-9.73614e-05 -0.00384166 -0.00257431 0.0115481 0.00645656 -0.00417979 -0.00943936 -0.0146681 -0.000620077 0.00808524 -0.0112492 -0.0150128 -0.0301089 -0.00941886 -0.000931537 0.000560115 -0.00222088 -0.000259672 -0.00290937 0.000844802 -0.00202448 0.00660593 0.0156557 0.0120209 -0.000921575
internal_weight=108.5 82.1022 78.9055 26.3978 17.7065 75.7236 28.911 18.1502 10.7608 6.49266 15.999 12.9916 3.51251 9.47904 46.8126 40.5214 36.4583 32.3139 26.9476 20.2033 15.6204 7.85002 13.7654 9.88807 5.82048
internal_count=637 508 495 129 93 481 239 171 68 47 150 131 61 70 242 215 198 181 158 125 86 46 77 48 43
is_linear=0
shrinkage=0.06


Tree=41
num_leaves=26
num_cat=0
split_feature=0 0 0 0 0 0 0 0 0 0 0 0 0 0 0 0 0 0 0 0 0 0 0 0 0
split_gain=1.17566 0.314358 0.492568 0.510842 0.637456 0.222458 0.369721 0.183266 0.219847 0.172161 0.165747 0.199568 0.37246 0.325253 0.157488 0.1303 0.202571 0.86112 0.312182 0.331016 0.271674 0.0874692 0.0752628 0.621908 0.0305417
threshold=7.0150001000000008 8.6349997500000004 7.9549999000000007 7.7049999000000007 7.4849999000000009 5.815000050000001 4.3499999000000011 6.0450001000000011 5.9449999500000006 9.2449999000000016 6.1649999500000012 6.5600002000000011 6.6949999500000006 6.8100002000000011 6.3650000000000011 5.7149999000000014 5.0150001000000008 5.0750000500000008 5.3950000000000005 5.2550001000000011 4.7449999000000007 5.6250000000000009 5.5550000500000012 5.4649999000000014 7.2950001000000011
decision_type=10 10 8 8 10 8 10 8 10 8 8 8 8 10 10 8 10 8 8 10 10 10 10 10 10
left_child=5 2 3 4 24 6 -1 8 -7 -3 -9 14 -13 -14 -12 16 20 -18 19 -19 -8 22 23 -20 -2
right_child=1 9 -4 -5 -6 7 15 10 -10 -11 11 12 13 -15 -16 -17 17 18 21 -21 -22 -23 -24 -25 -26
leaf_value=0.010518195067494813 0.0099630380879484493 0.024856071911756948 -0.0080448559086680471 0.024986757927648102 -0.011213342042494348 -0.0046759060587339765 -0.0061058183300415165 -0.012905097520179062 0.01546601974869583 0.0089419601553357934 -0.0011073391693425933 -0.021335361245555112 0.0074248303597865377 -0.010548128401469754 0.018089366488852052 -0.021904844019664409 0.035809843034769938 -0.0056581695944381135 0.031357170921136011 -0.033817759121757045 -0.030918357465953956 0.0067553977353528279 -0.013664498171691396 -0.026624528033084231 0.016286835219568419
leaf_weight=3.1299275457859066 5.9641755372285932 5.1755045801401112 7.7826130241155616 5.7043892294168463 6.1522572934627524 3.6112276017665854 3.1482175290584626 6.1161323338747051 4.2429146468639374 4.6423351764678964 3.4658200740814236 3.9532013088464764 8.13334773480892 6.5391117334365836 2.7666255682706833 3.602901577949523 1.5980716049671144 2.7683866918086997 1.2424811758100998 3.2872437685728073 3.2066372931003571 2.3822398036718369 2.9055945873260498 1.4352262653410433 5.1008391380310059
leaf_count=15 26 26 34 24 25 28 16 28 18 33 31 17 39 27 20 27 10 24 19 34 30 22 18 24 22
internal_value=-9.40134e-05 0.00798549 0.00499718 0.00942535 0.00426958 -0.00494183 -0.00894672 -0.0019809 0.00620504 0.0173311 -0.00405661 -0.00187951 -0.00498933 -0.000585223 0.00741421 -0.0113287 -0.00959461 -0.00592004 -0.0106762 -0.0209443 -0.0186261 -0.00287012 -0.00697706 0.00027952 0.0128782
internal_weight=108.057 40.5221 30.7043 22.9217 17.2173 67.5353 28.7069 38.8284 7.85414 9.81784 30.9742 24.8581 18.6257 14.6725 6.23245 25.577 21.9741 15.6192 14.0212 6.05563 6.35485 7.96554 5.5833 2.67771 11.065
internal_count=637 190 131 97 73 447 239 208 46 59 162 134 83 66 51 224 197 151 141 58 46 83 61 43 48
is_linear=0
shrinkage=0.06


Tree=42
num_leaves=27
num_cat=0
split_feature=0 0 0 0 0 0 0 0 0 0 0 0 0 0 0 0 0 0 0 0 0 0 0 0 0 0
split_gain=1.06878 0.32462 1.22122 0.304547 0.489799 0.437657 0.329318 0.138524 0.285444 0.137278 0.675321 0.260527 0.292796 0.321781 0.118398 0.183346 0.39341 0.305658 0.251275 0.100994 0.193451 0.167139 0.0774991 0.0671737 0.546785 0.0285015
threshold=7.5699999000000009 7.9549999000000007 8.2649999000000012 5.815000050000001 7.4949999000000007 7.3250000500000008 4.3499999000000011 8.8850002000000021 9.7150001500000016 7.0850000500000005 6.9349999500000008 6.8100002000000011 6.5850000500000005 6.3050000500000012 5.7149999000000014 5.0150001000000008 5.1849999500000008 5.3950000000000005 4.7449999000000007 6.0450001000000011 5.9449999500000006 6.1450000000000005 5.6250000000000009 5.5550000500000012 5.4649999000000014 5.2650001000000008
decision_type=10 10 10 8 8 8 10 8 10 8 8 8 8 8 8 10 10 8 10 10 10 8 10 10 10 10
left_child=3 -2 -3 6 5 9 -1 -4 -9 10 11 12 13 19 15 18 -17 25 -8 20 -5 -21 23 24 -19 -18
right_child=1 2 7 4 -6 -7 14 8 -10 -11 -12 -13 -14 -15 -16 16 17 22 -20 21 -22 -23 -24 -25 -26 -27
leaf_value=0.0098438199233723978 0.019981913540025358 -0.02358819613482686 0.020587999691442371 -0.0044099894998221398 -0.013828281753417274 0.019800582265352654 -0.0057561093554584827 -0.00075966852991796651 0.024322612328467105 -0.0089579781087059506 0.02424646516543404 -0.01584749291988127 0.012849575471158062 -0.017667188538089285 -0.02090677250902552 0.015243621077845906 -0.016575199423592549 0.02868630248716756 -0.029775693761998429 -0.011890134406823936 0.014485302922898414 0.0046017313624822373 0.0063172008866429876 -0.01295205264337417 -0.025565329525040859 -0.025796823961003464
leaf_weight=3.1432618796825436 8.6363239884376544 3.9511221051216152 6.5523886680603001 3.599612541496767 8.6742117404937726 4.3650332391262046 3.1393973529338899 4.4435326308012018 2.5827926397323608 5.5576684325933448 4.0418604016304007 4.1397541314363471 5.3661613613367072 4.2185149341821662 3.550069034099578 2.6950675547122946 2.1477662026882145 1.2755918353796016 3.1322359591722488 4.3572829812765095 4.2578863799571991 4.493945576250554 2.3942514285445213 2.8822342753410339 1.4059256277978418 2.7533700093626976
leaf_count=15 36 16 32 28 41 19 16 25 20 24 17 17 23 31 27 20 17 19 30 19 18 32 22 18 24 31
internal_value=-9.10534e-05 0.0104607 0.0057699 -0.00347498 -0.000787822 0.00175996 -0.00847556 0.0143125 0.00846028 -0.000207131 0.00120358 -0.00185677 0.000345994 -0.00286017 -0.0107447 -0.00909185 -0.00559991 -0.00996837 -0.0177522 0.00087821 0.00582915 -0.00351688 -0.00270882 -0.006593 0.00024205 -0.0217557
internal_weight=107.757 26.1662 17.5298 81.5911 53.0719 44.3977 28.5192 13.5787 7.02633 40.0327 34.475 30.4332 26.2934 20.9272 25.3759 21.8258 15.5542 12.8591 6.27163 16.7087 7.8575 8.85123 7.958 5.56375 2.68152 4.90114
internal_count=637 129 93 508 269 228 239 77 45 209 185 168 151 128 224 197 151 131 46 97 46 51 83 61 43 48
is_linear=0
shrinkage=0.06


Tree=43
num_leaves=25
num_cat=0
split_feature=0 0 0 0 0 0 0 0 0 0 0 0 0 0 0 0 0 0 0 0 0 0 0 0
split_gain=0.949206 0.286436 1.08275 0.283158 0.48936 0.345808 0.26364 0.194912 0.264523 0.241737 0.274473 0.136506 0.552237 0.124125 0.258174 0.120556 0.115814 0.454983 0.287045 0.306612 0.652237 0.272173 0.238043 0.0255047
threshold=7.5699999000000009 7.9549999000000007 8.2649999000000012 6.0350001000000004 7.4949999000000007 7.3250000500000008 4.3499999000000011 6.1150000000000011 6.5000000000000009 7.0850000500000005 6.8650000000000011 5.9050000000000011 5.815000050000001 8.8850002000000021 9.7150001500000016 6.1849999500000008 5.0450001000000011 5.2149999000000014 5.3100002000000011 5.5300000000000002 5.4349999500000008 4.8400001500000007 5.7149999000000014 5.5950000500000012
decision_type=10 10 10 8 8 8 10 10 10 10 10 8 8 8 10 10 10 10 10 8 10 10 10 10
left_child=3 -2 -3 6 5 7 -1 -5 15 10 -10 12 16 -4 -15 -9 21 -18 -19 20 -20 -8 23 -21
right_child=1 2 13 4 -6 -7 11 8 9 -11 -12 -13 -14 14 -16 -17 17 18 19 22 -22 -23 -24 -25
leaf_value=0.0092156755054754007 0.018829032541435503 -0.022139707383316384 0.019527424927085715 0.012631090038540392 -0.013064734606211943 0.018693754393250963 -0.015428032885969964 -0.0032863818975738088 0.00012884654061759868 -0.0084410987385324827 0.016584793327671432 -0.019026010327686284 0.018559559587566336 -0.00071381015637347477 0.023267481233650331 -0.018482090853011758 -0.039095405019304794 0.0076073510726504838 -0.0083000915224431156 -0.00466819873422 -0.06277647851246787 0.0074264439241352792 -0.019942784245318559 0.0033719564213609767
leaf_weight=3.155660167336463 8.6158541440963763 3.9568576961755779 6.4955613911151859 4.2862903624773017 8.6316404193639737 4.3466515690088263 3.7311026453971925 3.8235792219638851 10.012364223599436 5.5445228815078726 5.7411096692085257 4.2129205465316764 2.6605441346764556 4.4452291131019601 2.5392881035804749 3.6966859474778175 2.0937344729900387 2.932623326778411 2.1123281195759751 2.5093019604682922 1.2650593668222425 3.7726509645581245 3.4999492019414902 3.2729244604706764
leaf_count=15 36 16 32 18 41 19 22 20 42 24 24 22 20 25 20 39 21 19 31 15 30 31 27 28
internal_value=-8.75178e-05 0.00987901 0.00545668 -0.00328125 -0.000185736 0.00278258 -0.00733165 0.000693427 -0.00108212 0.00233371 0.00612596 -0.00896025 -0.00743759 0.0135571 0.00800482 -0.010756 -0.0101834 -0.0128334 -0.00930694 -0.0132252 -0.0287052 -0.00393752 -0.00759267 -0.000117215
internal_weight=107.354 26.0528 17.4369 81.3016 46.0828 37.4512 35.2188 33.1046 28.8183 21.298 15.7535 32.0631 27.8502 13.4801 6.98452 7.52027 25.1897 17.6859 15.5922 12.6596 3.37739 7.50375 9.28218 5.78223
internal_count=637 129 93 508 227 186 281 167 149 90 66 266 244 77 45 59 224 171 150 131 61 53 70 43
is_linear=0
shrinkage=0.06


Tree=44
num_leaves=28
num_cat=0
split_feature=0 0 0 0 0 0 0 0 0 0 0 0 0 0 0 0 0 0 0 0 0 0 0 0 0 0 0
split_gain=0.884196 1.31735 1.28576 0.457234 1.52434 0.383345 0.645325 0.240759 0.3841 0.208078 0.230309 0.255251 0.781489 0.329934 0.251908 0.200935 0.149546 0.133843 0.572317 0.233942 0.268469 0.261961 0.136027 0.400999 0.157177 0.239434 0.000397596
threshold=8.0399999500000003 8.505000100000002 8.7950000500000005 7.9549999000000007 7.8200002000000017 7.674999950000001 7.4399998000000007 5.6549999500000006 5.5850000500000005 4.3499999000000011 5.5150001000000008 5.3100002000000011 5.3950000000000005 5.0150001000000008 4.7449999000000007 5.1849999500000008 9.619999850000001 7.0850000500000005 6.9349999500000008 6.8100002000000011 6.5850000500000005 6.3950000000000005 5.8550000000000013 6.0350001000000004 6.0850000500000005 6.1649999500000012 5.7950001000000011
decision_type=10 8 8 8 8 8 10 10 8 10 10 10 10 8 10 10 10 10 8 8 8 8 10 10 8 10 10
left_child=3 -2 -3 4 5 6 7 8 9 -1 11 13 -13 14 -11 -15 -4 18 19 20 21 22 26 -24 -25 -26 -9
right_child=1 2 16 -5 -6 -7 -8 17 -10 10 -12 12 -14 15 -16 -17 -18 -19 -20 -21 -22 -23 23 24 25 -27 -28
leaf_value=0.0086301785951813006 0.042223861961314238 -0.025798649152786641 0.022617105608496356 -0.016635482737587033 0.039238313809926262 -0.021827968983013344 0.017042700577708157 0.0076696256048595594 -0.028999323840673809 -0.0045357242564812309 0.010719939712539 -0.063893089736128811 -0.0022249350634141046 0.01537435893089965 -0.028769206143226988 -0.0063021244026986592 0.0053175568090754006 -0.0078816337159408698 0.022012634189612901 -0.015340857774331933 0.012035146739067968 -0.018993179039556912 -0.016951626254684611 0.014632648330286973 -0.011641112097447301 0.0094774783243766862 0.006701379518658318
leaf_weight=3.1671946048736634 4.1110929101705525 3.8260449767112723 5.1444918066263208 7.4200439751148215 3.2425905913114539 3.6104668676853171 6.0160970240831366 3.0870086401701071 2.8548062518239012 3.1086354553699502 2.0728538930416098 1.2005090676248067 1.9276336021721361 2.6849837824702272 3.0685482546687126 3.6085433512926102 2.7661527395248413 8.2570942193269712 4.0042572170495978 4.1327267289161673 5.3815879374742499 3.1226142197847357 5.2426933124661472 3.1166869103908512 3.9571641832590112 3.7776863425970078 3.0207879990339279
leaf_count=15 18 19 28 36 14 15 25 26 23 16 15 21 36 20 30 27 22 36 17 17 23 19 31 13 19 35 21
internal_value=-8.50177e-05 0.012995 0.00275682 -0.00236084 -0.00109483 -0.00272108 -0.00182296 -0.00342617 -0.00835949 -0.00553196 -0.00807016 -0.0105671 -0.0258918 -0.00672305 -0.0165738 0.00294563 0.0165679 -0.000944471 0.000530196 -0.00193891 -0.000135157 -0.0027214 -0.000432843 -0.00332601 0.00325691 -0.00132683 0.00719075
internal_weight=106.931 15.8478 11.7367 91.0832 83.6632 80.4206 76.8101 70.794 23.6937 20.8389 17.6717 15.5989 3.12814 12.4707 6.17718 6.29353 7.91064 47.1003 38.8432 34.839 30.7062 25.3246 22.202 16.0942 10.8515 7.73485 6.1078
internal_count=637 87 69 550 514 500 485 460 203 180 165 150 57 93 46 47 50 257 221 204 187 164 145 98 67 54 47
is_linear=0
shrinkage=0.06


Tree=45
num_leaves=25
num_cat=0
split_feature=0 0 0 0 0 0 0 0 0 0 0 0 0 0 0 0 0 0 0 0 0 0 0 0
split_gain=0.785493 1.17912 1.13359 0.406851 1.36168 0.337421 0.57072 0.22039 0.30388 0.230949 0.478445 0.416642 0.307831 0.221404 0.481684 0.53121 0.217232 0.254238 0.222308 0.153659 0.67261 0.134982 0.113592 0.000343505
threshold=8.0399999500000003 8.505000100000002 8.7950000500000005 7.9549999000000007 7.8200002000000017 7.674999950000001 7.4399998000000007 5.9449999500000006 6.0450001000000011 5.0450001000000011 5.2149999000000014 4.4600000500000005 4.8750000000000009 5.3100002000000011 5.8550000000000013 5.6549999500000006 6.5000000000000009 7.0850000500000005 6.8650000000000011 5.5300000000000002 5.4349999500000008 9.619999850000001 6.1849999500000008 5.7950001000000011
decision_type=10 8 10 8 8 8 8 10 10 10 10 10 10 10 8 10 10 10 10 10 10 10 10 10
left_child=3 -2 -3 4 5 6 7 9 -9 11 -11 -1 -13 -12 15 19 22 18 -18 20 -15 -4 -10 -17
right_child=1 2 21 -5 -6 -7 -8 8 16 10 13 12 -14 14 -16 23 17 -19 -20 -21 -22 -23 -24 -25
leaf_value=-0.01421834767987604 0.040085727432003511 -0.023976886045522471 0.021505655607975162 -0.015737877029649024 0.037299369343638117 -0.020471764668673686 0.016014747031892068 0.014940604365954064 -0.0047328842115845222 -0.038181523268596765 0.0075229482740977738 0.024317816257519363 -0.0022148673156659957 -0.0058562332641126334 -0.03835578408533788 0.0071688624533345702 0.00020606691651240807 -0.0074154571574445646 0.015046060340238056 -0.0098779083449403865 -0.06260674108800221 0.0050178868877250081 -0.017750339708176011 0.0062710900036138063
leaf_weight=4.2726886868476885 4.0717803984880421 3.868373304605484 5.0875408202409744 7.3741015791892996 3.2075769752264014 3.6184144020080558 6.0180554091930381 4.2442830801010123 7.1219920814037305 2.0438741743564632 2.9349849373102215 2.9226238876581192 3.4118543639779091 2.0302145183086417 1.9492438808083523 3.1039410829544067 10.014597907662393 8.2498406618833524 5.7037962675094596 4.7180306985974312 1.194017708301544 2.7557949125766754 3.650016725063324 3.0339534431695938
leaf_count=21 18 19 28 36 14 15 25 18 34 21 19 19 28 31 17 26 42 36 24 34 30 22 39 21
internal_value=-8.16824e-05 0.0122728 0.00260317 -0.0022288 -0.00103498 -0.00256745 -0.00172189 -0.00323379 -0.000214892 -0.00695635 -0.0106002 0.000260621 0.0100269 -0.00762768 -0.0104018 -0.00653184 -0.00206647 0.00111427 0.00559111 -0.016777 -0.0268724 0.0157126 -0.00914375 0.00672509
internal_weight=106.602 15.7835 11.7117 90.8181 83.444 80.2364 76.618 70.6 38.9845 31.6154 21.0083 10.6072 6.33448 18.9644 16.0294 14.0802 34.7402 23.9682 15.7184 7.94226 3.22423 7.84334 10.772 6.13789
internal_count=637 87 69 550 514 500 485 460 193 267 199 68 47 178 159 142 175 102 66 95 61 50 73 47
is_linear=0
shrinkage=0.06


Tree=46
num_leaves=26
num_cat=0
split_feature=0 0 0 0 0 0 0 0 0 0 0 0 0 0 0 0 0 0 0 0 0 0 0 0 0
split_gain=0.697958 1.05572 0.999968 0.361821 1.21664 0.297052 0.50494 0.20068 0.225703 0.173229 0.174841 0.224897 0.197366 0.148339 0.385899 0.225109 0.214234 0.222671 0.223349 0.319246 0.219726 0.129443 1.85414 0.121755 0.107323
threshold=8.0399999500000003 8.505000100000002 8.7950000500000005 7.9549999000000007 7.8200002000000017 7.674999950000001 7.4399998000000007 6.0350001000000004 4.3499999000000011 6.1150000000000011 6.5000000000000009 7.0850000500000005 6.8650000000000011 5.0150001000000008 5.1849999500000008 4.7449999000000007 5.3950000000000005 5.8550000000000013 5.7550001000000011 5.5850000500000005 5.2850001000000004 5.5300000000000002 5.4449999500000006 9.619999850000001 6.1849999500000008
decision_type=10 8 10 8 8 8 8 10 10 10 10 10 10 10 10 10 10 8 10 10 10 10 10 10 10
left_child=3 -2 -3 4 5 6 7 8 -1 -9 24 12 -12 15 -15 -10 20 18 19 21 -16 22 -18 -4 -11
right_child=1 2 23 -5 -6 -7 -8 9 13 10 11 -13 -14 14 16 -17 17 -19 -20 -21 -22 -23 -24 -25 -26
leaf_value=0.0089849183244951718 0.0380643544030548 -0.0223072137572813 0.020440931819307458 -0.014885062928413064 0.035460497442096936 -0.019206449632449475 0.015050946014508354 0.011398982813203003 -0.004900976389412592 -0.002471356814122601 0.00019369477322897711 -0.0069766364563907564 0.014190843202669735 0.015765988262034222 -0.0091913949247038225 -0.027899171599108291 0.052580531846844358 -0.015896763564631908 0.0099188487414968059 -0.017525868268237686 -0.035645212282667711 0.016965377355898821 -0.062429768201933432 0.0047341060752223709 -0.016928827846821277
leaf_weight=3.1602088809013358 4.0319732427597019 3.9071876257658005 5.0331036895513535 7.3301851451396933 3.1725733727216712 3.6251670122146598 6.0191829204559317 4.3007225543260565 3.1154630780220058 3.8001642227172878 10.01498603820801 8.2428399920463544 5.6852721124887458 2.6699726656079319 2.8368258625268963 3.0148673579096794 1.0109910182654882 5.1620536297559729 4.3483851999044409 4.5962279811501503 1.8790441900491712 1.9098063856363294 1.0075281113386152 2.7460385262966156 3.5991177335381508
leaf_count=15 18 19 28 36 14 15 25 18 16 20 42 36 24 20 22 30 13 31 30 40 26 11 27 22 39
internal_value=-7.90556e-05 0.0115914 0.00245782 -0.00210598 -0.000979716 -0.00242485 -0.00162829 -0.00305529 -0.00630249 0.000107028 -0.00144243 0.00104879 0.00526225 -0.0078337 -0.00581339 -0.0162114 -0.00834588 -0.0053686 -0.0011468 -0.00679139 -0.019732 0.00576818 -0.00482596 0.0148964 -0.00950368
internal_weight=106.22 15.7183 11.6863 90.5016 83.1714 79.9988 76.3737 70.3545 34.7114 35.6431 31.3424 23.9431 15.7003 31.5512 25.4208 6.13033 22.7509 18.035 12.8729 8.52455 4.71587 3.92833 2.01852 7.77914 7.39928
internal_count=637 87 69 550 514 500 485 460 281 179 161 102 66 266 220 46 200 152 121 91 48 51 40 50 59
is_linear=0
shrinkage=0.06


Tree=47
num_leaves=27
num_cat=0
split_feature=0 0 0 0 0 0 0 0 0 0 0 0 0 0 0 0 0 0 0 0 0 0 0 0 0 0
split_gain=0.620236 0.945409 0.88249 0.321647 1.08713 0.26159 0.457615 0.184714 0.141612 0.22029 0.256126 0.300487 0.207204 0.204947 0.163459 0.274909 0.279547 0.397354 0.109748 0.105172 0.220499 0.13273 0.167958 0.300459 0.114164 0.0165545
threshold=8.0399999500000003 8.505000100000002 8.7950000500000005 7.9549999000000007 7.8200002000000017 7.674999950000001 7.0150001000000008 7.4849999000000009 4.3499999000000011 5.0150001000000008 5.1849999500000008 5.3950000000000005 4.7449999000000007 5.2850001000000004 6.8100002000000011 6.6600001000000004 6.5600002000000011 6.3650000000000011 9.619999850000001 6.1549999500000006 6.0550000500000012 5.5850000500000005 5.7550001000000011 5.8550000000000013 5.5300000000000002 7.2950001000000011
decision_type=10 8 10 8 8 8 10 8 10 10 10 10 10 10 10 8 8 8 10 8 8 10 8 10 10 10
left_child=3 -2 -3 4 5 6 8 25 -1 12 -11 13 -10 -12 15 16 17 19 -4 20 21 24 -23 -24 -13 -8
right_child=1 2 18 -5 -6 -7 7 -9 9 10 11 14 -14 -15 -16 -17 -18 -19 -20 -21 -22 22 23 -25 -26 -27
leaf_value=0.0084149874171252394 0.036149891554937218 -0.020773240900451278 0.019421353779696227 -0.014075014827747326 0.033713766557324866 -0.01802472894465524 0.0097206839486957252 -0.0021042981982844649 -0.0046178057525934806 0.014669318424893808 -0.0086940081165248519 -0.0046522155111391149 -0.026817056334262551 -0.034491119541260516 -0.011586072725213475 0.015952163347156642 -0.020124857223626082 0.020890940687546489 0.0044654789148702249 -0.012136192537314868 0.009988427732208956 -0.016691592080920248 0.0092623058938089628 -0.010879850513099757 0.015794678554065852 0.014406828975296595
leaf_weight=3.171428069472312 3.992023512721059 3.9428159892559052 4.9811313599348068 7.2882572114467612 3.1378188282251349 3.6308804154396048 5.8802327364683116 4.9343723207712182 3.1083444058895102 2.6965468972921363 2.819717362523078 2.0060796737671036 2.9503499045968056 1.8270214386284349 6.4770593494176856 3.0659863948822013 3.0542259514331809 2.7005784064531317 2.7368497848510742 4.0577763617038718 4.6893018484115592 4.5382274091243717 4.3763193637132645 6.8223035410046577 1.9277020096778867 5.0398427546024323
leaf_count=15 18 19 28 36 14 15 26 20 16 20 22 40 30 26 27 13 13 20 22 35 21 40 30 38 11 22
internal_value=-7.71279e-05 0.010948 0.0023203 -0.00199037 -0.000928088 -0.00229068 -0.00154041 0.00753004 -0.0039257 -0.00461091 -0.00332735 -0.00433079 -0.015428 -0.018837 -0.00278886 -0.00125872 -0.00280289 -0.00110276 0.0141179 -0.00319285 -0.00170311 -0.00449027 -0.00695445 -0.00300848 0.00536754 0.0118834
internal_weight=105.853 15.6528 11.6608 90.2004 82.9121 79.7743 76.1434 15.8544 60.289 57.1175 51.0588 48.3623 6.05869 4.64674 43.7156 37.2385 34.1725 31.1183 7.71798 28.4177 24.3599 19.6706 15.7369 11.1986 3.93378 10.9201
internal_count=637 87 69 550 514 500 485 68 417 402 356 336 46 48 288 261 248 235 50 215 180 159 108 68 51 48
is_linear=0
shrinkage=0.06


Tree=48
num_leaves=24
num_cat=0
split_feature=0 0 0 0 0 0 0 0 0 0 0 0 0 0 0 0 0 0 0 0 0 0 0
split_gain=0.55109 0.849955 0.955801 0.241411 0.27674 0.258935 0.253092 0.384948 0.206323 0.437161 0.274326 0.231555 0.191861 0.38334 0.331541 0.168698 0.315783 0.165749 0.280125 0.174794 0.152424 0.134277 0.0999326
threshold=8.2349996500000007 7.9549999000000007 7.8200002000000017 5.9449999500000006 6.0450001000000011 6.1649999500000012 7.4849999000000009 7.4399998000000007 5.0450001000000011 4.4600000500000005 4.8750000000000009 5.3950000000000005 6.5600002000000011 6.7299998000000008 7.0850000500000005 8.8850002000000021 9.7150001500000016 5.5850000500000005 5.6549999500000006 5.7950001000000011 5.2550001000000011 6.3650000000000011 5.5300000000000002
decision_type=10 10 10 8 8 8 10 8 10 8 8 10 10 10 10 8 10 10 8 10 10 10 10
left_child=1 2 3 8 -5 -6 7 12 9 -1 -11 20 21 -14 -15 -2 -17 22 -19 -20 -10 -7 -13
right_child=15 -3 -4 4 5 6 -8 -9 11 10 -12 17 13 14 -16 16 -18 18 19 -21 -22 -23 -24
leaf_value=-0.014029250205754079 0.017514575767509144 -0.032007950097296019 0.032052390954292104 0.015299548252884012 -0.012279561971569701 0.0015263716350702461 -0.0083177655030688812 0.015968219554349336 -0.009956507694781529 0.02433787378848767 -0.00085294493825671853 -0.0043912555260362928 -0.017849620423486458 0.0091412566037210874 -0.0072753338751775686 -0.0056013666980756233 0.021374754694902902 -0.026023501757422175 0.0074734641709928622 -0.010720602886853966 -0.029149873548099049 0.019463460412436039 0.014715920558421384
leaf_weight=4.2630959451198587 7.1242457330226872 3.2263786792755118 3.1035103350877753 4.2354928553104392 6.0790110975503913 3.3504310846328762 8.5692119002342206 6.8316130340099326 2.9912572652101543 2.9145434200763711 3.3394022732973099 1.99803277850151 4.6209726929664638 9.5698028504848498 8.243646025657652 4.2694988846778879 2.4636064469814301 2.7122098878025982 3.0895000472664833 4.9412685334682465 2.9670305401086807 2.723970964550972 1.9443370550870893
leaf_count=21 35 13 14 18 28 31 35 35 27 19 28 40 20 40 36 25 20 23 26 38 34 20 11
internal_value=-7.36299e-05 -0.00175866 -0.000655743 -0.0018446 0.000573906 -0.000673784 0.000932962 0.00317604 -0.00605314 0.000787049 0.0108868 -0.00953793 0.000110634 -0.0024506 0.00154404 0.0110787 0.00426905 -0.00549027 -0.00935172 -0.0037212 -0.0195142 0.00956998 0.00503221
internal_weight=105.572 91.7147 88.4883 85.3848 54.2242 49.9887 43.9096 35.3404 31.1607 10.517 6.25395 20.6436 28.5088 22.4344 17.8134 13.8574 6.73311 14.6853 10.743 8.03077 5.95829 6.0744 3.94237
internal_count=637 557 544 530 263 245 217 182 267 68 47 199 147 96 76 80 45 138 87 64 61 51 51
is_linear=0
shrinkage=0.06


Tree=49
num_leaves=26
num_cat=0
split_feature=0 0 0 0 0 0 0 0 0 0 0 0 0 0 0 0 0 0 0 0 0 0 0 0 0
split_gain=0.513854 0.893324 0.817458 0.305973 0.864467 0.220602 0.443968 0.15566 0.224123 0.449477 0.386396 0.29602 0.237751 0.201442 0.660915 0.289415 0.133932 0.189692 0.168964 0.34047 0.293182 0.148977 0.117145 0.114342 0.0650804
threshold=8.0399999500000003 8.505000100000002 8.7950000500000005 7.9549999000000007 7.8200002000000017 7.674999950000001 7.4399998000000007 5.815000050000001 5.0450001000000011 5.2149999000000014 4.4600000500000005 5.3100002000000011 4.8750000000000009 5.5300000000000002 5.3950000000000005 5.7149999000000014 6.0450001000000011 6.1649999500000012 6.5600002000000011 6.7299998000000008 7.0850000500000005 5.9449999500000006 6.3650000000000011 9.619999850000001 5.5950000500000012
decision_type=10 8 8 8 8 8 8 10 10 10 10 10 10 8 10 10 10 10 10 10 10 10 10 10 10
left_child=3 -2 -3 4 5 6 7 8 10 -10 -1 -11 -12 14 -13 24 21 -18 22 -20 -21 -9 -19 -4 -15
right_child=1 2 23 -5 -6 -7 -8 16 9 11 12 13 -14 15 -16 -17 17 18 19 20 -22 -23 -24 -25 -26
leaf_value=-0.013269290228077652 0.034684754853054584 -0.020550678583730341 0.018509379914572497 -0.013595288434157244 0.03047052096031105 -0.016411686259718221 0.014371706462998093 -0.0023852078540276137 -0.037195317330517105 0.010551704492007645 0.022570820855505592 -0.06328769709293848 -0.00080224003623450646 -0.005245706051608341 -0.004143982798919795 -0.020037282020188976 -0.011590918006437131 0.0014331643339614058 -0.016860152019257085 0.0085989279529287595 -0.00684474153807878 0.014330464777317484 0.018146193375722045 0.0031364101584151704 0.0077266516806233764
leaf_weight=4.2376251965761202 3.9411308914422962 3.9479801058769217 4.9349703639745721 7.2897074818611136 3.0698087066411963 3.6377304792404166 6.0031753778457633 3.5001805275678626 1.9904888719320322 2.8502864092588416 2.9529159963130951 1.0332940556108927 3.3375107571482658 2.5163553953170776 1.9904622063040731 3.5002002120018005 6.0545439571142188 3.3541095480322864 4.5993175357580212 9.5631703585386294 8.2367274314165098 4.2501288652420044 2.7457071840763092 2.6918570697307587 3.1165702864527702
leaf_count=21 18 19 28 36 14 15 25 28 21 19 19 21 28 15 40 27 28 31 20 40 36 18 20 22 28
internal_value=-7.06147e-05 0.0100123 0.00161146 -0.00181218 -0.000771536 -0.00197836 -0.00128599 -0.00263207 -0.00614395 -0.0104049 0.000735366 -0.00685151 0.0101698 -0.0109318 -0.0243549 -0.0064878 -0.000346999 -0.00194588 0.000103185 -0.00230769 0.00145252 0.00678136 0.00895619 0.0130836 0.00193161
internal_weight=105.346 15.5159 11.5748 89.83 82.5403 79.4705 75.8328 69.8296 27.5257 16.9977 10.5281 15.0072 6.29043 12.1569 3.02376 9.13313 42.3039 34.5536 28.499 22.3992 17.7999 7.75031 6.09982 7.62683 5.63293
internal_count=637 87 69 550 514 500 485 460 239 171 68 150 47 131 61 70 221 175 147 96 76 46 51 50 43
is_linear=0
shrinkage=0.06


Tree=50
num_leaves=25
num_cat=0
split_feature=0 0 0 0 0 0 0 0 0 0 0 0 0 0 0 0 0 0 0 0 0 0 0 0
split_gain=0.470211 0.22899 1.26382 0.195973 0.17007 0.241479 0.253542 0.212843 0.168268 0.16271 0.349527 0.357266 0.229398 0.36416 0.249151 0.179906 0.152105 0.197283 0.253258 0.209036 0.121992 0.0731701 0.085466 0.662929
threshold=8.6349997500000004 8.505000100000002 8.0399999500000003 9.2449999000000016 6.0350001000000004 7.674999950000001 7.4399998000000007 4.3499999000000011 6.1150000000000011 5.0150001000000008 5.2550001000000011 5.3950000000000005 5.9050000000000011 5.815000050000001 5.7149999000000014 4.7449999000000007 6.5000000000000009 6.8100002000000011 7.0150001000000008 7.2200000000000015 6.1849999500000008 5.6250000000000009 5.5550000500000012 5.4549999000000007
decision_type=10 8 8 8 10 10 8 10 10 10 8 10 8 10 10 10 10 10 10 8 10 10 10 10
left_child=1 2 4 -2 7 6 8 -1 -6 15 -11 -12 13 14 21 -9 20 -18 -19 -20 -10 22 23 -13
right_child=3 -3 -4 -5 5 -7 -8 9 16 10 11 12 -14 -15 -16 -17 17 18 19 -21 -22 -23 -24 -25
leaf_value=0.0096155097044508323 0.020905462244298689 -0.011059556629113324 0.032941259928872105 0.0034856794212284282 0.011308013638562694 -0.0091795650722434827 0.013509264372707547 -0.0055898970679730325 -0.0013500890759862178 0.011027024897477537 -0.027529228445873719 0.037869382660755298 -0.017097883555136327 0.019059589880352498 -0.019103104524608314 -0.026301178949690463 0.0089752302081960895 -0.0119593625829684 0.012813256881916705 -0.0047546848043198897 -0.016806596638374784 0.0092233342458048415 -0.010765760067378069 -0.023985279680399728
leaf_weight=3.1477708965539923 4.9845832288265202 7.9704977869987479 3.9019701182842246 4.3573053181171426 4.2976243793964377 8.1702412813901883 6.0032326877117148 3.1270165145397213 3.7646114379167583 4.2619415298104313 2.8598195984959629 1.1555455029010793 4.1221846640110007 2.6419663056731215 3.4525844007730484 2.9195072501897812 7.5681125223636654 6.4748355299234417 4.5158719122409794 5.2998145669698724 3.5925328209996223 2.3158352226018906 2.7996760606765747 1.3554488271474836
leaf_count=15 26 40 18 33 18 35 25 16 20 34 34 16 22 20 27 30 32 27 20 23 39 22 18 27
internal_value=-6.82786e-05 -0.00132228 -0.000437803 0.0127804 -0.00199117 0.000249392 0.00210496 -0.00525022 0.000177159 -0.00675914 -0.00462027 -0.00784142 -0.00468597 -0.000957086 -0.00573035 -0.0155901 -0.00135528 0.000970497 -0.00274827 0.00332774 -0.00889758 0.000323616 -0.0035573 0.00447989
internal_weight=105.061 95.7186 87.7481 9.34189 83.8462 49.6869 41.5166 34.1593 35.5134 31.0115 24.965 20.7031 17.8432 13.7211 11.0791 6.04652 31.2158 23.8586 16.2905 9.81569 7.35714 7.62651 5.31067 2.51099
internal_count=637 578 538 59 520 239 204 281 179 266 220 186 152 130 110 46 161 102 70 43 59 83 61 43
is_linear=0
shrinkage=0.06


Tree=51
num_leaves=25
num_cat=0
split_feature=0 0 0 0 0 0 0 0 0 0 0 0 0 0 0 0 0 0 0 0 0 0 0 0
split_gain=0.418364 0.230349 0.778608 0.19404 0.307114 0.20759 0.239879 0.321687 0.285441 0.393031 0.237541 0.188581 0.176331 0.147458 0.645127 0.489317 0.226883 0.250784 0.686828 0.223144 0.188712 0.255111 0.0596863 0.0114041
threshold=8.6349997500000004 7.9549999000000007 7.8200002000000017 6.0350001000000004 6.0450001000000011 6.1649999500000012 7.4849999000000009 7.0500002000000004 6.6150000000000011 6.5000000000000009 6.2449999000000007 4.3499999000000011 9.2449999000000016 4.9349999500000008 5.0450001000000011 5.2149999000000014 5.3100002000000011 5.5300000000000002 5.4349999500000008 5.8550000000000013 5.7550001000000011 5.6350000000000007 6.8650000000000011 7.2950001000000011
decision_type=10 10 10 8 10 10 10 10 10 10 10 10 8 10 10 10 10 10 10 10 10 10 8 10
left_child=1 2 3 11 -5 -6 7 8 9 10 -7 -1 -2 -13 -15 -16 -17 18 -18 20 21 -19 -10 -9
right_child=12 -3 -4 4 5 6 -8 23 22 -11 -12 13 -14 14 15 16 17 19 -20 -21 -22 -23 -24 -25
leaf_value=0.0090029112929941434 0.019857576037537336 -0.011287733622366366 0.0294176757652761 0.012840995301028972 -0.011261422729885697 0.010693000978464774 -0.0081156256549123409 0.0099220274076530519 -0.010868767252895629 0.023768589582008205 -0.016663835582701878 -0.015895810102585953 0.0032843988787850916 0.025079007856670922 -0.036381031863503881 0.010799908437946348 -0.0018928344402627578 0.0037697997341675695 -0.062292173693457055 -0.014727896935695943 0.010180970941034161 -0.020710512828158473 -0.0020990140913295248 0.013933104053004746
leaf_weight=3.159854292869567 4.9343484491109821 7.5744102001190177 3.0468666255474082 6.7224915027618399 6.03821937739849 2.1791504770517411 8.5843172222375852 5.1920841485261899 6.7928984016180012 3.1937327235937119 2.4022650793194771 4.9327906370162991 4.3472004830837259 2.3965643942356136 1.9500121921300912 2.8420935124158886 1.8999036327004462 3.8239517658948881 1.0536614209413526 5.0973341166973105 4.3356850892305374 2.5573984906077385 4.7457052916288385 5.0179735720157623
leaf_count=15 26 34 14 34 28 18 35 23 29 13 27 35 33 18 21 19 31 25 30 31 30 26 20 22
internal_value=-6.62628e-05 -0.00124774 -0.00038322 -0.00145248 0.000894042 -0.000925209 0.00071256 0.00327944 -0.00127425 0.00761159 -0.00365156 -0.00495813 0.0120952 -0.00638628 -0.00457909 -0.00759596 -0.0049985 -0.00739091 -0.0234398 -0.00439354 0.000521784 -0.00604096 -0.00726186 0.0118934
internal_weight=104.821 95.5394 87.965 84.9181 50.8688 44.1463 38.1081 29.5238 19.3138 7.77515 4.58142 34.0492 9.28155 30.8894 25.9566 23.56 21.61 18.7679 2.95357 15.8144 10.717 6.38135 11.5386 10.2101
internal_count=637 578 544 530 249 215 187 152 107 58 45 281 59 266 231 213 192 173 61 112 81 51 49 45
is_linear=0
shrinkage=0.06


Tree=52
num_leaves=27
num_cat=0
split_feature=0 0 0 0 0 0 0 0 0 0 0 0 0 0 0 0 0 0 0 0 0 0 0 0 0 0
split_gain=0.385333 0.656914 0.695635 0.204625 0.331155 0.178452 0.558218 0.977325 0.820552 0.144465 0.271808 0.358381 0.257954 0.247852 0.141101 0.480991 0.164645 0.285325 0.290111 0.185517 0.146628 0.279731 0.126502 0.167442 0.247729 0.0828427
threshold=8.2649999000000012 7.9549999000000007 7.8200002000000017 8.8850002000000021 9.7150001500000016 7.674999950000001 7.5699999000000009 7.4849999000000009 7.3350000500000005 4.4600000500000005 5.0450001000000011 5.3950000000000005 5.2149999000000014 4.8750000000000009 7.1849999500000008 7.0150001000000008 6.8100002000000011 6.5850000500000005 6.3950000000000005 6.1649999500000012 6.1150000000000011 6.0550000500000012 5.8550000000000013 5.7550001000000011 5.5850000500000005 5.5300000000000002
decision_type=10 10 10 8 10 10 8 8 8 10 10 8 10 10 8 8 8 10 8 8 8 8 10 10 10 10
left_child=1 2 5 -2 -5 6 7 8 9 -1 13 12 -12 -11 15 16 17 18 19 20 21 22 23 24 25 -13
right_child=3 -3 -4 4 -6 -7 -8 -9 -10 10 11 14 -14 -15 -16 -17 -18 -19 -20 -21 -22 -23 -24 -25 -26 -27
leaf_value=-0.013026780669073697 0.017331705833023365 -0.025578150042279296 0.027959207821530562 -0.0079571672484126128 0.019960847350302985 -0.01435923644707957 0.014793364559290817 -0.034857552212003075 0.029525661963438102 0.022985630836519617 -0.035228539359276355 -0.0027354903608571403 -0.0081410716261555612 -0.00092327573433082053 -0.011810085726611304 0.020657334749498487 -0.010918978671271166 0.012251403506585119 -0.020139233413422906 0.011751219923492524 -0.015855157999751669 0.017388766857536288 -0.010174608686368283 0.0095053599934868255 -0.014752487409874421 0.014790142356596344
leaf_weight=4.2243586331605902 6.3355483114719364 3.8845521509647361 3.0144736021757117 4.1896632090210923 2.4090369045734406 3.6448192596435538 7.5110302567481986 3.1906083524227133 3.0514772832393637 2.9401666298508635 1.8946975097060192 1.9407761804759665 3.8119820579886436 3.3273532539606094 4.2064600735902777 3.6245442926883689 6.4756013303995124 5.3604326844215384 3.1038390994071952 3.6789884716272345 2.7114940583705893 2.6061716824769965 6.7574240565299979 4.3643010407686225 4.4061874002218246 1.9431375712156294
leaf_count=21 32 16 14 25 20 15 37 13 14 19 21 40 40 28 18 16 27 23 19 35 14 11 38 30 40 11
internal_value=-6.49861e-05 -0.00143281 -0.000364424 0.00962982 0.00223507 -0.00137156 -0.000788088 -0.00237777 -0.000906369 -0.0022846 -0.00156606 -0.00287261 -0.0171345 0.0102927 -0.00128236 -0.000339598 -0.00209524 -0.000545616 -0.00272247 -0.000819553 -0.0026897 -0.00106838 -0.00354639 -6.92762e-06 -0.00501465 0.00603265
internal_weight=104.609 91.6749 87.7903 12.9342 6.5987 84.7759 81.131 73.62 70.4294 67.3779 63.1536 56.886 5.70668 6.26752 51.1794 46.9729 43.3484 36.8728 31.5123 28.4085 24.7295 22.018 19.4118 12.6544 8.2901 3.88391
internal_count=637 560 544 77 45 530 515 478 465 451 430 383 61 47 322 304 288 261 238 219 184 170 159 121 91 51
is_linear=0
shrinkage=0.06


Tree=53
num_leaves=23
num_cat=0
split_feature=0 0 0 0 0 0 0 0 0 0 0 0 0 0 0 0 0 0 0 0 0 0
split_gain=0.357142 0.202611 0.252843 0.21259 0.2494 0.45478 0.202684 0.201671 0.305205 0.192965 0.150712 0.371835 0.314536 0.174508 0.14956 0.25714 0.191239 0.133546 0.0987012 0.0724483 0.0206767 0.00867835
threshold=9.360000150000003 5.9449999500000006 6.0450001000000011 6.5000000000000009 8.505000100000002 8.2649999000000012 7.4849999000000009 7.0500002000000004 6.8100002000000011 4.3499999000000011 5.0150001000000008 5.2550001000000011 5.3950000000000005 4.7449999000000007 5.5850000500000005 5.6549999500000006 5.7950001000000011 7.7049999000000007 6.1849999500000008 5.5300000000000002 7.9049999500000006 7.2950001000000011
decision_type=10 8 8 8 10 8 10 10 10 10 10 10 10 10 10 8 10 8 10 10 10 10
left_child=1 9 -3 18 5 6 7 8 -5 -1 13 -12 -13 -11 19 -16 -17 -8 -4 -14 -19 -9
right_child=-2 2 3 4 -6 -7 17 21 -10 10 11 12 14 -15 15 16 -18 20 -20 -21 -22 -23
leaf_value=0.0092589389342229832 0.018730064325466866 0.015280207257593615 -0.003545851542739236 0.0080228678849041495 -0.0082539230439589786 0.01707822323084527 -0.011493694044987618 0.0089124635064905776 -0.009255269540207155 -0.0049796717018826854 0.011944369414307347 -0.026377810298239605 -0.0025776242430488815 -0.025492494064659126 -0.024338994409548859 0.0091379113550984145 -0.010042141756998873 0.0028095578480312835 -0.015831972116606145 0.013788828296249837 -0.0028463763064520415 0.012418462189665873
leaf_weight=3.1548069119453457 3.5180546492338172 4.2281540036201468 7.0532997995614988 7.5876093804836291 7.8826411366462699 7.273236781358718 6.1350084990262959 5.2007360458374006 7.1473300606012344 3.1084826588630703 4.2015705332160023 2.7969445846974876 1.9362080991268151 2.8728906065225601 2.6352615952491734 3.0314623489975938 4.8906708434224129 4.5346260964870453 3.5330435782670975 1.9586887359619138 4.7793422341346741 4.971057340502739
leaf_count=15 29 18 34 32 40 38 25 23 30 16 34 34 40 30 23 26 38 20 39 11 20 22
internal_value=-6.21931e-05 -0.000717333 0.00105571 0.000145799 0.00163177 0.00326786 0.000778843 0.00412773 -0.000358066 -0.00479395 -0.00641008 -0.00406167 -0.00796043 -0.0148321 -0.00439612 -0.00810344 -0.00270275 -0.0046202 -0.00764617 0.00565283 -9.27115e-05 0.0106259
internal_weight=104.431 100.913 70.3261 66.0979 55.5116 47.6289 40.3557 24.9067 14.7349 30.587 27.4322 21.4508 17.2492 5.98137 14.4523 10.5574 7.92213 15.449 10.5863 3.8949 9.31397 10.1718
internal_count=637 608 341 323 250 210 172 107 62 267 252 206 172 46 138 87 64 65 73 51 40 45
is_linear=0
shrinkage=0.06


Tree=54
num_leaves=28
num_cat=0
split_feature=0 0 0 0 0 0 0 0 0 0 0 0 0 0 0 0 0 0 0 0 0 0 0 0 0 0 0
split_gain=0.341886 0.297909 1.1749 0.185782 0.165088 0.317145 0.833771 0.696191 0.117933 0.465192 0.138387 0.27301 0.231356 0.217179 0.139673 0.181677 0.264614 0.160263 0.150918 0.137719 0.310325 0.139112 0.132015 0.0914598 0.144105 0.578991 0.0051598
threshold=8.6349997500000004 8.505000100000002 8.0399999500000003 9.2449999000000016 7.8650000000000011 7.5699999000000009 7.4849999000000009 7.3350000500000005 7.0850000500000005 6.9349999500000008 6.8100002000000011 6.5850000500000005 6.3950000000000005 6.1649999500000012 4.3499999000000011 5.0150001000000008 5.1849999500000008 4.7449999000000007 5.3950000000000005 6.0450001000000011 5.9449999500000006 5.7149999000000014 5.815000050000001 5.5950000500000012 5.5550000500000012 5.4549999000000007 5.2650001000000008
decision_type=10 8 8 8 8 10 8 8 8 8 8 10 8 8 10 10 10 10 10 8 8 10 10 10 10 10 10
left_child=1 2 4 -2 5 6 7 8 9 10 11 12 13 14 -1 17 -17 -16 26 20 21 23 -23 24 25 -20 -18
right_child=3 -3 -4 -5 -6 -7 -8 -9 -10 -11 -12 -13 -14 -15 15 16 18 -19 19 -21 -22 22 -24 -25 -26 -27 -28
leaf_value=0.0086705212872132884 0.018990643166280612 -0.012152090473785647 0.032246094157660943 0.001862016712217729 -0.014471166399140034 0.011741047422046746 -0.032246115702360634 0.027445426158455223 -0.0099083440170676107 0.018682757377351068 -0.013247931893559143 0.010984597714816757 -0.019185903246735664 0.011798821850857632 -0.0046920556064745716 0.015491601870074345 -0.012421462166150804 -0.024463870378446315 0.036236259672427225 -0.010402373993845844 0.014312617489202832 -0.018656999807026609 -0.0020637081826111198 0.0094986888219828185 -0.016034636709953393 -0.022024784072677269 -0.016577302989758399
leaf_weight=3.1664006263017646 4.8926746845245335 8.0732552707195264 3.8623205721378318 4.2683415338397035 3.4420205354690543 6.4164540469646445 3.174495354294776 3.0050709992647162 6.2698757648468009 3.9361381232738486 4.1115018874406806 5.3837066888809195 3.0758184045553199 3.6751565709710112 3.1013144850730887 2.6527617797255543 2.0089217573404339 2.8158520832657814 1.1718056425452288 5.9966244399547568 4.2426870465278617 3.4252687394618988 3.4794591143727303 3.0554484128952026 1.9807520508766172 1.2901623696088789 2.3147891387343407
leaf_count=15 26 40 18 33 15 27 13 14 27 17 17 23 19 35 16 20 17 30 16 28 18 27 28 28 12 27 31
internal_value=-6.01972e-05 -0.00112628 -0.000103771 0.01101 -0.00160566 -0.00105038 -0.00216958 -0.000808717 -0.00207305 -0.00126618 -0.002645 -0.00181993 -0.00327264 -0.00216969 -0.00343096 -0.0044518 -0.00264602 -0.014101 -0.00430711 -0.00249298 5.07654e-05 -0.00415037 -0.0102952 0.00150816 -0.00398727 0.00570532 -0.0146464
internal_weight=104.289 95.1281 87.0548 9.16102 83.1925 79.7505 73.334 70.1595 67.1544 60.8846 56.9484 52.8369 47.4532 44.3774 40.7022 37.5358 31.6187 5.91717 28.9659 24.6422 18.6456 14.4029 6.90473 7.49817 4.44272 2.46197 4.32371
internal_count=637 578 538 59 520 505 478 465 451 424 407 390 367 348 313 298 252 46 232 184 156 138 55 83 55 43 48
is_linear=0
shrinkage=0.06


Tree=55
num_leaves=25
num_cat=0
split_feature=0 0 0 0 0 0 0 0 0 0 0 0 0 0 0 0 0 0 0 0 0 0 0 0
split_gain=0.316403 0.183772 0.226879 0.357589 0.284821 0.222896 0.168038 0.985793 0.345368 0.537636 0.268089 0.15876 0.113577 0.20353 0.235834 0.159356 0.12209 0.273835 0.129929 0.247974 0.173206 0.0808903 1.90521 0.028552
threshold=9.360000150000003 4.4600000500000005 5.0450001000000011 5.3950000000000005 5.2149999000000014 4.8750000000000009 8.505000100000002 8.0399999500000003 7.9549999000000007 7.5699999000000009 7.4649999000000014 7.0500002000000004 6.8100002000000011 6.5850000500000005 6.3950000000000005 6.1649999500000012 6.0450001000000011 5.9449999500000006 5.5850000500000005 5.6549999500000006 5.7950001000000011 5.5300000000000002 5.4349999500000008 7.2349999000000009
decision_type=10 8 8 8 10 10 10 10 8 10 8 10 8 8 8 8 8 10 10 8 10 10 10 8
left_child=1 -1 5 4 -4 -3 7 8 9 10 11 12 13 14 15 16 17 18 21 -20 -21 22 -5 -13
right_child=-2 2 3 6 -6 -7 -8 -9 -10 -11 -12 23 -14 -15 -16 -17 -18 -19 19 20 -22 -23 -24 -25
leaf_value=-0.012931672135223421 0.017764878183753659 0.02297259715431 -0.034713310436515481 0.056437916055868467 -0.0059836650802705445 0.00018596843361133529 -0.0082761985665034416 0.030620364811273348 -0.013008629429367301 0.014944374938923722 -0.017247550861130709 0.010158039420439564 -0.0087351171411168028 0.01030136384116901 -0.018143414269847894 0.010993413138713338 -0.0098140401268318102 0.01341066427140373 -0.023474428123625685 0.0091485260165807044 -0.0091443473508909384 0.014049039019726111 -0.062135559682320415 0.0036346712782615353
leaf_weight=4.2173922210931769 3.4663194045424452 2.9331580847501746 1.8693273738026608 0.96959821879865093 3.7033015750348568 3.2664226219058037 7.8739359378814688 3.8245278894901267 7.3017271757125846 8.3764672726392728 3.5719964206218711 4.5203994214534733 7.1336994469165793 5.3959400504827491 3.0579620152711859 3.7067288979887953 5.9754177927970877 4.2559265792369834 2.5978817418217632 3.0318340659141549 4.8350103348493576 1.9546065181493757 0.98180827498435974 5.187119498848916
leaf_count=21 29 19 21 10 40 28 40 18 36 36 15 20 30 23 19 35 28 18 23 26 38 11 30 23
internal_value=-5.79687e-05 -0.000672434 -0.000135687 -0.000899413 -0.015621 0.0109668 7.08447e-05 0.000927981 -0.000630741 0.000748003 -0.00133181 -0.000271239 -0.00180678 -0.000462362 -0.00231402 -0.000604099 -0.00235146 4.25225e-05 -0.00391648 -0.00740201 -0.00209439 0.0054217 -0.00321978 0.00667234
internal_weight=104.009 100.542 96.3248 90.1252 5.57263 6.19958 84.5526 76.6787 72.8541 65.5524 57.1759 53.6039 43.8964 36.7627 31.3668 28.3088 24.6021 18.6267 14.3707 10.4647 7.86684 3.90601 1.95141 9.70752
internal_count=637 608 587 540 61 47 479 439 421 385 349 334 291 261 238 219 184 156 138 87 64 51 40 43
is_linear=0
shrinkage=0.06


Tree=56
num_leaves=27
num_cat=0
split_feature=0 0 0 0 0 0 0 0 0 0 0 0 0 0 0 0 0 0 0 0 0 0 0 0 0 0
split_gain=0.299111 0.252789 0.586105 0.205194 0.482995 0.694776 0.616182 0.19129 0.119513 0.418664 0.122188 0.458786 0.261124 0.176041 0.365312 0.1358 0.179838 0.209568 0.140176 0.110202 0.284462 0.15742 0.16878 0.214144 0.0324953 0.0715924
threshold=8.6349997500000004 7.9549999000000007 7.8200002000000017 7.674999950000001 7.5699999000000009 7.4849999000000009 7.3350000500000005 9.2449999000000016 7.0850000500000005 6.9349999500000008 4.4600000500000005 4.8750000000000009 5.0350001000000004 5.2550001000000011 5.3950000000000005 6.8100002000000011 6.5850000500000005 6.3950000000000005 6.1649999500000012 6.1150000000000011 6.0550000500000012 5.8550000000000013 5.7550001000000011 5.6350000000000007 5.5850000500000005 5.5300000000000002
decision_type=10 10 10 10 8 8 8 8 8 8 10 10 10 10 10 10 8 8 8 8 8 8 10 10 10 10
left_child=1 2 3 4 5 6 8 -2 9 10 -1 -12 -13 -14 -15 16 17 18 19 20 21 22 23 24 25 -16
right_child=7 -3 -4 -5 -6 -7 -8 -9 -10 -11 11 12 13 14 15 -17 -18 -19 -20 -21 -22 -23 -24 -25 -26 -27
leaf_value=-0.012226266325039791 0.018447449321282068 -0.01162095254693849 0.026052936048520207 -0.015005951825203463 0.014027377185226805 -0.029478210336696186 0.026038487222008067 0.00099401590254791271 -0.0097638574146757563 0.017903483748660486 0.021326866222051637 -0.021946810587452466 0.010796663806499752 -0.024394867817970709 -0.0031364971086590742 -0.011948974329508715 0.0096625290049951167 -0.017153769639302274 0.010249445441590807 -0.013753615826465658 0.017796929247491777 -0.010733258035981415 0.010216336526526822 -0.019128233498916191 -0.004673064514841771 0.013104015315093849
leaf_weight=4.1938234716653815 4.8666922599077198 7.5057522356510153 2.969440981745719 3.6388742923736563 7.5312420427799216 3.1537861526012412 2.9733048081398001 4.2216799780726442 6.2669556736946097 3.9200623333454123 2.9687800481915465 2.4762560352683058 3.598437786102294 2.6979993730783454 1.9395454805344505 4.1049637943506232 5.4071689099073401 3.0408620089292517 3.7362875863909712 2.6614901572465888 2.6023600548505774 6.7382069602608672 4.333690106868743 2.4848382994532585 1.8129337877035139 1.9693580865859983
leaf_count=21 26 34 14 15 37 13 14 33 27 17 19 24 31 34 40 17 23 19 35 14 11 38 30 26 14 11
internal_value=-5.74509e-05 -0.00105502 -0.000145777 -0.00106915 -0.00044004 -0.00193095 -0.000688547 0.0103401 -0.00187545 -0.00106083 -0.00237042 -0.00158421 -0.00295542 -0.00195755 -0.00301189 -0.00159899 -0.000442169 -0.00218669 -0.000577258 -0.00222549 -0.000823268 -0.00333676 0.000637544 -0.00442072 0.00196635 0.00504569
internal_weight=103.815 94.7264 87.2207 84.2512 80.6124 73.0811 69.9273 9.08837 66.954 60.6871 56.767 52.5732 49.6044 47.1281 43.5297 40.8317 36.7267 31.3196 28.2787 24.5424 21.8809 19.2786 12.5404 8.20668 5.72184 3.9089
internal_count=637 578 544 530 515 478 465 59 451 424 407 386 367 343 312 278 261 238 219 184 170 159 121 91 65 51
is_linear=0
shrinkage=0.06


Tree=57
num_leaves=26
num_cat=0
split_feature=0 0 0 0 0 0 0 0 0 0 0 0 0 0 0 0 0 0 0 0 0 0 0 0 0
split_gain=0.281543 0.144268 0.193822 0.306788 0.187339 0.886159 0.363718 0.411081 0.217897 0.152809 0.134322 0.475707 0.2226 0.372086 0.620231 0.109092 0.171855 0.509171 0.238756 0.188526 0.272087 0.0906376 0.0730697 0.0314715 0.00423644
threshold=9.360000150000003 4.4600000500000005 5.0450001000000011 5.6549999500000006 8.505000100000002 8.0399999500000003 7.9549999000000007 7.5699999000000009 7.4649999000000014 4.8750000000000009 5.5850000500000005 5.2149999000000014 5.3100002000000011 5.5300000000000002 5.4349999500000008 7.0500002000000004 6.6150000000000011 6.5000000000000009 6.1549999500000006 6.0550000500000012 5.8550000000000013 6.2299998000000008 6.8650000000000011 7.2349999000000009 5.7950001000000011
decision_type=10 8 8 8 10 10 8 10 8 10 10 8 10 10 8 10 10 8 10 8 10 10 8 8 10
left_child=1 -1 9 10 5 6 7 8 15 -3 11 -4 -13 14 -14 16 17 18 19 20 24 -20 -18 -17 -5
right_child=-2 2 3 4 -6 -7 -8 -9 -10 -11 -12 12 13 -15 -16 23 22 -19 21 -21 -22 -23 -24 -25 -26
leaf_value=-0.011556421260509694 0.016874624921801105 0.01981982793501896 -0.033934093528015977 0.0089784090572354678 -0.0082754444507426826 0.029660873662812174 -0.012759636983902612 0.013788508850445283 -0.014931913954154209 0.0010188402141317167 -0.022079439558493067 0.013698555288911568 -0.0020308329129987701 0.012229747366557232 -0.062000762881468267 0.0098263083343213941 -0.011055816192103775 0.024174294810527422 -0.021675372549920493 0.012341541976707624 -0.010129967738260947 -0.0057378314957012852 -0.0013553030835765263 0.0029643005038795219 0.0058110370368558411
leaf_weight=4.1714061945676795 3.4195504486560813 3.0017799958586684 1.8339520394802065 3.0350176319480031 7.866176411509513 3.8016944825649253 7.3004964888095847 8.3305380493402463 3.5488282293081275 3.2318649664521217 2.5365002974867812 2.7622148990631112 1.8933193460106852 1.9830914437770841 0.92377626337110985 4.5124416798353169 6.8004758805036518 3.1911676526069632 2.2741634696722022 4.6180648505687705 6.7119646221399307 2.9522052630782127 4.7466039657592782 5.1547012180089959 3.0458644032478333
leaf_count=21 29 19 21 26 40 18 36 36 15 28 23 19 31 11 30 20 29 13 16 21 38 33 20 23 21
internal_value=-5.52612e-05 -0.000632868 -0.000158498 -0.000868509 0.00050397 0.00149021 -0.000127011 0.00143818 -0.000595456 0.0100724 -0.00982722 -0.00651979 0.000128426 -0.00768036 -0.0216961 0.000486065 -0.000983396 0.00173696 -0.00142602 0.00195 -0.00180122 -0.0126728 -0.00706827 0.00616736 0.0073919
internal_weight=103.648 100.228 96.0569 89.8233 77.8904 70.0242 66.2225 58.922 50.5915 6.23364 11.9329 9.39635 7.5624 4.80019 2.8171 47.0427 37.3755 25.8284 22.6373 17.4109 12.7928 5.22637 11.5471 9.66714 6.08088
internal_count=637 608 587 540 405 365 347 311 275 47 135 112 91 72 61 260 217 168 155 106 85 49 49 43 47
is_linear=0
shrinkage=0.06


Tree=58
num_leaves=25
num_cat=0
split_feature=0 0 0 0 0 0 0 0 0 0 0 0 0 0 0 0 0 0 0 0 0 0 0 0
split_gain=0.262439 0.251682 0.436115 0.591376 0.536355 0.195541 0.127447 0.399322 0.0941422 0.23605 0.221729 0.132822 0.127521 0.114365 0.492989 0.189712 0.131209 0.215751 0.311046 0.283136 0.110939 0.154828 0.645487 0.0648887
threshold=8.6349997500000004 7.9549999000000007 7.5699999000000009 7.4849999000000009 7.3350000500000005 9.2449999000000016 7.0850000500000005 7.0500002000000004 4.4600000500000005 5.0450001000000011 5.3950000000000005 4.8750000000000009 5.2550001000000011 6.6150000000000011 6.5000000000000009 6.1849999500000008 6.0350001000000004 5.9050000000000011 5.815000050000001 5.7149999000000014 5.5950000500000012 5.5550000500000012 5.4449999500000006 6.8650000000000011
decision_type=10 10 10 10 10 8 10 8 10 10 10 10 10 10 8 8 10 8 10 10 10 10 10 8
left_child=1 2 3 4 6 -2 7 8 -1 11 12 -10 -11 14 15 16 17 18 19 20 21 22 -12 -15
right_child=5 -3 -4 -5 -6 -7 -8 -9 9 10 13 -13 -14 23 -16 -17 -18 -19 -20 -21 -22 -23 -24 -25
leaf_value=-0.010920581214168277 0.017929794793392025 -0.011539121385879489 0.012990806040742023 -0.027007374104480002 0.024710165657818747 0.00021561584805686348 -0.0096004891043489759 0.013282137620366586 0.01843665956701801 -0.00539010418917347 0.039949053591428495 0.00095704702956000834 -0.023747095338380646 -0.010418833063796637 0.022659352050875152 -0.015259690496815153 0.0060039160991386493 -0.015406356411346927 0.018841702265962684 -0.018423389437501259 0.01138739940808213 -0.016057143792078062 -0.02224580606028562 -0.0012736153598544801
leaf_weight=4.1501019448041907 4.841960430145261 7.4935256391763678 8.3121343702077848 3.1322003155946723 2.9427509307861319 4.1800407245755204 6.263513818383216 6.6645901501178733 3.032375454902648 2.7884678766131392 1.1201052144169898 3.2340274006128311 2.6637036874890327 6.7837951779365513 3.1999637782573691 3.4979612827301017 8.0041410326957685 4.0520640015602103 2.6418987140059462 3.4112474471330643 2.9921882227063179 1.9745122194290159 1.2955692652612922 4.7479398846626291
leaf_count=21 26 34 36 13 14 33 27 34 19 27 13 28 34 29 13 39 38 22 20 27 28 12 30 20
internal_value=-5.42047e-05 -0.000988599 -7.88655e-05 -0.00146113 -0.000400772 0.00972253 -0.00141976 -0.00064638 -0.00220415 -0.00155166 -0.00294927 0.00941561 -0.0143586 -0.0015265 0.000310207 -0.00215675 -0.000358777 -0.00327101 0.000388932 -0.00412766 0.00247812 -0.00359412 0.00659284 -0.00665349
internal_weight=103.421 94.3988 86.9053 78.5931 75.4609 9.022 72.5182 66.2547 59.5901 55.44 49.1736 6.2664 5.45217 43.7214 32.1897 28.9897 25.4917 17.4876 13.4355 10.7936 7.38237 4.39019 2.41567 11.5317
internal_count=637 578 544 508 495 59 481 454 420 399 352 47 61 291 242 229 190 152 130 110 83 55 43 49
is_linear=0
shrinkage=0.06


Tree=59
num_leaves=26
num_cat=0
split_feature=0 0 0 0 0 0 0 0 0 0 0 0 0 0 0 0 0 0 0 0 0 0 0 0 0
split_gain=0.251613 0.138662 0.901078 0.283264 0.464796 0.228724 0.482552 0.130517 0.35472 0.0882633 0.207958 0.295837 0.353853 0.17049 0.263487 0.487777 0.184841 0.265101 0.110131 0.19893 0.123923 0.134657 0.210076 0.0259242 0.0580833
threshold=9.360000150000003 8.505000100000002 8.0399999500000003 7.9549999000000007 7.8200002000000017 7.674999950000001 7.4399998000000007 7.0850000500000005 6.9349999500000008 6.8100002000000011 6.6600001000000004 6.5600002000000011 6.3650000000000011 4.3499999000000011 4.9349999500000008 5.0450001000000011 5.3950000000000005 5.2149999000000014 6.1549999500000006 6.0550000500000012 5.8550000000000013 5.7550001000000011 5.6350000000000007 5.5850000500000005 5.5300000000000002
decision_type=10 10 10 8 8 8 8 10 8 8 10 8 8 10 10 10 10 10 8 8 10 10 10 10 10
left_child=1 2 3 4 5 6 7 8 9 10 11 12 13 -1 -15 -16 17 -17 19 20 21 22 23 24 -18
right_child=-2 -3 -4 -5 -6 -7 -8 -9 -10 -11 -12 -13 -14 14 15 16 18 -19 -20 -21 -22 -23 -24 -25 -26
leaf_value=0.011163960231431182 0.016054167854666488 -0.0082470162463739033 0.02874425628913645 -0.012494671226396584 0.023401222099251481 -0.015722768999825373 0.016189912427762791 -0.0088519855451044977 0.016746897526484089 -0.010461425852856076 0.013828172671280158 -0.020373433665400672 0.02018809030017879 -0.016415769135560185 0.024570441811945103 -0.032627491344812638 -0.0020942189871418502 -0.0043264479823186264 -0.010748164232013765 0.01117281081937385 -0.0092636940023603943 0.0093549659676501352 -0.018383546145020718 -0.0033439262756674746 0.012595058491150519
leaf_weight=3.1171398460865012 3.377246879041194 7.8595258295536032 3.779537469148635 7.2975308597087851 2.9078315198421469 3.6364098638296118 5.8757740557193747 8.1534960269927961 3.8956878930330268 4.089838594198226 3.0752893239259711 3.0435268133878699 2.6589764207601538 4.9177827835082999 2.3917695209383956 1.7768453806638707 1.900476010516295 3.6172189153730869 3.9815683066844931 4.6448478102684012 6.6793071106076232 4.3686307817697516 2.4514185711741447 1.7838398665189741 1.9773062169551847
leaf_count=15 29 40 18 36 14 15 25 36 17 17 13 13 20 35 18 21 40 40 35 21 38 30 26 14 11
internal_value=-5.28557e-05 -0.000597475 5.58662e-05 -0.00117289 -0.000152188 -0.00102984 -0.000311707 -0.00172666 -0.000764348 -0.00197227 -0.00130951 -0.00225358 -0.00106163 -0.00235732 -0.00339823 -0.00159864 -0.00348494 -0.013649 -0.0015119 3.28835e-05 -0.00266757 0.000862214 -0.00371088 0.00264222 0.00539594
internal_weight=103.259 99.8816 92.022 88.2425 80.945 78.0372 74.4007 68.525 60.3715 56.4758 52.3859 49.3107 46.2671 43.6082 40.491 35.5732 33.1815 5.39406 27.7874 23.8058 19.161 12.4817 8.11304 5.66162 3.87778
internal_count=637 608 568 550 514 500 485 460 424 407 390 377 364 344 329 294 276 61 215 180 159 121 91 65 51
is_linear=0
shrinkage=0.06


Tree=60
num_leaves=26
num_cat=0
split_feature=0 0 0 0 0 0 0 0 0 0 0 0 0 0 0 0 0 0 0 0 0 0 0 0 0
split_gain=0.236985 0.692888 0.366503 0.570744 0.473982 0.233869 0.248015 0.102004 0.376275 0.0901911 0.206753 0.175711 0.145275 0.129912 0.106317 0.437162 0.170635 0.109315 0.178239 0.267184 0.262061 0.112496 0.142756 0.566793 0.0512415
threshold=8.2649999000000012 7.9549999000000007 7.5699999000000009 7.4849999000000009 7.3350000500000005 8.8850002000000021 9.7150001500000016 7.0850000500000005 7.0500002000000004 4.4600000500000005 5.0450001000000011 5.3950000000000005 4.8750000000000009 5.2550001000000011 6.6150000000000011 6.5000000000000009 6.1849999500000008 6.0350001000000004 5.9050000000000011 5.815000050000001 5.7149999000000014 5.5950000500000012 5.5550000500000012 5.4449999500000006 6.8650000000000011
decision_type=10 10 10 10 10 8 10 10 8 10 10 10 10 10 10 8 8 10 8 10 10 10 10 10 8
left_child=1 2 3 4 7 -2 -7 8 9 -1 12 13 -11 -12 15 16 17 18 19 20 21 22 23 -13 -16
right_child=5 -3 -4 -5 -6 6 -8 -9 -10 10 11 14 -14 -15 24 -17 -18 -19 -20 -21 -22 -23 -24 -25 -26
leaf_value=-0.010571383414498368 0.015938045735950583 -0.026079855581059512 0.011993276158382318 -0.026406788306149603 0.023485470462115726 -0.0091307004405687675 0.015616030372339502 -0.0085369777616444206 0.013018694624500593 0.018296549666005912 -0.0038251242908045376 0.036543407827404423 5.6235747407482211e-05 -0.022552756029016081 -0.0097477063745965813 0.021356299942518125 -0.01451241603194299 0.005493034849071635 -0.014060887543233024 0.017303064551889725 -0.017728334430359004 0.011432657663017385 -0.015678675655501233 -0.021491706467117021 -0.0016099237284638839
leaf_weight=4.1346320807933798 6.219099655747411 3.8356584310531607 8.269488260149954 3.126521259546279 2.9129727631807318 4.1361161917448053 2.2516535222530365 6.2334377318620673 6.6574592292308798 3.0354905501008025 2.7287282571196547 1.1538302265107723 3.2601828798651695 2.607909731566906 6.7601868212223026 3.2043191194534293 3.4553199782967559 8.023507744073866 4.0151735544204703 2.6783825755119315 3.3742348700761795 2.9899749904870987 1.9649581909179685 1.2755581922829149 4.7377763539552697
leaf_count=21 32 16 36 13 14 25 20 27 34 19 27 13 28 34 29 13 39 38 22 20 27 28 12 30 20
internal_value=-5.08463e-05 -0.00112517 -1.98899e-05 -0.00128814 -0.000243861 0.00765587 -0.000407615 -0.00120004 -0.000507695 -0.00202371 -0.00138422 -0.00270007 0.00885089 -0.0129769 -0.00144314 0.000328453 -0.00200054 -0.000303523 -0.00296846 0.000346139 -0.00387535 0.00245471 -0.00365401 0.00607188 -0.0063945
internal_weight=103.043 90.4357 86.6 78.3306 75.204 12.6069 6.38777 72.2911 66.0576 59.4002 55.2655 48.9699 6.29567 5.33664 43.6332 32.1353 28.9309 25.4756 17.4521 13.4369 10.7586 7.38432 4.39435 2.42939 11.498
internal_count=637 560 544 508 495 77 45 481 454 420 399 352 47 61 291 242 229 190 152 130 110 83 55 43 49
is_linear=0
shrinkage=0.06


Tree=61
num_leaves=23
num_cat=0
split_feature=0 0 0 0 0 0 0 0 0 0 0 0 0 0 0 0 0 0 0 0 0 0
split_gain=0.218898 0.248986 0.845182 0.235445 0.442978 0.198963 0.118647 0.471878 0.0801413 0.303124 0.192165 0.247325 0.209852 0.130392 0.343634 0.19721 0.236537 0.18815 0.104293 0.0657077 0.0455035 0.0404395
threshold=8.6349997500000004 8.505000100000002 8.0399999500000003 7.674999950000001 7.4399998000000007 9.2449999000000016 7.1849999500000008 7.0500002000000004 4.4600000500000005 4.8750000000000009 5.1400001000000008 5.3100002000000011 5.6549999500000006 6.6150000000000011 6.5000000000000009 6.0450001000000011 5.9449999500000006 5.7950001000000011 5.5300000000000002 6.1849999500000008 6.8650000000000011 5.4049999500000006
decision_type=10 8 8 8 8 8 10 8 10 10 10 10 10 10 8 10 10 10 10 10 10 10
left_child=1 2 3 4 6 -2 7 8 -1 -10 -11 -12 18 14 15 16 17 -14 21 -17 -15 -13
right_child=5 -3 -4 -5 -6 -7 -8 -9 9 10 11 12 13 20 -16 19 -18 -19 -20 -21 -22 -23
leaf_value=-0.0099859003720003097 0.017220595393813157 -0.010974020129218633 0.02792357001230546 -0.01102597553603419 0.015669610979748661 -0.00073845029937668976 -0.0095418696399760684 0.022819310502330398 0.017035603364347996 -0.014716847859338461 0.014000122121320648 -0.012538140507581109 0.0099049652275475294 -0.0091842515469175712 0.020034174693887342 -0.003664999983356522 0.015745118166307848 -0.0092206156621659676 -0.0062181266854417694 -0.01380670700870156 -0.0015128052126388962 -0.027255425879190262
leaf_weight=4.1150483787059775 4.8076656013727161 8.0775157213211042 3.7439802289009085 7.9699517786502829 5.8520854115486136 4.1273009479045877 6.0645300745964041 2.9147357642650595 3.0636541694402686 4.183363862335681 3.5205015838146201 1.1616539061069482 3.004215978086 6.7449143975973112 3.210630550980567 7.0416551977395994 4.2147883772850037 4.8269228488206863 4.4756251126527786 3.4152817279100418 4.7393720597028732 1.5949824918061493
leaf_count=21 26 40 18 35 25 33 27 13 19 38 30 24 26 29 13 34 18 38 34 39 20 37
internal_value=-4.93483e-05 -0.000902956 4.45304e-05 -0.00122661 -0.000173251 0.00892483 -0.00153086 -0.000750128 -0.00190838 -0.00130619 -0.00238404 -0.00130809 -0.00252106 -0.000702839 0.00167121 -0.000948753 0.00428458 -0.00188358 -0.0118728 -0.00697733 -0.00601837 -0.0210535
internal_weight=102.87 93.9354 85.8579 82.1139 74.144 8.93497 68.2919 62.2273 59.3126 55.1976 52.1339 47.9505 44.43 37.1978 25.7135 22.5029 12.0459 7.83114 7.23226 10.4569 11.4843 2.75664
internal_count=637 578 538 520 485 59 460 433 420 399 380 342 312 217 168 155 82 64 95 73 49 61
is_linear=0
shrinkage=0.06


Tree=62
num_leaves=24
num_cat=0
split_feature=0 0 0 0 0 0 0 0 0 0 0 0 0 0 0 0 0 0 0 0 0 0 0
split_gain=0.21429 0.152672 0.746344 0.241563 0.346049 0.541677 0.427454 0.0899902 0.313968 0.544795 0.370642 0.183402 0.263397 0.205064 0.10989 0.146576 0.127424 0.310679 0.159899 0.183945 0.198528 0.0842119 0.0192546
threshold=9.360000150000003 8.505000100000002 8.0399999500000003 7.9549999000000007 7.5699999000000009 7.4849999000000009 7.3350000500000005 7.0850000500000005 6.7299998000000008 6.6150000000000011 6.5000000000000009 4.3499999000000011 4.9349999500000008 5.0750000500000008 6.1849999500000008 6.0350001000000004 5.9050000000000011 5.815000050000001 5.7149999000000014 5.5950000500000012 5.4349999500000008 5.2650001000000008 5.3250000500000008
decision_type=10 10 10 8 10 8 8 8 10 8 8 10 10 10 8 10 8 8 10 10 10 10 10
left_child=1 2 3 4 5 6 7 8 9 10 11 -1 -13 -14 15 16 17 18 19 20 21 -15 -23
right_child=-2 -3 -4 -5 -6 -7 -8 -9 -10 -11 -12 12 13 14 -16 -17 -18 -19 -20 -21 -22 22 -24
leaf_value=0.011771991982386877 0.014945848447863581 -0.008586692270547128 0.02650349654788629 -0.011457485921429466 0.011599045772177395 -0.025811014962548982 0.022352711218646897 -0.0081083183579275572 0.0095162129679179225 -0.027708235995294966 0.018800203662352639 -0.016402277285177722 0.01436384718404124 -0.0073949115997357382 -0.013128104248551327 0.0052347687593631313 -0.013915727659705642 0.016727103104844963 -0.016983162154211726 0.010705803955132232 -0.018204626783412819 0.011864093744680821 0.0025311475852156005
leaf_weight=3.1050849705934516 3.3207441642880431 7.8355813026428214 3.709010809659957 7.2584331929683676 8.267557814717291 3.1207236647605887 2.8849517554044715 6.2227785289287558 9.4414865076541883 2.8878215402364722 3.2159094214439383 4.9043297320604315 2.6860682293772689 2.8574884459376424 3.3775051087141028 8.029453516006468 4.0025348961353293 2.6927476450800887 3.3385588377714148 3.0137233287096015 3.2907163221389055 1.4566885605454447 1.7540187910199163
leaf_count=15 29 40 18 36 36 13 14 27 40 13 13 35 21 27 39 38 22 20 27 28 45 13 28
internal_value=-4.73905e-05 -0.000548519 0.000139696 -0.000973904 -2.92209e-05 -0.00135924 -0.000255928 -0.00124005 -0.000528368 -0.00240212 -0.000870856 -0.00229215 -0.00334689 -0.00159268 -0.00286023 -0.0017208 -0.00421335 -0.00210326 -0.0053306 -0.00218634 -0.00633783 9.74088e-05 0.00676548
internal_weight=102.674 99.3532 91.5176 87.8086 80.5501 72.2826 69.1619 66.2769 60.0541 50.6126 47.7248 44.5089 41.4038 36.4995 33.8134 30.4359 22.4065 18.4039 15.7112 12.3726 9.35891 6.0682 3.21071
internal_count=637 608 568 550 514 478 465 451 424 384 371 358 343 308 287 248 210 188 168 141 113 68 41
is_linear=0
shrinkage=0.06


Tree=63
num_leaves=22
num_cat=0
split_feature=0 0 0 0 0 0 0 0 0 0 0 0 0 0 0 0 0 0 0 0 0
split_gain=0.194169 0.288752 0.349351 0.219933 0.410757 0.200817 0.116793 0.277864 0.486583 0.327276 0.161725 0.239523 0.273283 0.14529 0.134441 0.132141 0.12676 0.084589 0.125668 0.11944 0.00935111
threshold=8.6349997500000004 7.9549999000000007 7.9049999500000006 7.674999950000001 7.4399998000000007 9.2449999000000016 7.0850000500000005 6.7299998000000008 6.6150000000000011 6.5000000000000009 4.3499999000000011 5.0150001000000008 5.2550001000000011 5.5300000000000002 5.3950000000000005 4.7449999000000007 6.1849999500000008 6.0550000500000012 5.8550000000000013 5.6549999500000006 5.7950001000000011
decision_type=10 10 8 8 8 8 10 10 8 8 10 10 10 10 10 10 8 8 10 10 10
left_child=1 2 3 4 6 -2 7 8 9 10 -1 15 -13 14 -14 -12 17 18 19 -15 -21
right_child=5 -3 -4 -5 -6 -7 -8 -9 -10 -11 11 12 13 16 -16 -17 -18 -19 -20 20 -22
leaf_value=0.011010425621170338 0.01677732665130616 -0.012220496947594224 0.013366709406677642 -0.01239557330264456 0.015183297594598726 -0.0013205681677588774 -0.0081786677394290654 0.0089516223522320987 -0.026299471271671159 0.017647344788626215 -0.0058627990922630827 0.013240778529953872 -0.022114506815566405 -0.005568818027487891 -0.0009690640934611718 -0.023868785607832392 -0.012476210776633504 0.0059239119556417173 -0.0086385257657181583 0.0097470366129656597 0.0050385528294965357
leaf_weight=3.1201815605163565 4.7865671217441532 7.4047510325908652 6.6227753460407248 5.6408565044403067 5.8281071931123725 4.0960109010338792 8.0940255224704725 9.4349607676267606 2.860810473561286 3.2202942669391623 3.1081930994987479 4.1160763800144187 2.582388915121558 4.4480495676398366 1.8635723479092119 2.7792255356907845 3.3418698757886878 6.3576485514640799 6.6436989456415168 3.0098519995808601 3.0644800812005997
leaf_count=15 26 34 34 25 25 33 36 40 13 13 16 34 34 34 40 30 39 31 38 26 21
internal_value=-4.57272e-05 -0.000850746 0.000126652 -0.000976118 -0.000104146 0.00843187 -0.00141352 -0.000500159 -0.00226547 -0.000822687 -0.00216124 -0.00315599 -0.00129363 -0.00320426 -0.0132512 -0.0143627 -0.00154161 1.18047e-05 -0.00217781 0.0019014 0.00737162
internal_weight=102.424 93.5418 86.1371 79.5143 73.8734 8.88258 68.0453 59.9513 50.5163 47.6555 44.4352 41.3151 35.4276 31.3116 4.44596 5.88742 26.8656 23.5237 17.1661 10.5224 6.07433
internal_count=637 578 544 510 485 59 460 424 384 371 358 343 297 263 74 46 189 150 119 81 47
is_linear=0
shrinkage=0.06


Tree=64
num_leaves=26
num_cat=0
split_feature=0 0 0 0 0 0 0 0 0 0 0 0 0 0 0 0 0 0 0 0 0 0 0 0 0
split_gain=0.193461 0.149146 0.700894 0.235321 0.392797 0.207522 0.36304 0.103214 0.25591 0.128495 0.239599 0.14195 0.27344 0.266673 0.110856 0.213818 0.352495 0.211162 0.195276 0.316198 0.153022 0.0939488 0.0671092 0.13067 0.767354
threshold=9.360000150000003 8.505000100000002 8.0399999500000003 7.9549999000000007 7.8200002000000017 7.674999950000001 7.4399998000000007 7.0850000500000005 6.9349999500000008 4.3499999000000011 4.9349999500000008 5.2550001000000011 5.3950000000000005 5.0450001000000011 6.8100002000000011 6.5850000500000005 6.3950000000000005 6.1649999500000012 6.0450001000000011 5.9449999500000006 5.7149999000000014 5.815000050000001 5.5950000500000012 5.5550000500000012 5.4349999500000008
decision_type=10 10 10 8 8 8 8 10 8 10 10 10 10 10 8 8 8 8 8 8 10 10 10 10 10
left_child=1 2 3 4 5 6 7 8 9 -1 -11 13 -13 -12 15 16 17 18 19 20 22 -22 23 24 -14
right_child=-2 -3 -4 -5 -6 -7 -8 -9 -10 10 11 12 14 -15 -16 -17 -18 -19 -20 -21 21 -23 -24 -25 -26
leaf_value=0.010302012660843593 0.014275050150892223 -0.0084644381575519848 0.02577504084587284 -0.011263113912836535 0.021809362174827238 -0.014776198520429003 0.014269861185212691 -0.0076955101983442473 0.014495881652149838 -0.014957936170749763 0.023017884299128967 -0.02115053857628792 0.046047786410530742 -0.0043175736212567898 -0.010224890485674858 0.011301520022049059 -0.021204920889181876 0.014001546328248628 -0.01100245108230179 0.015902579405783497 -0.016542188145808816 -0.0024285174617125877 0.010005964022864319 -0.013319077229098876 -0.022565642652339984
leaf_weight=3.1342045068740836 3.287564054131507 7.8333417922258368 3.6908178180456153 7.258211374282836 2.871404916048049 3.6396165192127219 5.8290696740150443 8.0863160192966443 3.8471002131700507 4.8176956176757804 2.415666624903678 2.5394300632178775 1.0509821623563893 2.7443905025720596 4.0827582776546469 5.3309640586376181 3.0134127140045157 3.5796728506684294 5.9992942214012137 4.2092479765415183 3.3175209611654282 3.4778894484043121 3.0368495061993599 1.9140437841415403 1.3285375609993932
leaf_count=15 29 40 18 36 14 15 25 36 17 35 18 34 10 27 17 23 19 35 28 18 27 28 28 12 33
internal_value=-4.41879e-05 -0.000519465 0.000162831 -0.000917212 1.83361e-05 -0.000790129 -9.99531e-05 -0.0013331 -0.000473327 -0.00150182 -0.00220172 -0.000922483 -0.00205387 0.00847945 -0.000851755 0.000203676 -0.00170926 0.000395362 -0.00160616 0.00146834 -0.00283281 -0.00931881 0.00317982 -0.00164833 0.00773942
internal_weight=102.336 99.0484 91.2151 87.5243 80.2661 77.3947 73.755 67.926 59.8397 55.9926 52.8584 48.0407 42.8806 5.16006 40.3412 36.2584 30.9275 27.914 24.3344 18.3351 14.1258 6.79541 7.33041 4.29356 2.37952
internal_count=637 608 568 550 514 500 485 460 424 407 392 357 312 45 278 261 238 219 184 156 138 55 83 55 43
is_linear=0
shrinkage=0.06


Tree=65
num_leaves=26
num_cat=0
split_feature=0 0 0 0 0 0 0 0 0 0 0 0 0 0 0 0 0 0 0 0 0 0 0 0 0
split_gain=0.172852 0.131166 0.625284 0.211714 0.358878 0.556705 0.378102 0.106003 0.178359 0.169676 0.279695 0.150827 0.0774525 0.204083 0.0979783 0.194372 0.338347 0.264919 0.0899414 0.15854 0.124385 0.125783 0.23586 0.0350395 0.0847179
threshold=9.360000150000003 8.505000100000002 8.0399999500000003 7.674999950000001 7.5699999000000009 7.4849999000000009 7.3350000500000005 4.4600000500000005 5.0450001000000011 5.3950000000000005 5.2149999000000014 4.8750000000000009 7.0850000500000005 6.9349999500000008 6.8100002000000011 6.6600001000000004 6.5600002000000011 6.3650000000000011 6.1549999500000006 6.0550000500000012 5.8550000000000013 5.7550001000000011 5.6350000000000007 5.5850000500000005 5.5300000000000002
decision_type=10 10 10 10 8 8 8 10 10 8 10 10 10 8 8 8 8 8 8 8 10 10 10 10 10
left_child=1 2 3 4 5 6 7 -1 11 10 -10 -9 13 14 15 16 17 18 19 20 21 22 23 24 -11
right_child=-2 -3 -4 -5 -6 -7 -8 8 9 12 -12 -13 -14 -15 -16 -17 -18 -19 -20 -21 -22 -23 -24 -25 -26
leaf_value=-0.010358659315561642 0.013565637118421578 -0.007925804791868836 0.024456395055829416 -0.010205168145128089 0.012544286460607927 -0.026013072045130602 0.021261011335030885 0.018833168245205621 -0.031511243244731049 -0.0018946094898883591 -0.0020302146477923434 0.00018803476505913346 -0.0067180542083984923 0.01368808830714786 -0.0096208220684861293 0.014677702318938175 -0.020311171492286364 0.018994220234564339 -0.0094106956308661043 0.010339738833467803 -0.008636002542954109 0.0097688278846905612 -0.018422519542803845 -0.0030481683664673916 0.016008841864170013
leaf_weight=4.117145597934722 3.2530101090669623 7.8628054559230796 3.6574819684028617 7.9438229650259009 7.514935001730918 3.1227081120014182 2.8563456535339347 3.019890993833541 1.7307889237999905 1.8822191748768218 3.5038120523095131 3.2350779548287392 6.1820226758718482 3.8302205801010123 4.0788816809654227 3.0521103441715232 3.0146144330501548 2.6220095455646506 3.896659404039382 4.663733407855033 6.6319743469357482 4.3465535938739768 2.4498771280050278 1.7770826667547224 1.9242039322853086
leaf_count=21 29 40 18 35 37 13 14 19 21 40 40 28 27 17 17 13 13 20 35 21 38 30 26 14 11
internal_value=-4.31431e-05 -0.000490685 0.00015136 -0.000865786 6.798e-05 -0.00123535 -0.000110979 -0.00103649 -0.000415864 -0.00149676 -0.0117779 0.00918988 -0.000427933 0.000452428 -0.00080428 0.000187463 -0.00114428 0.000769349 -0.000963759 0.000426481 -0.0020053 0.00154679 -0.00290183 0.00390818 0.00715585
internal_weight=102.17 98.917 91.0542 87.3967 79.4529 71.9379 68.8152 65.9589 61.8417 55.5868 5.2346 6.25497 50.3522 44.1701 40.3399 36.261 33.2089 30.1943 27.5723 23.6756 19.0119 12.3799 8.03338 5.58351 3.80642
internal_count=637 608 568 550 515 478 465 451 430 383 61 47 322 295 278 261 248 235 215 180 159 121 91 65 51
is_linear=0
shrinkage=0.06


Tree=66
num_leaves=23
num_cat=0
split_feature=0 0 0 0 0 0 0 0 0 0 0 0 0 0 0 0 0 0 0 0 0 0
split_gain=0.172945 0.303214 0.308971 0.500841 0.332241 0.22343 0.0801122 0.261116 0.216752 0.15909 0.143183 0.301668 0.129077 0.100345 0.174796 0.108723 0.141319 0.215462 0.168418 0.172144 0.0739459 0.0121974
threshold=8.6349997500000004 7.9549999000000007 7.5699999000000009 7.4849999000000009 7.3350000500000005 9.2449999000000016 4.3499999000000011 5.0150001000000008 5.2550001000000011 5.6549999500000006 5.5850000500000005 5.3950000000000005 4.7449999000000007 5.8550000000000013 6.0350001000000004 6.1549999500000006 6.5850000500000005 6.3950000000000005 6.8100002000000011 7.0500002000000004 5.5300000000000002 5.7950001000000011
decision_type=10 10 10 10 10 8 10 10 10 10 10 10 10 10 10 10 10 10 10 10 10 10
left_child=1 2 3 4 6 -2 -1 12 -9 10 11 -10 -8 21 -15 -16 17 -17 -18 -20 -13 -11
right_child=5 -3 -4 -5 -6 -7 7 8 9 13 -12 20 -14 14 15 16 18 -19 19 -21 -22 -23
leaf_value=0.004530685179253687 0.016757418109372181 -0.012483840152773304 0.011242011726464468 -0.024570553501245707 0.020174437416454194 -0.0024065803043965307 -0.0052286610686201754 0.012967025110740561 -0.020124690210943551 0.010018479575422021 -0.020895097242084337 -0.0017838346168065713 -0.02312005961708433 -0.011546684827670415 0.0076145436518336319 0.00045902513253361711 0.010621199714814985 -0.02055480145531801 -0.008518428397683922 0.0047599090363278649 0.014913435823678736 0.0046412028484696917
leaf_weight=8.9364852011203748 4.7856202572584126 7.3661742061376563 8.2476096302270872 3.1081353574991217 2.8303929418325415 4.0382362157106408 3.0885767340660086 4.1112898215651503 2.4949143230915052 2.9994638189673415 2.4865906164050102 1.8792512547224762 2.7389883697032928 4.9307317659258834 6.3581838458776465 4.2255003079772022 5.3405601531267193 3.0062927901744843 7.0462701171636564 7.0131770819425583 1.941063195466995 3.0759316235780716
leaf_count=45 26 34 36 13 14 33 16 34 34 26 23 40 30 31 28 39 23 19 30 31 11 21
internal_value=-4.15525e-05 -0.000801461 0.00020081 -0.000972511 1.19499e-05 0.00798702 -0.000784271 -0.00154136 -0.000302675 -0.00133596 -0.00869948 -0.00389752 -0.0136377 0.000137174 -0.00100976 0.000565099 -0.00111791 -0.00827653 0.00155062 -0.00189489 0.00669988 0.007296
internal_weight=102.049 93.2256 85.8594 77.6118 74.5037 8.82386 71.6733 62.7368 56.9092 52.7979 8.80182 6.31523 5.82757 43.9961 37.9207 32.99 26.6318 7.23179 19.4 14.0594 3.82031 6.0754
internal_count=637 578 544 508 495 59 481 436 390 356 108 85 46 248 201 170 142 58 84 61 51 47
is_linear=0
shrinkage=0.06


Tree=67
num_leaves=25
num_cat=0
split_feature=0 0 0 0 0 0 0 0 0 0 0 0 0 0 0 0 0 0 0 0 0 0 0 0
split_gain=0.161887 0.703082 0.280328 0.242853 0.202672 0.196878 0.356358 0.109226 0.229199 0.488383 0.328978 0.131516 0.195089 0.225247 0.118304 0.108844 0.143267 0.130503 0.305463 0.162819 0.0945284 0.0792301 0.157721 0.000294622
threshold=8.2649999000000012 7.9549999000000007 7.9049999500000006 8.8850002000000021 9.7150001500000016 7.674999950000001 7.4399998000000007 7.0850000500000005 6.7299998000000008 6.6150000000000011 6.5000000000000009 4.3499999000000011 5.0150001000000008 5.2550001000000011 4.7449999000000007 5.5300000000000002 5.4049999500000006 6.0450001000000011 5.9449999500000006 5.7149999000000014 5.815000050000001 6.1649999500000012 6.2449999000000007 5.6150000000000011
decision_type=10 10 8 8 10 8 8 10 10 8 8 10 10 10 10 10 10 10 8 10 10 8 10 10
left_child=1 2 5 -2 -5 6 7 8 9 10 11 -1 14 -14 -13 16 -15 18 19 23 -21 -19 -23 -17
right_child=3 -3 -4 4 -6 -7 -8 -9 -10 -11 -12 12 13 15 -16 17 -18 21 -20 20 -22 22 -24 -25
leaf_value=0.010015209469769991 0.01488983252686365 -0.026234291766335738 0.012005671367389592 -0.0097369612137314307 0.012955896513118166 -0.01161484638978637 0.014322090405778413 -0.0077632286634392225 0.0082888872327487404 -0.026026992732793255 0.018059833704863016 -0.0049269969465414948 0.01208753864225231 -0.0034895023845061966 -0.022149111646402184 0.0052778163681816079 -0.026255871131831018 -0.01112064835516405 0.01589896038354335 -0.016323367937997942 -0.0021347508530687471 0.011027441498058135 -0.011762540436142613 0.0043912196955485311
leaf_weight=3.1398752331733695 6.1205086410045597 3.7856881320476523 6.6640213131904593 4.1082442849874505 2.1626903116703033 5.6365583986043921 5.7791293710470191 8.0439464151859266 9.3910160064697248 2.854232430458068 3.2148040384054175 3.081251621246337 4.1447247341275206 2.7847921587526825 2.6890800669789314 2.97035457193852 1.5483651552349327 5.9989696443080875 4.2060427367687216 3.3044913709163666 3.4606402441859245 2.1610054671764383 2.2124545052647591 2.4724761620163918
leaf_count=15 32 16 34 25 20 25 25 36 40 13 13 16 34 37 30 19 37 28 18 27 28 18 27 24
internal_value=-4.00837e-05 -0.000929567 0.000187478 0.00638756 -0.00191076 -0.000808255 2.09574e-05 -0.00120023 -0.000314964 -0.00192311 -0.000471345 -0.00181995 -0.00272555 -0.00105206 -0.0129528 -0.00280208 -0.0116246 -0.00137489 0.0019543 -0.0028501 -0.00906531 -0.0066432 -0.000501599 0.00487507
internal_weight=101.935 89.5439 85.7582 12.3914 6.27093 79.0942 73.4577 67.6785 59.6346 50.2436 47.3893 44.1745 41.0346 35.2643 5.77033 31.1196 4.33316 26.7864 16.414 12.208 6.76513 10.3724 4.37346 5.44283
internal_count=637 560 544 77 45 510 485 460 424 384 371 358 343 297 46 263 74 189 116 98 55 73 45 43
is_linear=0
shrinkage=0.06


Tree=68
num_leaves=25
num_cat=0
split_feature=0 0 0 0 0 0 0 0 0 0 0 0 0 0 0 0 0 0 0 0 0 0 0 0
split_gain=0.152219 0.228128 0.623099 0.245597 0.352338 0.169444 0.314988 0.101714 0.202375 0.147065 0.286355 0.139069 0.115348 0.175812 0.461906 0.265931 0.119553 0.141834 0.124143 0.119061 0.111001 0.218405 0.0255364 0.0510664
threshold=9.0949998000000019 8.505000100000002 8.0399999500000003 7.9549999000000007 7.8200002000000017 7.674999950000001 7.4399998000000007 4.4600000500000005 5.0450001000000011 5.3950000000000005 5.2149999000000014 4.8750000000000009 7.0850000500000005 6.7299998000000008 6.6150000000000011 6.5000000000000009 6.1549999500000006 6.0550000500000012 6.2299998000000008 5.8550000000000013 5.7550001000000011 5.6350000000000007 5.5850000500000005 5.5300000000000002
decision_type=10 10 10 8 8 8 8 10 10 10 10 10 10 10 8 8 8 10 10 10 10 10 10 10
left_child=1 2 3 4 5 6 7 -1 11 10 -10 -9 13 14 15 16 17 19 -18 20 21 22 23 -11
right_child=-2 -3 -4 -5 -6 -7 -8 8 9 12 -12 -13 -14 -15 -16 -17 18 -19 -20 -21 -22 -23 -24 -25
leaf_value=-0.010279021662727567 0.010413407943754697 -0.011617581110332826 0.024517547722152755 -0.011346306953515801 0.020873632308477802 -0.013238112027389472 0.013461489446825237 0.0190130102688237 -0.031288932239666029 -0.00036416375220716405 -0.0013561781462345557 0.0010249497742631961 -0.0073045035427621117 0.0077969650078546643 -0.024698451694173222 0.016955299256538919 -0.020239957913202693 0.0099086843245640589 -0.0011974678948303932 -0.0082692354302644332 0.0094136330501228341 -0.017567858907806058 -0.0019392906469290576 0.013547224865955309
leaf_weight=4.1105971634387961 4.7804183661937705 6.2753380537033072 3.6443639099597922 7.2916201651096335 2.8499941229820243 3.6439834535121909 5.7796577662229529 3.0086924508213988 1.7217130437493313 1.84132759459318 3.4684212505817413 3.1853861436247826 8.0364039838314039 9.3846980333328229 2.8281196504831305 3.2186489552259436 2.2211890369653693 4.673434004187583 2.7687996998429298 6.5968141853809348 4.3606624901294708 2.4126287251710892 1.7534545958042143 1.9622845053672788
leaf_count=21 37 32 18 36 14 15 25 19 21 40 40 28 36 40 13 13 16 21 33 38 30 26 14 11
internal_value=-3.88497e-05 -0.000553762 0.00021119 -0.0008056 0.000157219 -0.000609786 1.77274e-05 -0.00113248 -0.000539856 -0.00165452 -0.0112857 0.00976241 -0.000694309 0.000512408 -0.00146128 0.000604707 -0.001236 0.000548055 -0.00967383 -0.00176324 0.00171751 -0.00249347 0.00405115 0.00681273
internal_weight=101.819 97.0382 90.7629 87.1185 79.8269 76.9769 73.3329 67.5533 63.4427 57.2486 5.19013 6.19408 52.0585 44.0221 34.6374 31.8092 28.5906 23.6006 4.98999 18.9272 12.3304 7.9697 5.55707 3.80361
internal_count=637 600 568 550 514 500 485 460 439 392 61 47 331 295 255 242 229 180 49 159 121 91 65 51
is_linear=0
shrinkage=0.06


Tree=69
num_leaves=23
num_cat=0
split_feature=0 0 0 0 0 0 0 0 0 0 0 0 0 0 0 0 0 0 0 0 0 0
split_gain=0.146139 0.269591 0.275214 0.222569 0.193095 0.283197 0.184035 0.147257 0.102206 0.252955 0.0928467 0.292102 0.187522 0.256584 0.22887 0.0951294 0.271046 0.155493 0.134783 0.129678 0.0872867 0.0405155
threshold=8.6349997500000004 7.9549999000000007 7.7049999000000007 9.2449999000000016 7.4949999000000007 7.1400001000000008 7.0050001000000011 6.8650000000000011 6.5600002000000011 6.3650000000000011 4.4600000500000005 4.8750000000000009 5.1400001000000008 5.3100002000000011 5.5300000000000002 6.0450001000000011 5.9449999500000006 5.7149999000000014 5.6549999500000006 6.1649999500000012 5.815000050000001 5.4049999500000006
decision_type=10 10 10 8 10 10 10 10 10 10 8 8 8 8 8 10 10 10 8 8 10 10
left_child=1 2 4 -2 5 6 7 8 9 10 -1 -12 -13 -14 21 16 17 18 -16 -17 -19 -15
right_child=3 -3 -4 -5 -6 -7 -8 -9 -10 -11 11 12 13 14 15 19 -18 20 -20 -21 -22 -23
leaf_value=-0.0097082990881931317 0.016146075417938572 -0.011766693620137067 0.013495287847303361 -0.0030494964496379389 -0.011453338236280503 0.010740927518096379 -0.014445206252072979 0.01184757455687162 -0.0072313860717289607 0.018096864125491094 0.017696889488043561 -0.013795139994375902 0.015294604455945058 -0.010149492180168767 -0.0053475455326513158 -0.010768806713647085 0.015413754941114046 -0.015729117992897376 0.0080929670222840717 0.0041501796946552634 -0.0020565607758966297 -0.025243106772071953
leaf_weight=4.0917107015848151 4.7560294121503803 7.3458886593580237 5.268512398004531 4.0062292739748964 5.5550960451364508 8.0916768014430982 3.5464721471071234 3.3474856615066519 8.3729510307311994 2.6151605546474448 3.0375709906220427 4.0784863308072081 3.4698998928070059 1.1095514036715024 4.4209813922643741 5.9813075959682438 4.2134164273738852 3.2739184051752082 6.844284564256669 3.2301570177078256 3.4546822383999825 1.5136195588856933
leaf_count=21 26 34 24 33 23 37 16 14 36 20 19 38 30 24 34 28 18 27 39 31 28 37
internal_value=-3.7487e-05 -0.000736396 0.000211104 0.00736959 -0.000661036 0.000141609 -0.00114614 -0.000398148 -0.0010847 -8.21444e-05 -0.00105795 -0.000264846 -0.00157669 -0.000248236 -0.00183252 -0.000410987 0.00171534 -0.00149226 0.00281832 -0.00553721 -0.00870918 -0.0188588
internal_weight=101.625 92.8628 85.5169 8.76226 80.2484 74.6933 66.6017 63.0552 59.7077 51.3347 48.7196 44.6279 41.5903 37.5118 34.0419 31.4187 22.2073 17.9939 11.2653 9.21146 6.7286 2.62317
internal_count=637 578 544 59 520 497 460 444 430 394 374 353 334 296 266 205 146 128 73 59 55 61
is_linear=0
shrinkage=0.06


Tree=70
num_leaves=26
num_cat=0
split_feature=0 0 0 0 0 0 0 0 0 0 0 0 0 0 0 0 0 0 0 0 0 0 0 0 0
split_gain=0.140843 0.13867 0.586615 0.228425 0.262453 0.490365 0.279047 0.0858687 0.162955 0.153465 0.252826 0.0931489 0.066453 0.163692 0.103398 0.206352 0.372461 0.187757 0.180563 0.241567 0.141913 0.0786352 0.0784511 0.157242 0.460788
threshold=9.360000150000003 8.505000100000002 8.0399999500000003 7.9549999000000007 7.5699999000000009 7.4849999000000009 7.3350000500000005 4.4600000500000005 5.0450001000000011 5.3950000000000005 5.2149999000000014 4.8750000000000009 7.0850000500000005 6.9349999500000008 6.8100002000000011 6.5850000500000005 6.3950000000000005 6.1649999500000012 6.0450001000000011 5.9449999500000006 5.7149999000000014 5.815000050000001 5.5950000500000012 5.5550000500000012 5.4449999500000006
decision_type=10 10 10 8 10 8 8 10 10 10 10 10 8 8 8 8 8 8 8 8 10 10 10 10 10
left_child=1 2 3 4 5 6 7 -1 11 10 -10 -9 13 14 15 16 17 18 19 20 22 -22 23 24 -11
right_child=-2 -3 -4 -5 -6 -7 -8 8 9 12 -12 -13 -14 -15 -16 -17 -18 -19 -20 -21 21 -23 -24 -25 -26
leaf_value=-0.0091672087898620747 0.012361385729222589 -0.0080958087280534469 0.023862522520198659 -0.01093927022059386 0.01034054236816437 -0.024324406872342386 0.018641290611341652 0.016484935173140494 -0.030187869752110949 0.03595595624111303 -0.0018429144622985022 0.0018027134945276999 -0.006028834981951176 0.012516889288292246 -0.009566359889820325 0.011461436920331178 -0.021456147157639809 0.013598429561212983 -0.010160371700172088 0.014437323846870225 -0.014954594973278454 -0.0019359742496100204 0.01132604484259764 -0.014048143740785207 -0.017413113858859696
leaf_weight=4.0737993121147147 3.1950351521372786 7.8365433663129798 3.6278250813484183 7.276053160429 8.1895247995853406 3.1037858575582495 2.7907327413558951 3.0643729642033568 1.6785850673913945 1.1586267724633343 3.4844384305179119 3.1594594642519951 6.1607686728239051 3.8060858994722357 4.0716075897216788 5.2941491007804862 2.9974731504917136 3.5958430096507064 5.9598010480403891 4.2280077636241904 3.2380051612854004 3.4498321861028671 2.9916040077805519 1.924097418785095 1.1710576657205818
leaf_count=21 29 40 18 36 36 13 14 19 21 13 40 28 27 17 17 23 19 35 28 18 27 28 28 12 30
internal_value=-3.62133e-05 -0.00043904 0.000224005 -0.000763202 0.000167067 -0.000999788 6.01879e-05 -0.000731398 -0.000172002 -0.00120953 -0.0110583 0.00903167 -0.000193497 0.000625672 -0.000503542 0.000521223 -0.00136451 0.00080832 -0.00109837 0.00187543 -0.00193645 -0.00823911 0.0038812 -0.00135461 0.00912904
internal_weight=101.527 98.3321 90.4955 86.8677 79.5917 71.4021 68.2983 65.5076 61.4338 55.21 5.16302 6.22383 50.047 43.8862 40.0801 36.0085 30.7143 27.7169 24.121 18.1612 13.9332 6.68784 7.24539 4.25378 2.32968
internal_count=637 608 568 550 514 478 465 451 430 383 61 47 322 295 278 261 238 219 184 156 138 55 83 55 43
is_linear=0
shrinkage=0.06


Tree=71
num_leaves=25
num_cat=0
split_feature=0 0 0 0 0 0 0 0 0 0 0 0 0 0 0 0 0 0 0 0 0 0 0 0
split_gain=0.135816 0.657267 0.264677 0.244704 0.220974 0.374025 0.435437 0.249791 0.168526 0.168487 0.142437 0.402583 0.264467 0.150814 0.237034 0.172083 0.219023 0.10183 0.131215 0.120925 0.0882045 0.146173 0.120499 0.0151149
threshold=8.2649999000000012 7.9549999000000007 7.9049999500000006 8.8850002000000021 7.7349999000000009 7.5699999000000009 7.4849999000000009 7.1400001000000008 9.7150001500000016 7.0050001000000011 6.7299998000000008 6.6150000000000011 6.5000000000000009 4.3499999000000011 4.9349999500000008 5.2550001000000011 5.0450001000000011 5.5300000000000002 6.1849999500000008 5.4049999500000006 6.0550000500000012 5.8550000000000013 5.6549999500000006 5.7950001000000011
decision_type=10 10 8 8 8 8 8 8 10 8 8 8 8 10 10 10 10 10 8 10 8 8 10 10
left_child=1 2 4 -2 5 6 7 9 -5 10 11 12 13 -1 -15 16 -16 19 20 -17 21 22 -19 -24
right_child=3 -3 -4 8 -6 -7 -8 -9 -10 -11 -12 -13 -14 14 15 17 -18 18 -20 -21 -22 -23 23 -25
leaf_value=0.011246400734424228 0.014438718246874966 -0.025392036943796766 0.01173551430792329 -0.0095649053997272481 -0.014639470983413156 0.019337541003021489 -0.022976355407901598 0.010336892520139643 0.011294973714252778 -0.013930672378571882 0.0074649616635261993 -0.02365007112814993 0.016342304132494743 -0.015001582973403467 0.022552296510163775 -0.0036693711206201331 -0.0024069768508732663 -0.004862057487707616 -0.012230701936356496 -0.024822201289299049 0.0065518344238859371 -0.0087344247531245915 0.011258561133632288 0.0052418138500712943
leaf_weight=3.115506023168563 6.0767078995704624 3.7629543393850318 6.6389288604259482 4.1109086051583299 3.9127521067857733 3.4311483800411215 3.0891947746276847 7.5623603612184516 2.1098560094833374 3.5394393056631079 7.174544855952262 2.8071706444025031 3.2177959978580466 4.7812774553894988 2.4124182164669028 2.7881413251161602 2.6626904532313347 4.4017670303583234 3.3271576017141333 1.4944085255265234 6.3303173482418051 6.5946764275431624 2.9592652842402458 3.0545787960290909
leaf_count=15 32 16 34 25 18 14 13 35 20 16 30 13 13 35 18 37 27 34 39 37 31 38 26 21
internal_value=-3.53931e-05 -0.000851547 0.000231098 0.00587521 -0.000739921 -1.22958e-05 -0.000943296 5.43717e-05 -0.00249 -0.00122751 -0.000440377 -0.00157592 -0.000261413 -0.00147782 -0.00244929 -0.000783356 0.00945724 -0.00246257 -0.00108341 -0.0110507 0.000505619 -0.00174446 0.00268126 0.00820251
internal_weight=101.356 89.0585 85.2955 12.2975 78.6566 74.7439 71.3127 68.2235 6.22076 60.6612 57.1217 49.9472 47.14 43.9222 40.8067 36.0254 5.07511 30.9503 26.6678 4.28255 23.3406 17.0103 10.4156 6.01384
internal_count=637 560 544 77 510 492 478 465 45 430 414 384 371 358 343 308 45 263 189 74 150 119 81 47
is_linear=0
shrinkage=0.06


Tree=72
num_leaves=25
num_cat=0
split_feature=0 0 0 0 0 0 0 0 0 0 0 0 0 0 0 0 0 0 0 0 0 0 0 0
split_gain=0.127515 0.217631 0.553434 0.213807 0.23891 0.158002 0.230906 0.136786 0.21862 0.148286 0.196635 0.136425 0.207041 0.34635 0.10941 0.315622 0.310091 0.272721 0.145006 0.139362 0.077151 0.0338158 0.0162584 0.000993733
threshold=9.0949998000000019 8.505000100000002 8.0399999500000003 7.9549999000000007 7.7049999000000007 7.4949999000000007 7.0500002000000004 6.8100002000000011 6.6350000000000007 6.3950000000000005 6.1649999500000012 4.3499999000000011 4.9349999500000008 5.0450001000000011 6.0450001000000011 5.9449999500000006 5.2149999000000014 5.3100002000000011 5.5300000000000002 5.7149999000000014 5.815000050000001 5.4049999500000006 7.2349999000000009 5.6150000000000011
decision_type=10 10 10 8 8 10 10 10 8 8 8 10 10 10 8 8 10 10 8 10 10 10 10 10
left_child=1 2 3 4 5 6 7 8 9 10 11 -1 -13 -14 15 16 -15 -18 21 23 -21 -19 -8 -20
right_child=-2 -3 -4 -5 -6 -7 22 -9 -10 -11 -12 12 13 14 -16 -17 17 18 19 20 -22 -23 -24 -25
leaf_value=0.010521585653843951 0.0095919944812978223 -0.011303329822059926 0.023300167211255045 -0.010561643178506266 0.012569608564324698 -0.010447858811530701 0.011155255203077344 -0.0092079654148741127 0.013857864620029879 -0.011604522712180477 0.01313018268706919 -0.01422621655838802 0.020916308331831258 -0.029026499463655792 -0.0098574543031894335 0.014077303058249793 0.015834712458317492 -0.0099381296872484686 0.0057029482218957407 -0.014651315573805359 -0.0017324756464306783 -0.023848404860604532 0.0063294046220427882 0.0040746201681982281
leaf_weight=3.1298604458570471 4.7229104712605467 6.2820486128330222 3.5992526262998572 7.2671403586864463 5.2420255839824668 5.5227301567792884 4.4117105901241285 7.0276352018117896 3.6558062136173239 4.6016712486743918 3.6101935356855384 4.740642584860324 2.4440193027257946 1.6341520473361111 5.9492897093296042 4.2333021461963645 2.7004421353340176 1.103788241744039 2.9581122547388077 3.2241862863302231 3.4394334852695465 1.4630845915526149 5.8402848690748215 2.4807390049099922
leaf_count=15 37 32 18 36 24 23 20 30 16 26 35 35 18 21 28 18 19 24 19 27 28 37 27 24
internal_value=-3.42508e-05 -0.000505079 0.000246311 -0.000710962 0.00019048 -0.000684412 0.000101053 -0.00135697 -0.000282895 -0.00136637 -0.000273558 -0.00149859 -0.00253297 -0.000780435 -0.00259728 -0.000738496 -0.00403885 -0.00168801 -0.00491372 -0.00216644 -0.00798324 -0.0178668 0.0084061 0.00496024
internal_weight=101.284 96.5616 90.2795 86.6802 79.4131 74.1711 68.6484 58.3964 51.3687 47.7129 43.1112 39.5011 36.3712 31.6305 29.1865 23.2372 19.0039 17.3698 14.6693 12.1025 6.66362 2.56687 10.252 5.43885
internal_count=637 600 568 550 514 490 467 420 390 374 348 313 298 263 245 217 199 178 159 98 55 61 47 43
is_linear=0
shrinkage=0.06


Tree=73
num_leaves=24
num_cat=0
split_feature=0 0 0 0 0 0 0 0 0 0 0 0 0 0 0 0 0 0 0 0 0 0 0
split_gain=0.12627 0.259713 0.253121 0.240962 0.222195 0.341042 0.141788 0.437369 0.120663 0.202824 0.307493 0.172338 0.120478 0.23573 0.135838 0.170187 0.258852 0.188442 0.141352 0.19634 0.176063 0.149447 0.114598
threshold=8.6349997500000004 7.9549999000000007 7.9049999500000006 9.2449999000000016 7.674999950000001 7.4399998000000007 7.1849999500000008 7.0500002000000004 6.8100002000000011 6.5850000500000005 6.3950000000000005 6.1649999500000012 6.0450001000000011 5.9449999500000006 4.3499999000000011 5.0150001000000008 5.2550001000000011 5.3950000000000005 5.5850000500000005 5.6549999500000006 5.7950001000000011 5.4649999000000014 4.7449999000000007
decision_type=10 10 8 8 8 8 8 8 8 8 8 8 10 10 10 10 10 10 8 8 10 10 10
left_child=1 2 4 -2 5 6 7 8 9 10 11 12 13 14 -1 22 -17 -18 21 -20 -21 -19 -16
right_child=3 -3 -4 -5 -6 -7 -8 -9 -10 -11 -12 -13 -14 -15 15 16 17 18 19 20 -22 -23 -24
leaf_value=0.0098469809968349323 0.015988083412596631 -0.01154887209788729 0.011501349251264248 -0.0040634900366333087 -0.012217823872526557 0.014251334543142034 -0.0098323294906850385 0.02270733998453699 -0.0086499563199518084 0.010857587796599765 -0.020232810736632984 0.012222019931338703 -0.0092982047977084835 0.013191417045127624 -0.0045847189570185805 0.012718474005616915 -0.019478671084611807 0.024886081885167149 -0.019932288857185454 0.011037865220045708 -0.007620200546626257 -0.00030489687111202065 -0.021611848932275669
leaf_weight=3.1431994736194637 4.7477541118860218 7.2952111959457389 6.6337908506393424 3.9545950368046769 5.6031846702098838 5.7154127061367026 5.9820395261049262 2.8712978065013877 7.0319893956184378 5.2898234724998465 2.9663553833961478 3.6446345448493949 5.9293223470449439 4.2461272180080405 3.0605055987834957 4.0839131996035603 2.4591841958463219 1.3071733321994519 2.4463196024298659 2.9663724452257165 4.7141045555472374 2.4125437699258327 2.6594910472631454
leaf_count=15 26 34 34 33 25 25 27 13 30 23 19 35 28 18 16 34 34 19 23 26 38 32 30
internal_value=-3.34887e-05 -0.000683804 0.000246875 0.00687608 -0.000703806 0.000180814 -0.00101564 -0.0001543 -0.00127907 -0.000269268 -0.00154772 -0.000260913 -0.0014148 -1.9434e-05 -0.00193703 -0.00335564 -0.000789932 -0.00417324 -0.00145494 -0.00512904 -0.000414037 0.00854765 -0.0125014
internal_weight=101.164 92.462 85.1668 8.70235 78.533 72.9298 67.2144 61.2324 58.3611 51.3291 46.0392 43.0729 39.4283 33.4989 29.2528 26.1096 20.3896 16.3057 13.8465 10.1268 7.68048 3.71972 5.72
internal_count=637 578 544 59 510 485 460 433 420 390 367 348 313 285 267 252 206 172 138 87 64 51 46
is_linear=0
shrinkage=0.06


Tree=74
num_leaves=24
num_cat=0
split_feature=0 0 0 0 0 0 0 0 0 0 0 0 0 0 0 0 0 0 0 0 0 0 0
split_gain=0.116144 0.579427 0.237961 0.227366 0.157303 0.240297 0.152707 0.126774 0.175791 0.399145 0.270874 0.119019 0.111016 0.12477 0.228061 0.150637 0.122596 0.383623 0.326886 0.164548 0.151332 0.163811 0.132534
threshold=8.2649999000000012 7.9549999000000007 8.8850002000000021 7.7049999000000007 7.4949999000000007 7.4399998000000007 9.7150001500000016 7.0850000500000005 6.7299998000000008 6.6150000000000011 6.5000000000000009 6.1849999500000008 6.0550000500000012 5.9050000000000011 5.815000050000001 5.7149999000000014 4.4600000500000005 4.7449999000000007 5.0150001000000008 5.1849999500000008 5.5950000500000012 5.4349999500000008 5.2650001000000008
decision_type=10 10 10 10 10 8 10 10 10 8 8 8 10 8 8 8 10 10 10 8 10 10 10
left_child=1 3 -2 4 5 7 -4 8 9 10 11 12 13 14 15 16 -1 -18 -19 -20 21 22 -21
right_child=2 -3 6 -5 -6 -7 -8 -9 -10 -11 -12 -13 -14 -15 -16 -17 17 18 19 20 -22 -23 -24
leaf_value=-0.00960562884273858 0.013926906514338229 -0.023851611424727463 -0.0095146614016590469 0.01234610885382797 -0.010336394043015337 0.010546528216460503 0.010424796004818489 -0.0080331679262621667 0.0075442192620177274 -0.023415684856621832 0.016703607102071461 -0.012248015037534305 0.0068591181777681769 -0.0099385372460196863 0.016434097314159905 -0.014099101007891407 0.025826235959473087 -0.020681051276374346 0.016148444590303294 -0.010540152424674968 0.010826755389561004 -0.015670442454932151 0.0094721065073112513
leaf_weight=4.0775290578603842 6.036623686552046 3.7554733157157889 4.1130202040076256 5.2332250624895087 5.5192982554435721 7.2410745918750754 2.0829795300960541 8.0267910510301572 9.3651746958494169 2.8018490076065055 3.2156130522489539 3.3266589343547812 6.3256105631589881 5.6513140052556983 2.6934872642159453 3.1992957890033713 2.1322108805179623 2.6138692572712925 2.5722909271717045 1.9335115402936915 3.0073566287755975 3.1399056818336248 3.1037349030375481
leaf_count=21 32 16 25 24 23 37 20 36 40 13 13 39 31 29 20 27 10 30 20 17 28 45 41
internal_value=-3.28609e-05 -0.000786826 0.00544872 0.000230072 -0.000563032 0.000161731 -0.00281139 -0.000957504 2.52754e-06 -0.00141589 -0.000104191 -0.0013388 -0.000441619 -0.00179495 -0.00017862 -0.00191433 -0.000187938 0.00188746 -0.00123046 0.00246526 -0.000681692 -0.00491422 0.00179054
internal_weight=101.168 88.9353 12.2326 85.1798 79.9466 74.4273 6.196 67.1862 59.1594 49.7942 46.9924 43.7768 40.4501 34.1245 28.4732 25.7797 22.5804 18.5029 16.3707 13.7568 11.1845 8.17715 5.03725
internal_count=637 560 77 544 520 497 45 460 424 384 371 358 319 288 259 239 212 191 181 151 131 103 58
is_linear=0
shrinkage=0.06


Tree=75
num_leaves=23
num_cat=0
split_feature=0 0 0 0 0 0 0 0 0 0 0 0 0 0 0 0 0 0 0 0 0 0
split_gain=0.125705 0.223382 0.14118 0.147443 0.127716 0.13921 0.307089 0.114475 0.101476 0.216356 0.112174 0.158115 0.183071 0.143996 0.18 0.133708 0.201249 0.211857 0.121729 0.0605757 0.0105427 0.00797647
threshold=3.0849999000000001 4.5900001500000007 5.0150001000000008 5.2550001000000011 5.6549999500000006 5.5850000500000005 5.3950000000000005 5.4649999000000014 5.8550000000000013 6.0350001000000004 6.1549999500000006 6.5850000500000005 6.3950000000000005 6.8100002000000011 7.0150001000000008 7.4949999000000007 8.2649999000000012 8.8850002000000021 9.4600000500000014 7.7349999000000009 5.7950001000000011 7.2200000000000015
decision_type=10 10 10 10 10 10 10 10 10 10 10 10 10 10 10 10 10 8 10 10 10 8
left_child=-1 -2 -3 -4 5 6 -5 -8 20 -10 -11 12 -12 -13 -15 21 19 -18 -19 -17 -6 -16
right_child=1 2 3 4 8 -7 7 -9 9 10 11 13 -14 14 15 16 17 18 -20 -21 -22 -23
leaf_value=-0.0081113808753452664 0.013873420366688921 -0.011337604348670162 0.011450480105225732 -0.018875581999263646 0.010640679195530767 -0.019286720726438524 0.022580838227633911 0.00065535321883360728 -0.012155013963558519 0.0085061362829116083 -0.00027325375633457651 0.010654964516333503 -0.019727426896820433 -0.0091551146615533215 0.0093178197877238304 -0.00070507405469754151 0.013177095153173205 -0.010515487887102742 0.0063335154889304001 -0.0085828032546336665 0.0056181468473917697 0.0060099927494879132
leaf_weight=6.4879279732704154 4.3058740496635428 3.8626245930790892 4.1291953176259986 2.4350283630192262 2.9790688753128043 2.4208277985453606 1.337108248844743 2.388829093426466 4.9100259542465201 6.3162420392036429 4.2593368068337432 5.2767378985881797 2.9457177966833115 6.3771693855524054 4.4078581333160374 5.9961376637220409 5.9985235333442661 3.3020277768373498 2.8987860158085823 8.4886714220046979 3.0397960990667343 6.4861714839935312
leaf_count=33 22 36 34 34 26 23 19 32 31 28 39 23 19 27 20 25 32 18 27 38 21 30
internal_value=-3.22402e-05 0.000522074 -0.000114885 0.000386881 -0.00016845 -0.0070957 -0.00230549 0.00852364 0.000638369 -2.57281e-05 0.000923306 7.4663e-05 -0.00822691 0.00128959 0.000165296 0.00174701 -0.000539801 0.005138 -0.00263884 -0.00532174 0.00810408 0.00734838
internal_weight=101.05 94.5618 90.2559 86.3933 82.2641 8.58179 6.16097 3.72594 73.6823 67.6634 62.7534 56.4371 7.20505 49.2321 43.9553 37.5782 26.6841 12.1993 6.20081 14.4848 6.01886 10.894
internal_count=637 604 582 546 512 108 85 51 404 357 326 298 58 240 217 190 140 77 45 63 47 50
is_linear=0
shrinkage=0.06


Tree=76
num_leaves=23
num_cat=0
split_feature=0 0 0 0 0 0 0 0 0 0 0 0 0 0 0 0 0 0 0 0 0 0
split_gain=0.116076 0.245785 0.553176 0.196965 0.225584 0.388302 0.207087 0.184139 0.143602 0.10496 0.30693 0.100552 0.182679 0.159855 0.112265 0.104911 0.140217 0.140201 0.103206 0.247185 0.0787893 0.0199392
threshold=9.0949998000000019 8.505000100000002 8.0399999500000003 7.9549999000000007 7.5699999000000009 7.4849999000000009 7.1400001000000008 7.0050001000000011 6.8650000000000011 6.5600002000000011 6.3650000000000011 4.3499999000000011 4.8400001500000007 5.0450001000000011 5.3950000000000005 6.1549999500000006 6.0550000500000012 5.8550000000000013 5.7550001000000011 5.6350000000000007 5.2550001000000011 5.5300000000000002
decision_type=10 10 10 8 10 8 8 8 8 10 8 10 10 10 10 8 10 8 10 10 10 10
left_child=1 2 3 4 5 6 7 8 9 10 11 -1 -13 -14 20 16 17 18 19 21 -15 -16
right_child=-2 -3 -4 -5 -6 -7 -8 -9 -10 -11 -12 12 13 14 15 -17 -18 -19 -20 -21 -22 -23
leaf_value=0.0092209435279653213 0.0091845968692122037 -0.011987669382436963 0.023428680040119634 -0.010098721169761588 0.0096728026332844243 -0.021725838053184988 0.0094512913497453842 -0.014352538597972102 0.0118046506531363 -0.0071988261104973805 0.020245784285662861 -0.014739435238768025 0.01161811527288786 -0.0030413666145289726 0.00042465071905004509 -0.0095132585294588762 0.010429792187622825 -0.0082764103795940677 0.010045815197496973 -0.017521744768920485 -0.018010605328637481 0.0081269090065301045
leaf_weight=3.1552294939756385 4.6915023922920218 6.2484291642904273 3.5803671330213538 7.2582436501979819 8.1656379103660566 3.0711353421211234 7.5544730722904196 3.5451599508523932 3.3437136709690085 8.3347627669572812 2.5748130679130545 3.6282718032598487 3.474800392985343 2.6785883828997603 1.8109475281089631 3.898415967822074 4.6617004871368399 6.5524966567754737 4.3289841413497925 2.4037620425224304 2.3999589197337627 3.6460105180740356
leaf_count=15 37 32 18 36 36 13 35 16 14 36 20 22 31 27 40 35 21 38 30 26 34 25
internal_value=-3.1321e-05 -0.000480224 0.000318105 -0.00063862 0.000228031 -0.000857237 8.53773e-05 -0.00108533 -0.000258602 -0.00101186 0.000128647 -0.00108615 -0.00190981 -0.000611563 -0.00192393 -0.000400235 0.00111773 -0.00119843 0.00260629 -0.00149074 -0.0101153 0.00557084
internal_weight=101.007 96.3159 90.0675 86.4871 79.2289 71.0632 67.9921 60.4376 56.8925 53.5487 45.214 42.6392 39.4839 35.8557 32.3809 27.3023 23.4039 18.7422 12.1897 7.86072 5.07855 5.45696
internal_count=637 600 568 550 514 478 465 430 414 400 364 344 329 307 276 215 180 159 121 91 61 65
is_linear=0
shrinkage=0.06


Tree=77
num_leaves=22
num_cat=0
split_feature=0 0 0 0 0 0 0 0 0 0 0 0 0 0 0 0 0 0 0 0 0
split_gain=0.114655 0.181389 0.139602 0.116351 0.203761 0.0999183 0.116776 0.0893854 0.247276 0.224627 0.261086 0.286211 0.268578 0.121641 0.22006 0.257123 0.296457 0.103712 0.0890359 0.0712091 0.0546555
threshold=4.4600000500000005 4.9649999000000014 5.2149999000000014 5.4349999500000008 5.6549999500000006 5.7149999000000014 5.9449999500000006 9.0949998000000019 8.505000100000002 7.9049999500000006 7.674999950000001 7.4399998000000007 6.0450001000000011 6.1649999500000012 6.5600002000000011 6.7299998000000008 7.0850000500000005 6.3650000000000011 5.3100002000000011 5.8300002000000015 5.5850000500000005
decision_type=8 8 8 8 8 10 10 8 10 8 8 8 10 10 10 10 10 10 10 10 10
left_child=-1 -2 -3 18 20 -6 19 8 9 10 11 12 -8 -14 17 -16 -17 -15 -4 -7 -5
right_child=1 2 3 4 5 6 7 -9 -10 -11 -12 -13 13 14 15 16 -18 -19 -20 -21 -22
leaf_value=-0.0098794337692269269 0.012921402390043846 -0.011360765917257796 0.016704342566072512 -0.0059487115430824633 0.0074780725667571097 -0.012627834102643499 0.01397824869488253 0.0086873109974071241 -0.011207801963194762 0.012561293422819232 -0.012153046389379491 0.014168400943287201 -0.0098492556501448454 0.002826699096703108 -0.015948282906472797 0.0074087521873338162 -0.0083090099473995399 0.018891144508604615 -0.00047372811192606556 0.00013696644199152173 -0.01845291677254705
leaf_weight=4.0827046930789939 3.984091527760028 3.835490755736827 2.6742941290140143 2.6625514719635239 6.8883150592446318 4.0558430999517432 4.231023669242858 4.6633465662598601 6.2811674028635016 5.7675614655017844 5.5977103710174552 5.6830542534589759 5.9439959824085227 3.2724377438426044 4.4955999106168774 9.3543142676353472 8.0270096659660322 2.5932861566543579 1.829188287258148 2.5703555196523666 2.3862341195344925
leaf_count=21 32 36 19 41 39 32 18 37 32 28 25 25 28 31 20 40 36 20 31 23 23
internal_value=-3.02004e-05 0.000385221 -0.000152908 0.000330222 -0.000170745 0.000572215 -8.35868e-05 0.00067973 7.00344e-05 0.00135879 4.55189e-05 0.00161164 -0.000270352 -0.00205997 -0.000391075 -0.00315811 0.000150005 0.00992893 0.00972709 -0.00767627 -0.0118586
internal_weight=100.88 96.7969 92.8128 88.9773 84.4738 79.425 72.5367 65.9105 61.2472 54.966 49.1984 43.6007 37.9177 33.6866 27.7426 21.8769 17.3813 5.86572 4.50348 6.6262 5.04879
internal_count=637 616 584 548 498 434 395 340 303 271 243 218 193 175 147 96 76 51 50 55 64
is_linear=0
shrinkage=0.06


Tree=78
num_leaves=25
num_cat=0
split_feature=0 0 0 0 0 0 0 0 0 0 0 0 0 0 0 0 0 0 0 0 0 0 0 0
split_gain=0.107426 0.209554 0.174869 0.217021 0.137486 0.110428 0.0986832 0.133995 0.0970726 0.190804 0.0923009 0.178046 0.406539 0.191174 0.173145 0.128178 0.199359 0.217406 0.092691 0.0610359 0.0406448 0.0126752 0.0107826 0.000512891
threshold=3.0849999000000001 4.7449999000000007 5.1400001000000008 5.3100002000000011 5.6549999500000006 5.0150001000000008 5.8550000000000013 6.0550000500000012 5.4149999500000012 5.5850000500000005 6.3050000500000012 6.6949999500000006 6.8100002000000011 6.5600002000000011 7.0150001000000008 7.4949999000000007 8.2649999000000012 8.8850002000000021 9.4600000500000014 7.7349999000000009 6.1549999500000006 5.7950001000000011 7.2200000000000015 5.5550000500000012
decision_type=10 10 10 10 10 10 10 10 10 10 10 10 10 10 10 10 10 8 10 10 10 10 10 10
left_child=-1 -2 5 -4 8 -3 21 -8 -5 23 20 13 -13 -12 -14 22 19 -18 -19 -17 -9 -6 -16 -10
right_child=1 2 3 4 6 -7 7 10 9 -11 11 12 14 -15 15 16 17 18 -20 -21 -22 -23 -24 -25
leaf_value=-0.0075169131948320742 0.011737541265189617 -0.019809946110165393 0.015118480327248968 -0.022455983300901271 0.010680913609064585 -0.0017895172793057404 -0.0082766955646063727 0.0103931105944633 0.0043735248023423585 -0.017595066317408477 0.0017247788667812858 0.026655083089678747 -0.0091807462277736559 -0.018109234397860614 0.0092967843133037534 -0.00084297568013623199 0.013094884815317794 -0.0097708628697001781 0.0049848393055919359 -0.0087555504601647301 0.0016582939531280094 0.0051783112092478574 0.0054487838465749816 0.0059257061345517458
leaf_weight=6.456219568848609 5.6022908687591544 2.5726412534713736 3.4654131159186354 1.398330833762883 2.976074554026126 2.3355934470891953 6.543167605996131 4.6625287979841223 1.6553721595555546 2.3534536734223366 3.2281336188316336 2.1557045727968207 6.3680539876222602 3.8194292336702347 4.4061896950006467 5.9873574823141125 5.9808485507965061 3.3205807358026513 2.8461904600262642 8.4804840534925443 3.2577657774090767 3.0530121177434921 6.4723243862390518 1.4270482063293455
leaf_count=33 28 30 30 27 26 17 38 21 37 23 28 9 27 17 20 25 32 18 27 38 27 21 30 8
internal_value=-2.92351e-05 0.000483037 -0.000227271 0.000417012 -0.000216715 -0.0112349 0.0005396 -0.000117059 -0.00835708 -0.00473026 0.000758392 -0.0001434 0.0012167 -0.00902427 -3.3535e-05 0.00152005 -0.00072278 0.00494429 -0.00296057 -0.00548102 0.00680032 0.0078945 0.00700736 0.00509213
internal_weight=100.824 94.368 88.7657 83.8575 80.3921 4.90823 73.5578 67.5288 6.8342 5.43587 60.9856 53.0653 46.0177 7.04756 43.862 37.494 26.6155 12.1476 6.16677 14.4678 7.92029 6.02909 10.8785 3.08242
internal_count=637 604 576 529 499 47 404 357 95 68 319 271 226 45 217 190 140 77 45 63 48 47 50 45
is_linear=0
shrinkage=0.06


Tree=79
num_leaves=22
num_cat=0
split_feature=0 0 0 0 0 0 0 0 0 0 0 0 0 0 0 0 0 0 0 0 0
split_gain=0.113303 0.163845 0.122413 0.0981453 0.172543 0.0958083 0.110145 0.258512 0.251031 0.234148 0.139054 0.195805 0.142374 0.205312 0.128673 0.188705 0.17266 0.240906 0.102459 0.0406232 0.00683742
threshold=4.4600000500000005 4.9649999000000014 5.2149999000000014 5.4349999500000008 5.6549999500000006 5.7149999000000014 8.6349997500000004 9.2449999000000016 7.9549999000000007 7.7049999000000007 7.4949999000000007 5.8300002000000015 7.1400001000000008 7.0050001000000011 6.0450001000000011 6.5850000500000005 6.3050000500000012 6.1450000000000005 6.8100002000000011 5.5850000500000005 5.2850001000000004
decision_type=8 8 8 8 8 10 10 8 10 8 8 10 10 8 10 10 10 10 8 10 10
left_child=-1 -2 -3 20 19 -6 8 -8 9 10 11 -7 13 14 -13 16 17 -16 -17 -5 -4
right_child=1 2 3 4 5 6 7 -9 -10 -11 -12 12 -14 -15 15 18 -18 -19 -20 -21 -22
leaf_value=-0.0098213420392841717 0.01228418302049065 -0.010668779718799129 0.011433963857727596 -0.0059077163160065876 0.0072955614262698457 -0.012377194021920003 0.015688902693646638 -0.0051805430871832087 -0.011486362403968498 0.012470628124510193 -0.0098622526827825008 0.0086101474558744149 0.008623762225623343 -0.013927056021245105 -0.011025641748862796 0.011040507484599556 -0.016186929768724 0.009056423675681621 -0.00059381821793405717 -0.016767135228492658 0.0067606069600786734
leaf_weight=4.081044763326644 3.9936605617403975 3.8034375458955756 2.0981000065803519 2.6610129885375491 6.9022985994815818 4.042968437075614 4.7298839092254612 3.8975580483675012 7.234671786427497 5.2354286462068549 5.5020680427551261 6.7992487251758602 8.045154854655264 3.5410455316305152 4.3162447959184664 5.2523351162672016 3.9397765547037116 4.2857358157634735 5.6631779372692117 2.3224601224064827 2.4350825548171997
leaf_count=21 32 36 14 41 39 32 26 33 34 24 23 41 37 16 19 23 31 32 24 23 36
internal_value=-2.84809e-05 0.000384803 -0.000127798 0.000323158 -0.000138935 0.000540883 -0.00010232 0.00626086 -0.000962011 0.000382672 -0.000848859 0.00023192 0.00145025 -0.000257328 0.0013425 -0.000764082 -0.00578458 -0.00102022 0.0050044 -0.0109686 0.00892358
internal_weight=100.782 96.7014 92.7077 88.9043 84.3711 79.3876 72.4853 8.62744 63.8579 56.6232 51.3878 45.8857 41.8427 33.7976 30.2565 23.4573 12.5418 8.60198 10.9155 4.98347 4.53318
internal_count=637 616 584 548 498 434 395 59 336 302 278 255 223 186 170 129 82 51 47 64 50
is_linear=0
shrinkage=0.06


Tree=80
num_leaves=23
num_cat=0
split_feature=0 0 0 0 0 0 0 0 0 0 0 0 0 0 0 0 0 0 0 0 0 0
split_gain=0.104416 0.196003 0.134337 0.131826 0.122744 0.119714 0.0873551 0.240026 0.473722 0.192293 0.281088 0.174961 0.282727 0.131831 0.154512 0.29647 0.130899 0.177744 0.170488 0.161908 0.0609659 0.00144819
threshold=3.0849999000000001 4.5900001500000007 5.0150001000000008 5.2550001000000011 5.5300000000000002 5.4049999500000006 9.0949998000000019 8.505000100000002 8.0399999500000003 7.674999950000001 7.4399998000000007 7.1849999500000008 7.0150001000000008 6.8100002000000011 6.5850000500000005 6.3950000000000005 6.1649999500000012 6.0450001000000011 5.9449999500000006 5.7149999000000014 5.815000050000001 5.6150000000000011
decision_type=10 10 10 10 10 10 8 8 8 10 8 8 8 8 8 8 8 8 8 10 10 10
left_child=-1 -2 -3 -4 5 -5 7 8 9 10 11 12 13 14 15 16 17 18 19 21 -21 -6
right_child=1 2 3 4 6 -7 -8 -9 -10 -11 -12 -13 -14 -15 -16 -17 -18 -19 -20 20 -22 -23
leaf_value=-0.0074124251280350811 0.012950834921756889 -0.011100538495307757 0.010802008804886085 -0.0027569855693894839 0.0077640127679160405 -0.0240149010060265 0.0083601508339323765 -0.011354262025417696 0.022273706870450882 -0.0090837944818710388 0.013626881260225729 -0.010092402659992129 0.017139010933567709 -0.0084994774915269113 0.010355006799218037 -0.01889054186348468 0.011743909604144589 -0.0093921417839537731 0.013078145152298454 -0.013229918256915324 -0.0016763860710064088 0.0057765318654754661
leaf_weight=6.4510488063096991 4.3273297250270835 3.8412166163325301 4.148770496249198 2.7444795072078696 2.893967375159276 1.461571719497442 4.6426532045006743 6.2678556740283957 3.5435628890991202 7.8112270385026923 5.671938255429267 5.9852225929498664 3.5249440371990195 6.3723604232072821 5.2636735141277304 2.9365364462137213 3.6584370881319037 5.9316444396972647 4.243989646434783 3.1580063849687576 3.4301179423928261 2.4264742136001587
leaf_count=33 22 36 34 37 19 37 37 32 18 35 25 27 16 27 23 19 35 28 18 27 28 24
internal_value=-2.74402e-05 0.000477841 -0.000122155 0.00036753 -0.000160602 -0.010144 0.000379381 -0.000127347 0.000925255 -0.00026968 0.000970904 -0.000469807 0.000843907 -0.000580849 0.000905778 -0.0008285 0.00123189 -0.000509518 0.00275242 -0.000927481 -0.00721455 0.00685759
internal_weight=100.737 94.286 89.9586 86.1174 81.9687 4.20605 77.7626 73.12 66.8521 63.3085 55.4973 49.8254 43.8402 40.3152 33.9428 28.6792 25.7426 22.0842 16.1526 11.9086 6.58812 5.32044
internal_count=637 604 582 546 512 74 438 401 369 351 316 291 264 248 221 198 179 144 116 98 55 43
is_linear=0
shrinkage=0.06


Tree=81
num_leaves=24
num_cat=0
split_feature=0 0 0 0 0 0 0 0 0 0 0 0 0 0 0 0 0 0 0 0 0 0 0
split_gain=0.113473 0.234757 0.199053 0.118639 0.197298 0.159202 0.104881 0.144861 0.0857372 0.41295 0.126043 0.121104 0.134877 0.21572 0.176679 0.240378 0.235935 0.210353 0.0855952 0.0393883 0.0347361 0.0164263 0.010879
threshold=4.4600000500000005 4.8750000000000009 5.1400001000000008 5.4349999500000008 5.2550001000000011 5.6549999500000006 5.8550000000000013 6.0550000500000012 6.5600002000000011 6.6350000000000007 6.2299998000000008 6.8100002000000011 7.0500002000000004 7.0850000500000005 7.4399998000000007 7.674999950000001 8.2649999000000012 8.8850002000000021 9.4600000500000014 5.5850000500000005 7.9049999500000006 5.3250000500000008 5.7950001000000011
decision_type=8 8 8 8 10 8 8 8 8 8 10 8 8 10 10 10 10 10 10 10 8 10 10
left_child=-1 -2 -3 4 -4 19 22 -8 10 -10 -9 -11 -13 -14 -15 -16 20 -18 -19 -5 -17 -6 -7
right_child=1 2 3 5 21 6 7 8 9 11 -12 12 13 14 15 16 17 18 -20 -21 -22 -23 -24
leaf_value=-0.0098260973019432974 0.016815927005332795 -0.013257054754614138 0.02500455463617314 -0.0055526501175046771 -0.0032824157504704279 0.010739736855386792 -0.0086003038777367202 0.00052969207712393995 -0.024984962145022174 0.011406592163219429 0.013647089856009331 -0.0076107586516745611 0.011294385643754953 -0.0083145131349229018 0.012808204208536679 -0.010929035710128794 0.012679837298239955 -0.0096769594572212996 0.0045244674717138163 -0.01628479136656108 -0.0038711696780645345 0.0049684464065717429 0.005634785075965488
leaf_weight=4.081362158060073 3.033030003309249 3.9902555122971526 1.8422643542289723 2.6429795417934647 1.7910566180944445 2.974338322877883 6.5467720329761496 6.8888026773929578 2.3211125880479804 3.6561810821294776 4.2727503180503845 7.0257630646228781 6.6441420614719382 8.033720910549162 5.6723929494619396 5.6117954552173623 5.9457352906465513 3.3225907981395721 2.8285868465900421 2.304600365459919 4.5423164516687402 1.686673656105995 3.0376232415437698
leaf_count=21 19 38 17 41 16 26 38 37 10 16 39 30 34 36 25 25 32 18 27 23 20 28 21
internal_value=-2.64618e-05 0.000387508 -0.000144941 0.000439046 0.00912899 -0.000109539 0.000541753 -8.30085e-05 0.00075216 -0.000211151 0.00555116 0.000868041 9.16324e-05 0.0013619 -0.000473416 0.00178251 -0.00102824 0.00463228 -0.00314651 -0.0105517 -0.00777179 0.000719192 0.00816039
internal_weight=100.697 96.6155 93.5825 89.5922 5.31999 84.2722 79.3246 73.3127 66.7659 55.6043 11.1616 53.2832 49.627 42.6013 35.9571 27.9234 22.251 12.0969 6.15118 4.94758 10.1541 3.47773 6.01196
internal_count=637 616 597 559 61 498 434 387 349 273 76 263 247 217 183 147 122 77 45 64 45 44 47
is_linear=0
shrinkage=0.06


Tree=82
num_leaves=23
num_cat=0
split_feature=0 0 0 0 0 0 0 0 0 0 0 0 0 0 0 0 0 0 0 0 0 0
split_gain=0.107616 0.179357 0.0938723 0.25174 0.251253 0.277461 0.135689 0.241035 0.123398 0.1768 0.108869 0.128633 0.0914828 0.317973 0.123807 0.186261 0.182796 0.160155 0.119839 0.0823223 0.256033 0.0195189
threshold=3.0849999000000001 4.5900001500000007 8.6349997500000004 9.2449999000000016 7.9549999000000007 7.8200002000000017 7.674999950000001 7.4399998000000007 7.0850000500000005 6.8650000000000011 5.0150001000000008 5.2550001000000011 6.6150000000000011 6.5000000000000009 6.1549999500000006 6.0550000500000012 5.3950000000000005 5.8550000000000013 6.2299998000000008 5.7550001000000011 5.6350000000000007 5.5300000000000002
decision_type=10 10 10 8 10 8 8 8 10 8 10 10 8 8 8 8 10 10 10 10 10 10
left_child=-1 -2 4 -4 5 6 7 8 9 10 -3 -12 13 14 15 16 -13 19 -16 20 21 -18
right_child=1 2 3 -5 -6 -7 -8 -9 -10 -11 11 12 -14 -15 18 -17 17 -19 -20 -21 -22 -23
leaf_value=-0.0075192892379274835 0.012398789281517254 -0.010739211385223862 0.015209509475420737 -0.0054278672089958504 -0.011409420881641688 0.018839836230074049 -0.011703452192766004 0.012039577799461252 -0.007823595839309111 0.010312668189161656 0.0098292050642461853 -0.018145931527344811 -0.0076823006982701687 0.018047632345024572 -0.020806075142724298 0.010709466823901406 0.0019515271410007046 -0.0081104976549135274 -0.0021752257325395787 0.010192248192275322 -0.016616242901016289 0.0096490762633166752
leaf_weight=6.4571275413036338 4.3413594067096701 3.8145636245608321 4.7057122141122791 3.8843237236142167 7.2109556198120108 2.8029045015573493 3.6318412721157065 5.6724532991647711 8.0258065611124021 5.5313161909580222 4.1895438134670249 2.3976427093148329 6.5914004147052756 3.1979445964097968 2.2325933128595343 4.6577005833387366 1.7721324283629671 6.526267781853675 2.8037638962268829 4.3211417496204376 2.3601465821266174 3.584996834397316
leaf_count=33 22 36 26 33 34 14 15 25 36 24 34 34 29 13 16 21 40 38 33 30 26 25
internal_value=-2.58396e-05 0.000487506 -8.76047e-05 0.00587751 -0.000717675 0.000322581 -0.000405243 0.000201046 -0.000881954 0.000150115 -0.0010101 -0.000178644 -0.0012153 4.38174e-05 -0.00183426 -0.0001437 -0.00255521 -0.000541654 -0.0104342 0.00356157 -0.000151154 0.00710274
internal_weight=100.714 94.2565 89.9152 8.59004 81.3251 74.1142 71.3113 67.6794 62.007 53.9812 48.4498 44.6353 40.4457 33.8543 30.6564 25.62 20.9623 18.5647 5.03636 12.0384 7.71728 5.35713
internal_count=637 604 582 59 523 489 475 460 435 399 375 339 305 276 263 214 193 159 49 121 91 65
is_linear=0
shrinkage=0.06


Tree=83
num_leaves=23
num_cat=0
split_feature=0 0 0 0 0 0 0 0 0 0 0 0 0 0 0 0 0 0 0 0 0 0
split_gain=0.113005 0.146775 0.119074 0.0899006 0.150688 0.0886839 0.101687 0.0767488 0.25666 0.219182 0.225424 0.146099 0.230595 0.108911 0.17431 0.230633 0.254303 0.106912 0.0637917 0.0435621 0.0020933 0.000229909
threshold=4.4600000500000005 4.9649999000000014 5.2149999000000014 5.4349999500000008 5.6549999500000006 5.7149999000000014 5.9449999500000006 9.0949998000000019 8.505000100000002 7.9049999500000006 6.0450001000000011 7.674999950000001 7.4399998000000007 6.1649999500000012 6.5600002000000011 6.7299998000000008 7.0850000500000005 6.3650000000000011 5.8300002000000015 5.5950000500000012 5.2850001000000004 6.9049999500000014
decision_type=8 8 8 8 8 10 10 8 8 8 10 8 8 10 10 10 10 10 10 10 10 10
left_child=-1 -2 -3 20 19 -6 18 8 9 10 -8 12 13 -12 17 -16 21 -15 -7 -5 -4 -17
right_child=1 2 3 4 5 6 7 -9 -10 -11 11 -13 -14 14 15 16 -18 -19 -20 -21 -22 -23
leaf_value=-0.0098050224606846953 0.011640486773512196 -0.010503225653011025 0.0099479371905307843 -0.01463955331521976 0.0070265660206768402 -0.011917919181155933 0.013306234163136347 0.0080798869794490667 -0.011450381909560161 0.012492423503031067 -0.0091497865567587745 -0.010226003551896004 0.011317751477718367 0.0018086863799463195 -0.014805887598920521 0.0075165671727337163 -0.0073613899575482693 0.018062795907865366 0.00019728758229521325 -0.0029735744705482493 0.0073654198841399824 0.0069205119993589366
leaf_weight=4.0807403773069373 4.0004539862275115 3.7968267872929564 2.1215893179178229 3.0842391476035109 6.9179764911532393 4.0148686915636054 4.2407327294349662 4.6247589066624633 6.2565108686685553 5.7198532819747916 5.9170164614915839 5.6071120202541342 5.6721850186586371 3.3139554634690311 4.4738246649503735 4.548660874366762 8.018186226487158 2.5995829999446869 2.5636806935071945 1.8396083414554594 2.4173600524663925 4.7753508388996124
leaf_count=21 32 36 14 45 39 32 18 37 32 28 28 25 25 31 20 19 36 20 23 19 36 21
internal_value=-2.5e-05 0.000388468 -9.80353e-05 0.000347226 -9.62367e-05 0.000536435 -8.41717e-05 0.000627262 6.35569e-05 0.00137603 8.27934e-05 -0.00116542 0.000126678 -0.00175993 -0.000183058 -0.00265978 0.000473596 0.00895397 -0.00719659 -0.010281 0.00857254 0.00721129
internal_weight=100.605 96.5243 92.5239 88.7271 84.1881 79.2643 72.3463 65.7677 61.143 54.8865 49.1666 44.9259 39.3188 33.6466 27.7296 21.816 17.3422 5.91354 6.57855 4.92385 4.53895 9.32401
internal_count=637 616 584 548 498 434 395 340 303 271 243 225 200 175 147 96 76 51 55 64 50 40
is_linear=0
shrinkage=0.06


Tree=84
num_leaves=24
num_cat=0
split_feature=0 0 0 0 0 0 0 0 0 0 0 0 0 0 0 0 0 0 0 0 0 0 0
split_gain=0.104245 0.166717 0.121951 0.102388 0.104085 0.11354 0.0718222 0.259818 0.246615 0.227138 0.204476 0.171514 0.196424 0.108794 0.109202 0.239584 0.15961 0.128538 0.165378 0.135158 0.215085 0.102077 0.0012909
threshold=3.0849999000000001 4.5900001500000007 5.0150001000000008 5.2550001000000011 5.5300000000000002 5.4049999500000006 8.6349997500000004 7.9549999000000007 9.2449999000000016 7.7049999000000007 7.4949999000000007 7.1400001000000008 7.0050001000000011 6.8650000000000011 6.6150000000000011 6.5000000000000009 6.1549999500000006 6.0550000500000012 5.9050000000000011 5.815000050000001 5.7149999000000014 6.2299998000000008 5.6150000000000011
decision_type=10 10 10 10 10 10 10 8 8 8 10 10 8 8 8 8 8 8 8 10 10 10 10
left_child=-1 -2 -3 -4 5 -5 7 9 -8 10 11 12 13 14 15 16 17 18 19 20 22 -18 -6
right_child=1 2 3 4 6 -7 8 -9 -10 -11 -12 -13 -14 -15 -16 -17 21 -19 -20 -21 -22 -23 -24
leaf_value=-0.0074025170252409751 0.011949561506604141 -0.01058628807861565 0.0095277456754678854 -0.0021487877670652881 0.0080400383774548202 -0.023036869350162328 0.014855761222137954 -0.01099302053694799 -0.0055970053196462604 0.01299009094457533 -0.011058970846619255 0.0091724769239944909 -0.013970110850610035 0.01118636132463691 -0.0071356683348827556 0.016925697769431692 -0.019767875796369131 0.010610763930157184 -0.0090660493702202048 0.015200657105768099 -0.012652277993025311 -0.0025262452092934462 0.0061597246658892353
leaf_weight=6.4511399567127219 4.3526114821434012 3.8046895936131468 4.1995080783963195 2.7230921722948542 2.8859538286924487 1.4281389005482195 4.6890753358602497 7.2243547588586798 3.8772710561752328 5.2341881841421118 5.5066868811845771 8.0094981491565687 3.5205301791429511 3.3369256556034079 6.5675476789474478 3.1984027326107016 2.2023147642612448 4.6599395275115958 5.6017552316188803 2.7197113037109366 3.1302565485239029 2.8177703619003296 2.4137821346521378
leaf_count=33 22 36 34 37 19 37 26 34 33 24 23 37 16 14 29 13 16 21 29 20 27 33 24
internal_value=-2.41253e-05 0.000481688 -7.44618e-05 0.000390876 -7.85025e-05 -0.00933487 0.000416695 -0.00022635 0.0055985 0.00103216 -7.42418e-05 0.00111033 -0.00038947 0.000819885 -0.000135768 0.00141578 -0.000461033 0.0017966 -0.000655337 0.00357031 -0.000181906 -0.0100902 0.00718364
internal_weight=100.555 94.104 89.7514 85.9467 81.7472 4.15123 77.596 69.0296 8.56635 61.8053 56.5711 51.0644 43.0549 39.5344 36.1974 29.6299 26.4315 21.4114 16.7515 11.1497 8.42999 5.02009 5.29974
internal_count=637 604 582 546 512 74 438 379 59 345 321 298 261 245 231 202 189 140 119 90 70 49 43
is_linear=0
shrinkage=0.06


Tree=85
num_leaves=22
num_cat=0
split_feature=0 0 0 0 0 0 0 0 0 0 0 0 0 0 0 0 0 0 0 0 0
split_gain=0.112115 0.137114 0.113709 0.0819993 0.139966 0.0857041 0.0894877 0.0708689 0.239611 0.210449 0.217689 0.141604 0.219806 0.103158 0.160509 0.20635 0.239822 0.125213 0.0489603 0.0398586 0.000811107
threshold=4.4600000500000005 4.9649999000000014 5.2149999000000014 5.4349999500000008 5.6549999500000006 5.7149999000000014 5.9449999500000006 9.0949998000000019 8.505000100000002 7.9049999500000006 6.0450001000000011 7.674999950000001 7.4399998000000007 6.1649999500000012 6.5600002000000011 6.7299998000000008 7.0850000500000005 6.3050000500000012 5.8300002000000015 5.5850000500000005 5.2850001000000004
decision_type=8 8 8 8 8 10 10 8 8 8 10 10 8 10 10 10 10 10 10 10 10
left_child=-1 -2 -3 20 19 -6 18 8 9 10 -8 12 13 -12 17 -16 -17 -15 -7 -5 -4
right_child=1 2 3 4 5 6 7 -9 -10 -11 11 -13 -14 14 15 16 -18 -19 -20 -21 -22
leaf_value=-0.0097661649839471485 0.011251218823018027 -0.010268982852709939 0.0090452139545427659 -0.0048590411285274471 0.0069115850071071747 -0.010956211267635513 0.013040024858368072 0.0077654539024744488 -0.011067330956261834 0.012223529497033318 -0.0089471034625391143 -0.010103876843414737 0.011032181346410421 0.018168260229517251 -0.014114164471804498 0.0069139677899724113 -0.007243779316264588 0.00061941624667119055 -0.00033319947639005713 -0.015711818246804891 0.007440730205407222
leaf_weight=4.0794499665498725 4.0095017850399008 3.7834496274590483 2.1382729709148398 2.6136486958712331 6.9272653162479392 3.9616375565528861 4.2445321381092063 4.6094112396240225 6.2633562088012686 5.7093658596277228 5.9039149582386008 5.5978182703256598 5.6625835746526709 2.6733079776167896 4.450929373502734 9.317703381180765 8.0100801736116392 3.2348877191543579 2.5784666389226913 2.2819070667028427 2.4156317599117756
leaf_count=21 32 36 14 41 39 32 18 37 32 28 28 25 25 23 20 40 36 28 23 23 36
internal_value=-2.3409e-05 0.000388937 -8.25198e-05 0.000352494 -7.24178e-05 0.000536566 -7.49356e-05 0.000591553 5.00718e-05 0.00132061 5.27102e-05 -0.00117635 9.67739e-05 -0.00174667 -0.000211255 -0.0025907 0.000369294 0.00855982 -0.00676804 -0.00991772 0.00819411
internal_weight=100.467 96.3877 92.3782 88.5947 84.0408 79.1453 72.218 65.6779 61.0685 54.8051 49.0958 44.8512 39.2534 33.5908 27.6869 21.7787 17.3278 5.9082 6.5401 4.89556 4.5539
internal_count=637 616 584 548 498 434 395 340 303 271 243 225 200 175 147 96 76 51 55 64 50
is_linear=0
shrinkage=0.06


Tree=86
num_leaves=25
num_cat=0
split_feature=0 0 0 0 0 0 0 0 0 0 0 0 0 0 0 0 0 0 0 0 0 0 0 0
split_gain=0.100961 0.184525 0.0787271 0.117064 0.138446 0.0815275 0.111402 0.0776942 0.532633 0.230937 0.224831 0.177931 0.182917 0.159073 0.101944 0.0829917 0.0743771 0.252306 0.137095 0.110137 0.181764 0.22388 0.0723576 0.0111188
threshold=3.0849999000000001 4.4149999500000012 4.9349999500000008 5.1849999500000008 5.3950000000000005 5.5850000500000005 5.4649999000000014 8.2649999000000012 7.9549999000000007 7.7049999000000007 8.8850002000000021 7.4949999000000007 7.1400001000000008 7.0050001000000011 6.8650000000000011 9.4600000500000014 6.6150000000000011 6.5000000000000009 6.1849999500000008 6.0350001000000004 5.9050000000000011 5.6549999500000006 5.815000050000001 5.2650001000000008
decision_type=10 10 10 10 10 10 10 10 8 8 8 8 10 8 8 10 8 8 8 10 10 8 10 10
left_child=-1 -2 -3 -4 23 6 -6 8 9 11 -9 12 13 14 16 -12 17 18 19 20 21 -7 -23 -5
right_child=1 2 3 4 5 7 -8 10 -10 -11 15 -13 -14 -15 -16 -17 -18 -19 -20 -21 -22 22 -24 -25
leaf_value=-0.0072872301418057768 0.01509382163581134 -0.0080028551121310524 0.011117453414851056 -0.014101969821016818 0.023088767381924325 -0.01495231482234278 0.001366828669033004 0.012800881571355239 -0.022774234571830677 0.012643921984356746 -0.010026051399371102 -0.010796986211848178 0.0088822901029448672 -0.013236715300087449 0.010138511348952444 0.0039940953158352568 -0.0066181296505240846 0.016341921867453021 -0.012839848512477057 0.0057767905560313759 -0.013930575168800238 0.0018485230983196555 0.014393348674778934 -0.0077839793538820711
leaf_weight=6.4451632350683203 3.0090537518262854 4.2280475646257392 3.5085257217288008 2.0074890702962866 1.3283797502517694 2.2548035308718761 2.360021248459816 5.9272579103708241 3.7321134060621253 5.2215293496847144 3.3128678500652322 5.5007958114147177 8.0009720027446729 3.5167024433612815 3.324997514486312 2.8085232377052307 6.5446214675903311 3.1985241025686255 3.3570979461073867 7.9716705828905097 3.947407364845275 4.1789600178599366 2.7408300638198853 2.003618061542511
leaf_count=33 15 32 31 17 19 23 32 32 16 24 18 23 37 16 14 27 29 13 39 38 22 36 20 31
internal_value=-2.2689e-05 0.000475489 -8.01738e-06 0.000381648 -7.08657e-05 0.000479715 0.00919 5.44147e-05 -0.00078383 0.000589533 0.00447159 -0.000564581 0.000583263 -0.00103485 0.000108849 -0.00359354 -0.00086643 0.000495004 -0.00157801 0.000214335 -0.00316488 0.00146711 0.00681735 -0.010946
internal_weight=100.43 93.9848 90.9758 86.7477 83.2392 79.2281 3.6884 75.5397 63.491 59.7589 12.0486 54.5374 49.0366 41.0356 37.5189 6.12139 34.1939 27.6493 24.4508 21.0937 13.122 9.17459 6.91979 4.01111
internal_count=637 604 589 557 526 478 51 427 350 334 77 310 287 250 234 45 220 191 178 139 101 79 56 48
is_linear=0
shrinkage=0.06


Tree=87
num_leaves=25
num_cat=0
split_feature=0 0 0 0 0 0 0 0 0 0 0 0 0 0 0 0 0 0 0 0 0 0 0 0
split_gain=0.111496 0.129973 0.211277 0.150804 0.104056 0.0961613 0.0707687 0.0687898 0.183947 0.166336 0.130175 0.104841 0.373442 0.154979 0.175817 0.11386 0.113208 0.127659 0.198395 0.301855 0.231883 0.251025 0.129549 0.0832869
threshold=4.4600000500000005 4.9649999000000014 5.1400001000000008 5.3100002000000011 5.5950000500000012 5.4149999500000012 5.5550000500000012 5.8550000000000013 6.0350001000000004 6.0450001000000011 6.1649999500000012 6.5600002000000011 6.6350000000000007 6.8100002000000011 6.8650000000000011 6.3050000500000012 7.0850000500000005 7.5699999000000009 7.9549999000000007 8.5250001000000015 8.8850002000000021 9.360000150000003 7.3650000000000011 5.7149999000000014
decision_type=8 8 8 8 8 10 10 8 8 10 10 10 10 10 10 10 10 10 10 8 8 10 10 10
left_child=-1 -2 -3 -4 5 -5 -7 23 -9 -10 -11 15 -13 -14 -15 -12 -16 22 -19 -20 -21 -22 -18 -6
right_child=1 2 3 4 7 6 -8 8 9 10 11 12 13 14 16 -17 17 18 19 20 21 -23 -24 -25
leaf_value=-0.0097412691354146728 0.010949212286042061 -0.015757751559142011 0.012583175582723139 -0.02196888522861775 0.013869237190889994 0.0059205669093840632 -0.01124939422326292 -0.011380687884326487 0.0095789069777099615 -0.0087665562344771478 0.01726327026032283 -0.023896560770652164 0.012779646845384764 -0.016237257944681008 0.0087799138335047586 0.0005422837024291427 0.00012257684160862535 0.0096948019680337099 -0.013424143791803761 0.014839246899885885 -0.015403269433514994 0.0088827171673494226 -0.012450082164005867 0.0010527821391652138
leaf_weight=4.0764938145875922 4.0208842307329169 2.9906338900327674 3.5441798567771903 1.3813628777861584 2.9046275839209548 1.6174696963280442 1.8555831313133238 4.8633388206362715 6.83047991991043 5.8974711149930945 2.6937093436717978 2.3007011115550986 3.6245158910751334 2.311052829027175 5.503813922405242 3.216797947883606 6.558197006583212 8.1095000356435794 5.3581992536783192 4.2704699337482444 3.0929706096649179 3.0362526029348373 5.3632587641477585 4.9124212563037872
leaf_count=21 32 25 30 27 28 37 12 31 34 28 23 10 16 10 24 28 29 36 26 22 16 29 25 38
internal_value=-2.20806e-05 0.000389524 -7.08038e-05 0.000454864 -4.66978e-05 -0.00857876 -0.003253 0.0004656 -0.000106995 0.000697316 -0.000291738 0.000609786 -0.000291556 0.000858351 -0.000132595 0.00816286 0.000768745 -0.000463259 0.00206934 -0.00185497 0.00410578 -0.00337264 -0.00553365 0.00581507
internal_weight=100.334 96.2579 92.237 89.2464 85.7022 4.85442 3.47305 80.8478 73.0307 68.1674 61.3369 55.4394 49.5289 47.2282 43.6037 5.91051 41.2927 35.7888 23.8674 15.7579 10.3997 6.12922 11.9215 7.81705
internal_count=637 616 584 559 529 76 49 453 387 356 322 294 243 233 217 51 207 183 129 93 67 45 54 66
is_linear=0
shrinkage=0.06


Tree=88
num_leaves=25
num_cat=0
split_feature=0 0 0 0 0 0 0 0 0 0 0 0 0 0 0 0 0 0 0 0 0 0 0 0
split_gain=0.101838 0.15109 0.0827885 0.132071 0.106492 0.0925514 0.0894663 0.0676474 0.292672 0.464906 0.181008 0.32744 0.218387 0.184265 0.16741 0.126997 0.138515 0.114036 0.17614 0.190629 0.188476 0.110052 0.0422666 3.05022e-08
threshold=3.0849999000000001 4.5900001500000007 5.1400001000000008 5.3100002000000011 4.9649999000000014 5.5950000500000012 5.5300000000000002 8.994999850000001 8.505000100000002 8.0399999500000003 7.7349999000000009 7.5699999000000009 7.3650000000000011 7.1400001000000008 7.0050001000000011 5.7149999000000014 5.8300002000000015 6.0450001000000011 6.5850000500000005 6.3050000500000012 6.1450000000000005 6.8100002000000011 5.4049999500000006 9.7150001500000016
decision_type=10 10 10 10 10 10 10 8 8 8 8 8 8 8 8 10 10 10 10 10 10 8 10 10
left_child=-1 -2 4 -4 -3 6 22 8 9 10 11 12 13 14 15 -7 -17 -18 19 20 -19 -20 -5 -9
right_child=1 2 3 5 -6 7 -8 23 -10 -11 -12 -13 -14 -15 -16 16 17 18 21 -21 -22 -23 -24 -25
leaf_value=-0.0073163372876602602 0.011379155509641144 0.00088872192311091375 0.011725386896382911 -0.0069442016073980308 -0.01495979164661149 0.012898708245448606 0.00022936833480001055 0.0069503016336478684 -0.013348537323961634 0.022278479162787471 -0.0099551033114501208 0.019001184221142168 -0.011689820169079988 0.011707895788257174 -0.012780543171937418 -0.010679710673920199 0.0081071098721425938 -0.0094942336979225318 0.011149712630728678 -0.016538970341706039 0.0082655765530670177 -0.00095055092906445025 -0.022848911151050498 0.0069596814899303538
leaf_weight=6.4468232989311209 4.3653945028781882 3.1489047184586516 3.5742838457226744 1.0430909022688859 2.9620494917035103 2.9348153173923484 2.3603267669677734 3.3728049099445334 5.4843441992998114 3.523914545774459 6.0841945856809607 3.3946660161018363 5.3691510111093512 5.2232682555913916 3.5142868459224692 3.9459373950958243 6.8087889924645451 4.2811834961175936 5.2248388677835438 3.9160017222166053 4.3238426521420479 5.6126526743173608 1.4209098350256679 1.9812069833278654
leaf_count=33 22 28 30 24 25 28 15 21 28 18 28 14 25 23 16 32 41 19 23 31 32 24 37 20
internal_value=-2.15916e-05 0.000479394 -5.22134e-05 0.000441753 -0.00679323 -6.35191e-05 -0.00811891 0.000454667 -4.49786e-05 0.00109224 -0.000139063 0.000955774 -0.000241732 0.00110075 -0.000265143 0.000922036 -0.000108335 0.00127442 -0.000717246 -0.00556457 -0.000570307 0.00488308 -0.0161159 0.00695377
internal_weight=100.318 93.8709 89.5055 83.3945 6.11095 79.8202 4.82433 74.9959 69.6419 64.1575 60.6336 54.5494 51.1548 45.7856 40.5623 37.0481 34.1132 30.1673 23.3585 12.521 8.60503 10.8375 2.464 5.35401
internal_count=637 604 582 529 53 499 76 423 382 354 336 308 294 269 246 230 202 170 129 82 51 47 61 41
is_linear=0
shrinkage=0.06


Tree=89
num_leaves=25
num_cat=0
split_feature=0 0 0 0 0 0 0 0 0 0 0 0 0 0 0 0 0 0 0 0 0 0 0 0
split_gain=0.110109 0.127697 0.191164 0.0949735 0.122942 0.0739012 0.120213 0.0865036 0.133715 0.300956 0.155138 0.146781 0.10911 0.129065 0.188741 0.1983 0.200488 0.215403 0.0642191 0.0636269 0.0575305 0.0535984 0.0400442 0.0363493
threshold=4.4600000500000005 5.0450001000000011 5.3950000000000005 5.4349999500000008 5.6549999500000006 5.9050000000000011 6.0550000500000012 6.3050000500000012 6.6949999500000006 6.8100002000000011 6.8650000000000011 6.5600002000000011 7.0850000500000005 7.4399998000000007 7.674999950000001 8.2649999000000012 8.8850002000000021 9.360000150000003 6.1549999500000006 5.815000050000001 4.8400001500000007 5.2550001000000011 5.5850000500000005 7.9049999500000006
decision_type=8 8 8 10 10 10 10 10 10 10 10 10 10 10 10 10 10 10 10 10 10 10 10 8
left_child=-1 20 21 -4 22 19 -7 18 11 -10 -11 -9 -12 -14 -15 23 -17 -18 -8 -6 -2 -3 -5 -16
right_child=1 2 3 4 5 6 7 8 9 10 12 -13 13 14 15 16 17 -19 -20 -21 -22 -23 -24 -25
leaf_value=-0.0096820949884763828 0.0023060292002335457 -0.0057151833404458161 0.007235196114356148 -0.0042577521300096116 0.0017319689056411623 -0.0085425528701007 0.011043363137213338 0.0015091189096459608 0.022837578374649763 -0.015281525053791536 0.0085961577408022825 -0.015967767346757172 -0.0071819609935351407 0.011250003355903591 -0.010466904277532267 0.012075170958030707 -0.014495973811983998 0.0080345065135859987 0.00011727577629812411 0.013461990515110421 0.013972566662333505 -0.018014225133476718 -0.015177812432878544 -0.0032275249460961297
leaf_weight=4.0743819773197165 2.7548791319131842 2.7434440925717345 6.9150425046682349 2.5954852681606999 4.1844233945012084 5.5682301968336096 4.6520585268735877 3.194803684949874 2.158332332968711 2.3000015318393698 5.5013601928949347 3.7731978595256805 8.0244535803794843 5.6447095721960094 5.5946326404809961 5.8867499232292158 3.1127316355705261 2.9998122453689575 3.3176988661289215 2.7646162658929825 3.3992067277431488 2.3841047585010529 2.2629040777683258 4.5094132274389276
leaf_count=21 16 27 40 41 36 29 21 28 9 10 24 17 36 25 25 32 16 29 27 20 31 34 23 20
internal_value=-2.09631e-05 0.000388037 -0.000183186 0.000495809 -0.000101319 0.00051224 -0.000105304 0.000669059 -0.000211986 0.000967732 -0.000115541 -0.00795468 0.000729589 -0.00048019 0.00145789 -0.0010428 0.0041722 -0.00343884 0.00649499 0.00639866 0.00875004 -0.0114337 -0.00934402 -0.00723599
internal_weight=100.317 96.2423 90.0882 84.9607 78.0456 73.1872 66.2382 60.67 52.7002 45.7322 43.5739 6.968 41.2739 35.7725 27.748 22.1033 11.9993 6.11254 7.96976 6.94904 6.15409 5.12755 4.85839 10.104
internal_count=637 616 569 508 468 404 348 319 271 226 217 45 207 183 147 122 77 45 48 56 47 61 64 45
is_linear=0
shrinkage=0.06


Tree=90
num_leaves=25
num_cat=0
split_feature=0 0 0 0 0 0 0 0 0 0 0 0 0 0 0 0 0 0 0 0 0 0 0 0
split_gain=0.0992469 0.144154 0.08435 0.131443 0.0960181 0.0770223 0.0861991 0.068058 0.062999 0.436529 0.409968 0.164681 0.144376 0.289101 0.205603 0.176161 0.151445 0.122848 0.127841 0.105974 0.163079 0.160978 0.172642 0.0958737
threshold=3.0849999000000001 4.5900001500000007 5.1400001000000008 5.3100002000000011 4.9649999000000014 5.5950000500000012 5.4149999500000012 5.5550000500000012 8.7950000500000005 8.505000100000002 8.0399999500000003 9.5300002000000017 7.7349999000000009 7.5699999000000009 7.3650000000000011 7.1400001000000008 7.0050001000000011 5.7149999000000014 5.8300002000000015 6.0450001000000011 6.5850000500000005 6.3050000500000012 6.1450000000000005 6.8100002000000011
decision_type=10 10 10 10 10 10 10 10 8 8 8 10 8 8 8 8 8 10 10 10 10 10 10 8
left_child=-1 -2 4 -4 -3 6 -5 -8 9 10 12 -10 13 14 15 16 17 -7 -19 -20 21 22 -21 -22
right_child=1 2 3 5 -6 8 7 -9 11 -11 -12 -13 -14 -15 -16 -17 -18 18 19 20 23 -23 -24 -25
leaf_value=-0.0072243956360760059 0.011112510492205475 0.00040450948096086993 0.011709953354844956 -0.020371434016312296 -0.014642965584978757 0.012612420306668327 0.0066256140088843231 -0.010299889755868784 0.012654393345951762 -0.019609693521632422 0.021053320754590273 -0.006763155799334117 -0.008847388225005158 0.017846722594272689 -0.011339669213068162 0.01142478127962363 -0.012191290173990413 -0.010346250309708704 0.0077317074086247495 -0.0094161208208112836 0.010476601335525018 -0.015560382191997714 0.0075579025954116245 -0.00082510020364012782
leaf_weight=6.4419538378715506 4.3719466030597678 3.1675538197159758 3.5743580386042586 1.336382970213889 2.9468566253781319 2.9432536363601676 1.6014879997819664 1.8354882597923277 4.50306512415409 3.9057849347591391 3.4881520569324485 2.4159906804561615 6.108074575662612 3.3906579613685599 5.3803416639566413 5.2284900993108741 3.5085021257400504 3.9275027513504019 6.8360235393047359 4.2783869504928607 5.2248774319887135 3.8892377167940131 4.3508253321051598 5.5966103672981271
leaf_count=33 22 28 30 27 25 28 37 12 26 19 18 24 28 14 25 23 16 32 41 19 23 31 32 24
internal_value=-2.03065e-05 0.000474401 -4.56165e-05 0.000453528 -0.00684766 -5.09848e-05 -0.00744099 -0.00241331 0.000419503 -0.000135054 0.00105065 0.00587419 -9.95215e-05 0.00087991 -0.000244486 0.00105938 -0.000276954 0.000851391 -0.000163629 0.00116167 -0.000762621 -0.00542565 -0.000857864 0.00463164
internal_weight=100.252 93.8099 89.4379 83.3235 6.11441 79.7491 4.77336 3.43698 74.9758 68.0567 64.1509 6.91906 60.6628 54.5547 51.1641 45.7837 40.5552 37.0467 34.1035 30.176 23.3399 12.5184 8.62921 10.8215
internal_count=637 604 582 529 53 499 76 49 423 373 354 50 336 308 294 269 246 230 202 170 129 82 51 47
is_linear=0
shrinkage=0.06


Tree=91
num_leaves=25
num_cat=0
split_feature=0 0 0 0 0 0 0 0 0 0 0 0 0 0 0 0 0 0 0 0 0 0 0 0
split_gain=0.108562 0.11728 0.176761 0.0958114 0.112488 0.0675337 0.115281 0.0760495 0.111291 0.249943 0.150884 0.147712 0.145639 0.17481 0.138818 0.395347 0.146424 0.10882 0.0658201 0.0578482 0.051368 0.0481626 0.0403584 0.0164485
threshold=4.4600000500000005 5.0450001000000011 5.3950000000000005 5.4349999500000008 5.6549999500000006 5.9050000000000011 6.0550000500000012 6.3050000500000012 6.6949999500000006 6.8100002000000011 6.5600002000000011 7.0150001000000008 7.4849999000000009 7.7049999000000007 8.505000100000002 8.7950000500000005 9.5300002000000017 7.9549999000000007 6.1549999500000006 4.8400001500000007 5.815000050000001 5.2550001000000011 5.5850000500000005 7.2200000000000015
decision_type=8 8 8 10 10 10 10 10 10 10 10 10 10 10 10 8 10 8 10 10 10 10 10 10
left_child=-1 19 21 -4 22 20 -7 18 10 -10 -9 -11 23 -14 17 -16 -17 -15 -8 -2 -6 -3 -5 -13
right_child=1 2 3 4 5 6 7 8 9 11 -12 12 13 14 15 16 -18 -19 -20 -21 -22 -23 -24 -25
leaf_value=-0.0096154585758346008 0.0019285087400606655 -0.0056121627527761769 0.007258734298153189 -0.0038595044022412409 0.0018799094120740348 -0.0083833913962535079 0.010697452116638253 0.0023639210022206297 0.020799582398117019 -0.0085891925527072331 -0.015396345462529508 0.010176764687587712 -0.010039397427180867 0.012674609821288428 -0.018294148624124425 0.011976582422308566 -0.0063232492644356188 0.00018582613029283587 -0.00034265307538793082 0.013608766078421458 0.012390386299038686 -0.017319163385923108 -0.01484641150418989 0.0053364436695465369
leaf_weight=4.0719591379165641 2.761142134666442 2.7371084690093985 6.9131666123867026 2.586513824760913 4.176901474595069 5.5627091825008383 4.6617217808961859 3.1755169034004203 2.1622001230716696 6.3101333677768698 3.7623535543680191 4.3799055069684965 5.9771931171417263 5.225391387939454 3.934527084231374 4.4733802452683458 2.4286209791898727 4.836554318666459 3.3347912356257439 3.4136810004711151 2.7935546040534973 2.3523349203169346 2.2511687204241753 5.9757960736751556
leaf_count=21 16 27 40 41 36 29 21 28 9 27 17 20 25 24 19 26 24 24 27 31 20 34 23 28
internal_value=-1.95788e-05 0.000386654 -0.000162091 0.000488819 -0.000111132 0.00047471 -0.000116771 0.000641578 -0.000186579 0.000888287 -0.00726733 -0.000100475 0.00133823 -0.000991181 0.00159671 -0.00311537 0.00553738 0.00667153 0.00609339 0.00838581 0.0060922 -0.0110231 -0.00897216 0.00738364
internal_weight=100.258 96.1864 90.0115 84.9221 78.0089 73.1713 66.2008 60.6381 52.6416 45.7037 6.93787 43.5415 37.2314 26.8757 20.8985 10.8365 6.902 10.0619 7.99651 6.17482 6.97046 5.08944 4.83768 10.3557
internal_count=637 616 569 508 468 404 348 319 271 226 45 217 190 142 117 69 50 48 48 47 56 61 64 48
is_linear=0
shrinkage=0.06


Tree=92
num_leaves=27
num_cat=0
split_feature=0 0 0 0 0 0 0 0 0 0 0 0 0 0 0 0 0 0 0 0 0 0 0 0 0 0
split_gain=0.0968988 0.137837 0.0854579 0.130276 0.0867678 0.0691803 0.480209 0.219684 0.225724 0.20918 0.164014 0.176581 0.0795916 0.426122 0.0968399 0.0726677 0.309308 0.30325 0.126856 0.167462 0.12202 0.10729 0.163481 0.0638861 0.0720179 0.0506477
threshold=3.0849999000000001 4.5900001500000007 5.1400001000000008 5.3100002000000011 4.9649999000000014 8.2649999000000012 7.9549999000000007 8.8850002000000021 9.360000150000003 7.7049999000000007 7.4949999000000007 7.3350000500000005 7.1849999500000008 7.0500002000000004 6.9049999500000014 6.7299998000000008 6.6150000000000011 6.5000000000000009 5.5300000000000002 6.1549999500000006 6.2299998000000008 6.0550000500000012 5.6350000000000007 5.8550000000000013 5.7750001000000006 5.4049999500000006
decision_type=10 10 10 10 10 10 8 8 10 8 8 8 8 8 8 8 8 8 10 10 10 8 10 10 10 10
left_child=-1 -2 4 -4 -3 6 9 -7 -9 10 11 12 13 14 15 16 17 18 25 21 -21 22 -20 24 -24 -5
right_child=1 2 3 5 -6 7 -8 8 -10 -11 -12 -13 -14 -15 -16 -17 -18 -19 19 20 -22 -23 23 -25 -26 -27
leaf_value=-0.0071398561839276413 0.010864746795192068 -2.7298104644461043e-05 0.011668207119556372 -0.0044293144796986967 -0.014331775041801159 0.012436671552508105 -0.021775727533751062 -0.015174554299278921 0.0079244019683590086 0.011962688771761409 -0.010481052518924731 0.014050904756379651 -0.0084081966720849187 0.022792119095292326 -0.010172086288442427 0.0068563531613550291 -0.020600138997794407 0.017985620658388716 0.011203034472634758 -0.020672620338620482 -0.0018320177820892345 0.010021621606225373 -0.0063134332716984513 -0.0075637141115318341 0.0062738398605733468 -0.022112850002052341
leaf_weight=6.4374152719974509 4.3779468834400168 3.1846483722329131 3.5753562450408927 1.0002070739865367 2.9320693761110306 5.8816663920879337 3.7077622711658469 3.0979788303375253 2.9956651329994202 5.2048334181308737 5.4702726602554312 3.2186627089977256 4.1465724110603324 2.8379278481006613 3.9437034726142874 4.5099172741174689 2.7364540696144095 3.1848120391368857 3.531317815184603 2.2251958250999442 2.7879830449819565 4.6770388036966315 2.8969296440482122 6.5062086433172226 3.7605564445257187 1.3981045596301553
leaf_count=33 22 28 30 24 25 32 16 16 29 24 23 16 18 13 17 19 13 13 25 16 33 21 30 38 26 37
internal_value=-1.88765e-05 0.000469884 -3.90888e-05 0.000463577 -0.0068842 -3.89402e-05 -0.000782072 0.00416497 -0.00381899 0.000433473 -0.000586513 0.000427809 -0.000446654 0.000271079 -0.00120982 -0.000308508 -0.00123959 0.000417653 -0.00152619 -0.000325289 -0.0101948 0.00198977 -0.000260321 -0.0033355 0.000796631 -0.014738
internal_weight=100.227 93.7898 89.4118 83.2951 6.11672 79.7198 67.7445 11.9753 6.09364 64.0367 58.8319 53.3616 50.1429 45.9964 43.1584 39.2147 34.7048 31.9684 28.7835 26.3852 5.01318 21.3721 16.695 13.1637 6.65749 2.39831
internal_count=637 604 582 529 53 499 422 77 45 406 382 359 343 325 312 295 276 263 250 189 49 140 119 94 56 61
is_linear=0
shrinkage=0.06


Tree=93
num_leaves=25
num_cat=0
split_feature=0 0 0 0 0 0 0 0 0 0 0 0 0 0 0 0 0 0 0 0 0 0 0 0
split_gain=0.106877 0.108189 0.167444 0.0994486 0.115698 0.064844 0.271888 0.197581 0.193992 0.200326 0.299817 0.161369 0.167485 0.140602 0.0925641 0.269566 0.130259 0.125184 0.252269 0.0817215 0.0646553 0.209286 0.0579178 0.0448488
threshold=4.4600000500000005 5.0450001000000011 5.3950000000000005 5.5850000500000005 5.4649999000000014 8.6349997500000004 9.2449999000000016 7.9549999000000007 7.9049999500000006 7.7349999000000009 7.5699999000000009 7.3650000000000011 7.1400001000000008 7.0050001000000011 6.5850000500000005 6.3950000000000005 6.1649999500000012 6.0450001000000011 5.9449999500000006 6.8100002000000011 5.8050000500000012 5.6549999500000006 4.8400001500000007 5.2550001000000011
decision_type=8 8 8 8 10 10 8 10 8 8 8 8 8 8 10 8 8 8 10 8 10 10 10 10
left_child=-1 22 23 4 -4 7 -7 8 9 10 11 12 13 14 15 16 17 18 20 -16 21 -5 -2 -3
right_child=1 2 3 5 -6 6 -8 -9 -10 -11 -12 -13 -14 -15 19 -17 -18 -19 -20 -21 -22 -23 -24 -25
leaf_value=-0.0095425433185634817 0.001596948098425432 -0.0055245794826339883 0.024453573216563298 -0.014438709348463953 0.0021794041055074342 0.014714305931609486 -0.0068726645774963291 -0.0099835761066106189 0.010247356642261039 -0.013686658495505958 0.017642561108611749 -0.010650225573707772 0.010453362151755156 -0.012404827172281847 0.010241125305116519 -0.019032928805918933 0.010694426587783292 -0.0089007816876369751 0.013777541740033946 -0.00020096023718707624 -0.0098045379674759885 0.0086808576196069701 0.013267597497685161 -0.01685328855658581
leaf_weight=4.0692690163850775 2.7664360851049414 2.7313068136572829 1.310245702043175 2.2356968373060315 2.3366705197840929 4.6751027256250355 3.8139891996979722 7.1678280532360068 6.6197186708450309 3.9220290929079047 3.38660904765129 5.3515177220106116 5.2422970384359351 3.5181599110364905 5.2008574157953236 2.8985515534877768 3.6990978121757498 5.9002897739410392 4.2261465191841117 5.6069616228342065 3.8551287800073624 3.8145468086004257 3.4273753836750984 2.3322710059583187
leaf_count=21 16 27 19 23 32 26 33 34 34 18 14 25 23 16 23 19 35 28 18 24 31 33 31 34
internal_value=-1.84546e-05 0.000385091 -0.00014366 0.000489359 0.010182 5.36867e-05 0.00501569 -0.000526155 0.000509148 -0.000586104 0.000349182 -0.000786933 0.000355625 -0.000936886 0.000140811 -0.00175987 0.000349909 -0.00156032 0.00150452 0.0048239 -0.00373179 0.000137674 0.00805496 -0.0107426
internal_weight=100.108 96.0388 89.845 84.7814 3.64692 81.1345 8.48909 72.6454 65.4776 58.8579 54.9359 51.5493 46.1977 40.9554 37.4373 26.6295 23.7309 20.0318 14.1315 10.8078 9.90537 6.05024 6.19381 5.06358
internal_count=637 616 569 508 51 457 59 398 364 330 312 298 273 250 234 187 168 133 105 47 87 56 47 61
is_linear=0
shrinkage=0.06


Tree=94
num_leaves=23
num_cat=0
split_feature=0 0 0 0 0 0 0 0 0 0 0 0 0 0 0 0 0 0 0 0 0 0
split_gain=0.0990508 0.131784 0.0902243 0.0834294 0.0723623 0.118162 0.0570027 0.261264 0.410012 0.145835 0.196451 0.160402 0.278769 0.134744 0.0870894 0.164697 0.196388 0.135582 0.115153 0.252064 0.0549869 0.000122025
threshold=3.0849999000000001 4.5900001500000007 5.0350001000000004 5.2550001000000011 5.5300000000000002 5.4049999500000006 8.994999850000001 8.505000100000002 8.0399999500000003 7.674999950000001 7.4399998000000007 7.1849999500000008 7.0150001000000008 5.6350000000000007 6.8100002000000011 6.5850000500000005 6.3050000500000012 6.0350001000000004 5.9050000000000011 5.7550001000000011 6.1150000000000011 9.7150001500000016
decision_type=10 10 10 10 10 10 8 8 8 8 8 10 8 10 8 8 8 10 10 10 8 10
left_child=-1 -2 -3 -4 5 -5 7 8 9 10 11 12 13 -6 15 16 17 18 19 -15 -19 -8
right_child=1 2 3 4 6 -7 21 -9 -10 -11 -12 -13 -14 14 -16 -17 -18 20 -20 -21 -22 -23
leaf_value=-0.0072153033944300183 0.010633659572397629 -0.0083251884913922714 0.0094025558416553252 -0.00036713372073563736 0.01082110289499315 -0.021957021445844795 0.006203287038916195 -0.012586405396823337 0.021088559500129452 -0.007790911920410537 0.011638793134396719 -0.009384803420076122 0.017294461033475383 -0.016336035604193305 -0.0078382707795344609 0.009607867876607435 -0.01456442078198378 0.010494261823366385 -0.012615946970450485 0.0073344597270093249 0.0013677445239214678 0.0067979331935831902
leaf_weight=6.4413141310214987 4.3834603279829016 4.4751446023583403 3.5629047229886046 2.6491894051432601 3.5416087955236426 1.3921720422804353 3.3440575152635565 5.4939301162958136 3.476005718111991 7.7427398413419715 5.6150923967361441 6.0174464285373679 3.5040683746337882 2.3383563309908002 6.3252092003822318 5.210712492465972 3.85947661101818 4.2621722221374485 3.9056424200534821 5.2687180563807487 5.3719643652439126 1.976654380559921
leaf_count=33 22 39 31 37 25 37 21 28 18 35 25 27 16 26 27 23 31 18 22 39 37 20
internal_value=-1.81837e-05 0.000476487 -2.19116e-05 0.000415977 2.2124e-05 -0.00780444 0.000431553 -1.17078e-05 0.00102811 -7.93686e-05 0.00100191 -0.000202139 0.00106556 -0.00035315 -0.00143614 -9.60063e-05 -0.00211806 0.000153506 -0.00424137 5.8331e-05 0.00540534 0.0064242
internal_weight=100.158 93.7167 89.3333 84.8581 81.2952 4.04136 77.2539 71.9331 66.4392 62.9632 55.2205 49.6054 43.5879 40.0839 36.5423 30.217 25.0063 21.1469 11.5127 7.60707 9.63414 5.32071
internal_count=637 604 582 543 512 74 438 397 369 351 316 291 264 248 223 196 173 142 87 65 55 41
is_linear=0
shrinkage=0.06


Tree=95
num_leaves=22
num_cat=0
split_feature=0 0 0 0 0 0 0 0 0 0 0 0 0 0 0 0 0 0 0 0 0
split_gain=0.10504 0.0998508 0.164843 0.0576308 0.253179 0.199838 0.198945 0.183557 0.160301 0.146789 0.10576 0.0750746 0.268362 0.145371 0.117728 0.166638 0.102467 0.142341 0.103976 0.0544138 0.0147274
threshold=4.4600000500000005 5.0450001000000011 5.2650001000000008 9.2449999000000016 8.6349997500000004 7.9549999000000007 7.7049999000000007 7.4949999000000007 7.4399998000000007 7.1150000000000011 6.9349999500000008 6.6150000000000011 6.5000000000000009 5.4349999500000008 5.5950000500000012 5.7149999000000014 6.1849999500000008 5.8300002000000015 6.0450001000000011 4.8750000000000009 5.3450000500000012
decision_type=8 8 8 10 10 10 10 10 8 8 8 10 8 10 10 10 8 10 8 10 10
left_child=-1 19 -3 4 5 6 7 8 9 10 11 12 13 20 -15 -16 17 -17 -19 -2 -4
right_child=1 2 3 -5 -6 -7 -8 -9 -10 -11 -12 -13 -14 14 15 16 -18 18 -20 -21 -22
leaf_value=-0.0094631717531926257 0.013368177342839167 -0.013674861663807245 0.0080942554707399104 -0.0068493756902758447 0.014286080163446199 -0.0096703528044358583 0.012134884035915814 -0.010581518316394097 0.0093203349818545816 -0.0080834989058875522 0.0098140708207530448 -0.0050413778770969321 0.017926868832860932 -0.01299857672694609 0.013024557040942637 -0.010518120664712655 -0.011952568501877939 0.0076812273508990786 -0.0027245885066748111 0.0021333564651528246 0.016513688990473348
leaf_weight=4.0663073658943167 3.0989166647195807 3.1205712333321562 1.5556985959410696 3.8148323744535437 4.6558126509189597 7.1595099270343772 5.208659052848815 5.4599589109420767 7.1820049881935111 7.378564938902854 4.4593386352062216 8.2275087535381299 3.1828360110521308 2.9979535676538971 2.9278791174292591 3.9332935214042726 3.3049260377883902 6.8340367227792713 6.9953748732805261 3.1089206263422966 1.4404637292027471
leaf_count=21 19 30 19 33 26 34 24 23 37 33 20 36 13 45 28 32 39 41 34 28 22
internal_value=-1.76682e-05 0.000382222 -0.000126314 0.00036123 0.000693028 -0.000115769 0.000846499 -4.59953e-05 0.000906068 -0.000229051 0.0010347 8.90376e-05 0.00136149 -0.000396609 -0.00178835 -0.000387765 -0.00225175 -0.000446812 0.00241762 0.00774171 0.0121421
internal_weight=100.113 96.0471 89.8392 86.7187 82.9038 78.248 71.0885 65.8798 60.4199 53.2379 45.8593 41.4 33.1725 29.9896 26.9935 23.9955 21.0676 17.7627 13.8294 6.20784 2.99616
internal_count=637 616 569 539 506 480 446 422 399 362 329 309 273 260 219 174 146 107 75 47 41
is_linear=0
shrinkage=0.06


Tree=96
num_leaves=22
num_cat=0
split_feature=0 0 0 0 0 0 0 0 0 0 0 0 0 0 0 0 0 0 0 0 0
split_gain=0.0997827 0.122412 0.14801 0.104526 0.0706592 0.111622 0.0538027 0.204965 0.384218 0.140917 0.183509 0.134935 0.122002 0.112723 0.0649689 0.118812 0.102111 0.178513 0.180112 0.128045 0.0920722
threshold=3.0849999000000001 4.5900001500000007 5.0150001000000008 5.2550001000000011 5.5300000000000002 5.3950000000000005 9.0949998000000019 8.505000100000002 8.0399999500000003 7.674999950000001 7.4399998000000007 7.0850000500000005 6.9349999500000008 5.6350000000000007 5.8300002000000015 6.0450001000000011 6.1649999500000012 6.5600002000000011 6.7299998000000008 6.3650000000000011 5.7550001000000011
decision_type=10 10 10 10 10 10 8 8 8 8 8 10 8 10 10 10 10 8 8 10 10
left_child=-1 -2 -3 -4 5 -5 7 8 9 10 11 12 13 -6 20 -16 -17 19 -19 -18 -15
right_child=1 2 3 4 6 -7 -8 -9 -10 -11 -12 -13 -14 14 15 16 17 18 -20 -21 -22
leaf_value=-0.0072399609161839995 0.010259157931393578 -0.011510334457546746 0.0097698448575624427 -0.016307636645009064 0.010368828131498 0.0038796212183190397 0.0067802777053181922 -0.010322343368255734 0.020490423509459021 -0.0076327917122383784 0.011310235131298788 -0.007251745802200572 0.011526637985057936 -0.015903285755051708 0.0071975521219804738 -0.0086092671689432312 0.001195042279340046 -0.013282942602278316 0.0029927607148360681 0.019072596296478103 -0.00033024285284673102
leaf_weight=6.4424377977848044 4.3917987048625937 3.8492992147803298 4.1803252324461928 2.3131538294255725 3.5592849999666205 1.7186779379844663 4.5426191911101332 6.2673095613718024 3.4614965617656699 7.7232494652271262 5.6055706590414038 8.0514735579490644 3.7704923599958411 2.3207449764013282 6.85501451045275 5.8866752833128002 3.3302509263157818 4.4169685393571845 5.4902471750974664 2.544063612818718 3.324741430580616
leaf_count=33 22 36 34 34 25 40 37 32 18 35 25 36 17 26 41 28 31 20 23 20 24
internal_value=-1.72536e-05 0.000479863 -1.56153e-06 0.000517411 4.09732e-05 -0.00770227 0.000445631 4.93105e-05 0.00102914 -4.22065e-05 0.00102068 -0.000143376 0.00123578 0.000207323 -0.00085118 0.000312788 -0.0018653 0.000650276 -0.00426349 0.0089375 -0.006732
internal_weight=100.046 93.6035 89.2117 85.3624 81.182 4.03183 77.1502 72.6076 66.3403 62.8788 55.1555 49.55 41.4985 37.728 34.1687 28.5232 21.6682 15.7815 9.90722 5.87431 5.64549
internal_count=637 604 582 546 512 74 438 401 369 351 316 291 255 238 213 163 122 94 43 51 50
is_linear=0
shrinkage=0.06


Tree=97
num_leaves=23
num_cat=0
split_feature=0 0 0 0 0 0 0 0 0 0 0 0 0 0 0 0 0 0 0 0 0 0
split_gain=0.102939 0.0927276 0.155821 0.0575799 0.23956 0.189549 0.189885 0.177409 0.155944 0.0719471 0.186277 0.137667 0.0901128 0.137129 0.126075 0.107172 0.0897557 0.124347 0.146667 0.16876 0.0567372 0.00955811
threshold=4.4600000500000005 5.0450001000000011 5.2650001000000008 9.2449999000000016 8.6349997500000004 7.9549999000000007 7.7049999000000007 7.4949999000000007 7.3350000500000005 7.0850000500000005 7.0500002000000004 5.4349999500000008 6.9049999500000014 5.5950000500000012 5.7149999000000014 5.8300002000000015 6.0450001000000011 6.5850000500000005 6.3050000500000012 6.1450000000000005 4.8400001500000007 5.3450000500000012
decision_type=8 8 8 10 10 10 10 10 10 10 8 10 8 10 10 10 10 10 10 10 10 10
left_child=-1 20 -3 4 5 6 7 8 9 10 11 21 13 -13 -15 -16 -17 18 19 -18 -2 -4
right_child=1 2 3 -5 -6 -7 -8 -9 -10 -11 -12 12 -14 14 15 16 17 -19 -20 -21 -22 -23
leaf_value=-0.009371174634488515 0.0010816646663700186 -0.013317415896503365 0.0086381346254967972 -0.0068449042027033296 0.013940561119860192 -0.0094040533539976722 0.011881693446466396 -0.010388845019104401 0.013769131266814921 -0.0059402054289401538 0.010288810725962293 -0.012797614763334476 -0.010008293703986435 0.012473117199400514 -0.0098241745300820128 0.0067457938960460333 -0.0090758096769505241 0.0045582270538438892 -0.014706290771106235 0.0077260742170347611 0.012618020179822271 0.015410695539707413
leaf_weight=4.0628808438777915 2.7716891616582862 3.1051643639802924 1.5462296530604356 3.815013349056243 4.63956394791603 7.1495938748121253 5.2013185173273078 5.4551621526479712 3.2141606062650672 6.156813219189643 6.6520017683506003 2.9888351149857035 3.9422110915184012 2.9444610550999633 3.8966659083962467 6.8746141940355328 4.2672696709632891 8.2203171253204328 3.837477132678031 4.3416420295834541 3.4389376938343048 1.4571542814373968
leaf_count=21 16 30 19 33 26 34 24 23 16 27 34 45 17 28 32 41 19 36 31 32 31 22
internal_value=-1.67732e-05 0.000379466 -0.000111405 0.000362113 0.000694234 -9.22068e-05 0.000845531 -2.69154e-05 0.000909879 0.000186356 0.000926418 -0.000478886 -0.00138054 -0.00047042 0.000601172 -0.000510747 0.000806957 -0.00116855 -0.00495084 -0.000602292 0.00746956 0.011924
internal_weight=99.9792 95.9163 89.7057 86.6005 82.7855 78.1459 70.9963 65.795 60.3399 57.1257 50.9689 44.3169 41.3135 37.3713 34.3824 31.438 27.5413 20.6667 12.4464 8.60891 6.21063 3.00338
internal_count=637 616 569 539 506 480 446 422 399 383 356 322 281 264 219 191 159 118 82 51 47 41
is_linear=0
shrinkage=0.06


Tree=98
num_leaves=24
num_cat=0
split_feature=0 0 0 0 0 0 0 0 0 0 0 0 0 0 0 0 0 0 0 0 0 0 0
split_gain=0.101947 0.117561 0.0914523 0.140578 0.0882132 0.0670118 0.0975846 0.132663 0.0793556 0.0788141 0.305468 0.10503 0.0874632 0.131182 0.108707 0.115786 0.17618 0.183954 0.243114 0.313147 0.120285 0.0435425 0.0243597
threshold=3.0849999000000001 4.5900001500000007 5.1400001000000008 5.3100002000000011 4.9649999000000014 5.6549999500000006 5.8550000000000013 6.0550000500000012 5.5300000000000002 6.5600002000000011 6.6350000000000007 6.2299998000000008 6.8100002000000011 6.8650000000000011 7.0850000500000005 7.4399998000000007 7.674999950000001 7.9049999500000006 8.505000100000002 8.7950000500000005 9.5300002000000017 5.4049999500000006 5.7950001000000011
decision_type=10 10 10 10 10 10 10 10 10 10 10 10 10 10 10 10 10 10 10 8 10 10 10
left_child=-1 -2 4 -4 -3 8 22 -8 21 11 -11 -9 -12 -14 -15 -16 -17 -18 -19 -20 -21 -5 -7
right_child=1 2 3 5 -6 6 7 9 -10 10 12 -13 13 14 15 16 17 18 19 20 -22 -23 -24
leaf_value=-0.0073145454357707055 0.010065015101976639 -0.00016910513837127778 0.012207873192195703 -0.0050613795468775558 -0.014592312131932966 0.011766135562647464 -0.0082548665808993178 0.00073299804950104617 -0.00081462597957483295 -0.021790191003487457 0.0097240877227121048 0.012734101738407973 -0.013977881142694788 0.0086549122301709074 -0.0067612730477686726 0.010934919698650862 -0.010401321993100324 0.012393890977135162 -0.016477660898940233 0.010637397219338507 -0.0059672434271302232 -0.021488881375306329 0.0041258573647489612
leaf_weight=6.4461324959993354 4.3961897641420355 3.1927521452307692 3.5557237491011611 1.0066260248422616 2.9251677170395851 2.9371600300073615 6.5166840255260459 6.8705887645482999 4.178560808300972 2.2661069333553305 3.6196512579917899 4.2487233802676201 2.284563034772872 5.4871710240840903 8.0233550071716291 5.593878939747813 5.5798805207014111 5.5712884217500713 3.955546006560323 4.4111504480242738 2.4389147758483887 1.3733205646276472 3.0752082392573357
leaf_count=33 22 28 30 24 25 26 38 37 34 10 16 39 10 24 36 25 25 28 19 26 24 37 21
internal_value=-1.63799e-05 0.00048673 1.4202e-05 0.000536068 -0.00706529 1.36284e-05 0.000536398 -0.000121947 -0.00579553 0.000756246 -0.000274209 0.00531866 0.000763949 1.57196e-05 0.000794296 -0.000418178 0.00142907 -0.000992713 0.00221296 -0.00303625 0.00472544 -0.0145407 0.00785828
internal_weight=99.9543 93.5082 89.112 82.9941 6.11792 79.4384 72.8799 66.8675 6.55851 60.3508 49.2315 11.1193 46.9654 43.3457 41.0612 35.574 27.5507 21.9568 16.3769 10.8056 6.85007 2.37995 6.01237
internal_count=637 604 582 529 53 499 404 357 95 319 243 76 233 217 207 183 147 122 97 69 50 61 47
is_linear=0
shrinkage=0.06


Tree=99
num_leaves=26
num_cat=0
split_feature=0 0 0 0 0 0 0 0 0 0 0 0 0 0 0 0 0 0 0 0 0 0 0 0 0
split_gain=0.10077 0.131364 0.15386 0.123241 0.0715359 0.0929073 0.0731018 0.0606508 0.132904 1.07086 0.388966 0.186207 0.137811 0.123871 0.156594 0.196381 0.165603 0.301687 0.296809 0.255812 0.076237 0.0411009 0.28492 0.0187042 0.49708
threshold=4.4600000500000005 4.8750000000000009 5.1400001000000008 5.3100002000000011 5.3950000000000005 5.6350000000000007 5.9449999500000006 6.1549999500000006 6.5850000500000005 6.6150000000000011 6.6949999500000006 6.8100002000000011 6.3950000000000005 7.0500002000000004 7.3650000000000011 7.5699999000000009 7.9549999000000007 8.5250001000000015 8.8850002000000021 9.360000150000003 6.0550000500000012 5.8050000500000012 5.7550001000000011 5.5550000500000012 5.4349999500000008
decision_type=8 8 8 8 10 10 10 10 10 10 10 10 10 10 10 10 10 10 8 10 10 10 10 10 10
left_child=-1 -2 -3 -4 -5 23 21 20 12 -10 -11 -12 -9 -13 -15 -16 -17 -18 -19 -20 -8 22 -7 24 -6
right_child=1 2 3 4 5 6 7 8 9 10 11 13 -14 14 15 16 17 18 19 -21 -22 -23 -24 -25 -26
leaf_value=-0.0092754549178027841 0.012497137356026967 -0.011699148510547687 0.011378869377153175 -0.0060235156219131643 0.041264703208572215 -0.015890184199950773 -0.0001853368404541115 -0.00093972610133627487 0.062472513515308838 -0.025860098736619905 0.018076422645997462 -0.0073204736134035277 -0.017926091249982967 0.0092508384130638062 -0.010945985845221589 0.008755249101154083 -0.013526054557923576 0.01623191204462537 -0.016605563765377453 0.0080410134797345243 0.010547756768831719 -0.0098675352794259617 0.014622893118806289 0.0051657828699377033 -0.015501120971704831
leaf_weight=4.0592790842056266 3.1142836585640898 3.8973809257149687 3.584948055446147 6.5069888345897189 1.0921573787927621 2.318432003259657 4.8693521916866285 4.2929317802190772 0.99958431720733543 2.0477105826139441 2.1573533266782752 6.9558350890874854 2.8682472407817841 7.3360015898942939 5.3473761975765255 8.0817511975765246 5.2597135901451102 4.2750921547412846 3.0640307664871225 3.0007898285984993 4.6647253632545471 3.8574329763650894 2.0991452932357788 3.055196151137352 1.1298216655850408
leaf_count=21 19 38 30 51 10 26 21 39 4 10 9 30 19 33 25 36 26 22 16 29 21 31 16 22 33
internal_value=-1.59512e-05 0.000376084 -3.08538e-05 0.000480889 2.27642e-05 0.000522215 -2.99373e-05 0.000644089 -0.000112991 0.00101305 -0.000279596 0.000872203 -0.00774323 1.54379e-05 0.00141865 -0.000560664 0.00178439 -0.00182702 0.00412405 -0.00441078 0.00506603 -0.00534236 -0.00139097 0.00821207 0.0124007
internal_weight=99.9356 95.8763 92.762 88.8646 85.2797 78.7727 73.4955 65.2205 55.6864 48.5252 47.5257 45.4779 7.16118 43.3206 36.3648 29.0288 23.6814 15.5996 10.3399 6.06482 9.53408 8.27501 4.41758 5.27718 2.22198
internal_count=637 616 597 559 529 478 413 340 298 240 236 226 58 217 187 154 129 93 67 45 42 73 42 65 43
is_linear=0
shrinkage=0.06


end of trees

feature_importances:
Maximal_anterior-posterior_diameter_(cm)=2316

parameters:
[boosting: gbdt]
[objective: binary]
[metric: binary_logloss]
[tree_learner: serial]
[device_type: cpu]
[data_sample_strategy: bagging]
[data: ]
[valid: ]
[num_iterations: 100]
[learning_rate: 0.06]
[num_leaves: 31]
[num_threads: 8]
[seed: 0]
[deterministic: 0]
[force_col_wise: 0]
[force_row_wise: 0]
[histogram_pool_size: -1]
[max_depth: -1]
[min_data_in_leaf: 20]
[min_sum_hessian_in_leaf: 0.001]
[bagging_fraction: 1]
[pos_bagging_fraction: 1]
[neg_bagging_fraction: 1]
[bagging_freq: 0]
[bagging_seed: 3]
[bagging_by_query: 0]
[feature_fraction: 1]
[feature_fraction_bynode: 1]
[feature_fraction_seed: 2]
[extra_trees: 0]
[extra_seed: 6]
[early_stopping_round: 0]
[early_stopping_min_delta: 0]
[first_metric_only: 0]
[max_delta_step: 0]
[lambda_l1: 0]
[lambda_l2: 0]
[linear_lambda: 0]
[min_gain_to_split: 0]
[drop_rate: 0.1]
[max_drop: 50]
[skip_drop: 0.5]
[xgboost_dart_mode: 0]
[uniform_drop: 0]
[drop_seed: 4]
[top_rate: 0.2]
[other_rate: 0.1]
[min_data_per_group: 100]
[max_cat_threshold: 32]
[cat_l2: 10]
[cat_smooth: 10]
[max_cat_to_onehot: 4]
[top_k: 20]
[monotone_constraints: ]
[monotone_constraints_method: basic]
[monotone_penalty: 0]
[feature_contri: ]
[forcedsplits_filename: ]
[refit_decay_rate: 0.9]
[cegb_tradeoff: 1]
[cegb_penalty_split: 0]
[cegb_penalty_feature_lazy: ]
[cegb_penalty_feature_coupled: ]
[path_smooth: 0]
[interaction_constraints: ]
[verbosity: 1]
[saved_feature_importance_type: 0]
[use_quantized_grad: 0]
[num_grad_quant_bins: 4]
[quant_train_renew_leaf: 0]
[stochastic_rounding: 1]
[linear_tree: 0]
[max_bin: 255]
[max_bin_by_feature: ]
[min_data_in_bin: 3]
[bin_construct_sample_cnt: 200000]
[data_random_seed: 1]
[is_enable_sparse: 1]
[enable_bundle: 1]
[use_missing: 1]
[zero_as_missing: 0]
[feature_pre_filter: 1]
[pre_partition: 0]
[two_round: 0]
[header: 0]
[label_column: ]
[weight_column: ]
[group_column: ]
[ignore_column: ]
[categorical_feature: ]
[forcedbins_filename: ]
[precise_float_parser: 0]
[parser_config_file: ]
[objective_seed: 5]
[num_class: 1]
[is_unbalance: 0]
[scale_pos_weight: 1]
[sigmoid: 1]
[boost_from_average: 1]
[reg_sqrt: 0]
[alpha: 0.9]
[fair_c: 1]
[poisson_max_delta_step: 0.7]
[tweedie_variance_power: 1.5]
[lambdarank_truncation_level: 30]
[lambdarank_norm: 1]
[label_gain: ]
[lambdarank_position_bias_regularization: 0]
[eval_at: ]
[multi_error_top_k: 1]
[auc_mu_weights: ]
[num_machines: 1]
[local_listen_port: 12400]
[time_out: 120]
[machine_list_filename: ]
[machines: ]
[gpu_platform_id: -1]
[gpu_device_id: -1]
[gpu_use_dp: 0]
[num_gpu: 1]

end of parameters

pandas_categorical:[]
