tree
version=v4
num_class=1
num_tree_per_iteration=1
label_index=0
max_feature_idx=65
objective=binary sigmoid:1
feature_names=Age Sex Hypertension Pseudoaneurysm Ruptured_iliac_aneurysm Smoking Diabetes_Mellitus Coronary_artery_disease Former_Stroke Chronic_Obstructive_Pulmonary_Disease Familial_disposition_to_abdominal_aortic_aneurysm Former_aortic_dissection Diverticula_disease Autoimmune_disease SIRS_within_the_last_3_months Platelet_inhibitors Acetylsalicylic_acid Clopidogrel Ticagrelor Persantin NSAID Statins Anticoagulants Direct_oral_anticoagulants Beta-blockers Thiazides ACE-inhibitors Calcium-antagonists Bronchodilators Oral_corticosteroids Chemotherapy_within_3_months Weight Height Body_mass_index Body_Surface_Area_calculated_using_the_DuBois'_formula Body_Surface_Area_calculated_using_the_Mostellers_formula Systolic_blood_pressure Diastolic_blood_pressure Mean_arterial_pressure Pulse_pressure_(mmHg) Suprarenal_mural_thrombe Shape_of_abdominal_aortic_aneurysm_(fusiform_or_saccular) Aortic_bleb Retroperitoneal_fibrosis Maximal_anterior-posterior_diameter_(cm) Maximal_transversiel_diameter_(cm) Maximal_circumference_(cm) Maximal_Area_(cm2) Maximal_luminal_area_(cm2) Anterior-posterior_diameter_perpendicular_to_maximum_anterior-posterior_diameter Transversiel_diameter_perpendicular_to_maximum_anterior-posterior_diameter_(cm) Circumference_perpendicular_to_maximum_anterior-posterior_diameter_(cm) Area_perpendicular_to_maximum_anterior-posterior_diameter_(cm2) Luminal_area_perpendicular_to_maximum_anterior-posterior_diameter_(cm2) Transvers_outer-to-outer_diameter_of_L3_(cm) Distance_between_the_aortic_bifurcature_to_os_saccrum_(cm) Distance_between_iliac_bifurcatures_(cm) Distance_between_left_iliac_bifurcature_to_the_aortic_bifurcature_(cm) Distance_between_right_iliac_bifurcature_to_the_aortic_bifurcature_(cm) Distance_between_lowest_renal_artery_to_the_aortic_bifurcature_(cm) Left_iliac_artery_maximal_diameter_(cm) Right_iliac_artery_maximal_diameter_(cm) Anterior_Wall_thickness_(mm) UniCa-score_at_max._size_over_15mm UniCa-score_in_thrombus Bad_quality_CT-scan
feature_infos=[35:95] -1:1:0 -1:1:0:2 none -1:0:2:1 -1:1:2:0 -1:0:1:2 -1:0:1:2 -1:0:2:1 -1:0:1:2 -1:0:1:2 -1:0:2:1 -1:0:1:2 -1:0:1:2 -1:0:1:2 -1:1:0 -1:1:0 -1:0:1 -1:0:1 -1:0:1 -1:0:1 -1:1:0 -1:0:1 -1:0:1 -1:0:1 -1:0:1 -1:0:1 -1:0:1 -1:0:1 -1:0:1 -1:0:1 [41:162] [150:206] [15.431517934434869:56.055363321799312] [1.3292999999999999:2.5933999999999999] [1.3157000999999999:2.7658999] [83:200] [39:123] [56.299999:143] [19:130] -1:1:0 -1:0:1 -1:0:1 -1:0:1 [2.5999998999999998:13.789999999999999] [3.0599999000000002:15.18] [9.0699997000000003:45.270000000000003] [6.6100000999999997:154.05000000000001] [1.01:94.080001999999993] [2.4900000000000002:13.19] [1.99:15.18] [9.4700003000000006:51.099997999999999] [4.1199998999999998:154.05000000000001] [0.92000002000000003:87.160004000000001] [1.03:8.5200005000000001] [2.6400001:11.82] [2.71:11.06] [2.9000001000000002:20.360001] [2.02:12.880000000000001] [8.1899996000000002:45.57] [4.8499999000000003:72.5] [6.5999999000000003:75.199996999999996] [0.68999999999999995:2.21] [0:2553.3000000000002] [0:347.70001000000002] -1:0:1
tree_sizes=2320 2903 2905 2698 2793 2779 2788 2898 2796 2779 2676 2873 2973 2878 3000 2896 2975 2861 3003 2762 2592 2969 3077 2690 2768 2784 3088 3113 2765 3012 3089 2816 2884 2844 2799 2981 2848 2872 3087 3118 2874 3001 3097 3101 2938 3210 3098 2987 3009 2874 3099 3088 2876 3093 3000 2986 3181 2913 2996 3011 3338 2892 3095 3437 3446 3185 3445 3144 2994 3160 2691 2708 3229 3010 3022 3258 2999 3019 3011 3121 3020 3265 2977 3239 3469 3169 2920 3149 3152 3247 3155 2919 3148 3101 3253 3048 3039 3477 3479 3239

Tree=0
num_leaves=21
num_cat=0
split_feature=45 39 39 34 53 56 47 33 47 54 55 37 59 46 44 61 61 34 0 0
split_gain=158.914 81.4969 31.8923 20.3097 20.0957 17.0459 11.5429 6.16682 5.77092 5.47266 3.85112 3.75281 1.00753 1.43336 2.77462 0.608725 0.309963 0.499219 1.42109e-14 7.10543e-15
threshold=7.315000050000001 29.500000000000004 39.500000000000007 1.4093499500000002 29.054999000000006 6.9549999000000007 36.815001000000002 27.724992505699582 17.330000000000002 4.424999950000001 6.315000050000001 61.500000000000007 10.415000000000001 18.770000500000005 6.0850000500000005 13.850000000000003 32.699998500000007 1.9853500000000002 77.500000000000014 72.500000000000014
decision_type=10 10 10 10 8 10 10 8 8 10 10 10 8 10 10 8 8 10 2 2
left_child=1 10 -2 -3 5 -4 8 -6 -5 -7 -1 -10 -13 16 -15 -16 18 -18 19 -14
right_child=2 3 4 6 7 9 -8 -9 11 -11 -12 12 13 14 15 -17 17 -19 -20 -21
leaf_value=-0.58766689373194825 -0.48657509656155551 -0.61655026435206051 -0.58134865640879885 -0.70139516554864012 -0.58766689373194825 -0.66578328245452445 -0.68609838045048854 -0.48657509656155562 -0.71403164019493914 -0.76457753878013557 -0.50101678187161169 -0.748494752866664 -0.78985048807273373 -0.72092426272928412 -0.75952294892161598 -0.78985048807273373 -0.78985048807273373 -0.75952294892161587 -0.78985048807273373 -0.78985048807273373
leaf_weight=4.6739697307348234 12.463919281959532 4.6739697307348242 7.1222395896911683 5.3416796922683707 6.6770996153354618 4.8965397179126722 8.4576595127582532 4.673969730734826 4.4513997435569754 5.3416796922683716 4.6739697307348251 4.8965397179126731 19.141018897295002 4.8965397179126766 4.4513997435569737 9.3479394614696503 5.5642496794462186 4.4513997435569763 7.5673795640468589 8.0125195384025556
leaf_count=21 56 21 32 24 30 22 38 21 20 24 21 22 86 22 20 42 25 20 34 36
internal_value=-0.688441 -0.734161 -0.576738 -0.753605 -0.615879 -0.661542 -0.761004 -0.546041 -0.769114 -0.717328 -0.544342 -0.774084 -0.777996 -0.780273 -0.764578 -0.780067 -0.786833 -0.776372 -0.78985 -0.78985
internal_weight=141.777 100.602 41.1754 91.2537 28.7115 17.3605 86.5797 11.3511 78.1221 10.2382 9.34794 72.7804 68.329 63.4324 18.6959 13.7993 44.7366 10.0156 34.7209 27.1535
internal_count=637 452 185 410 129 78 389 51 351 46 42 327 307 285 84 62 201 45 156 122
is_linear=0
shrinkage=1


Tree=1
num_leaves=26
num_cat=1
split_feature=45 39 39 34 53 56 47 50 33 54 37 55 53 55 53 54 61 44 45 46 59 45 61 33 21
split_gain=135.485 70.249 24.7157 18.0906 16.2081 14.3341 10.6058 5.41972 5.10747 4.90384 3.5163 2.94921 0.993692 1.75334 4.2635 1.49134 0.540092 0.200002 0.000862471 0.000356009 0.000161944 4.9678e-05 4.6716e-05 7.85055e-06 1.42109e-14
threshold=7.315000050000001 29.500000000000004 39.500000000000007 1.4093499500000002 29.054999000000006 6.9549999000000007 36.815001000000002 4.6350000000000007 26.293150818102465 4.424999950000001 61.500000000000007 6.315000050000001 7.3250000500000008 5.1899998000000007 8.2199997500000013 4.0450001000000011 16.250000000000004 6.174999950000001 5.9849999000000009 18.729999500000002 10.445000000000002 5.1150000000000011 19.150000500000004 26.247076324833877 0
decision_type=10 10 10 10 8 10 10 8 8 10 10 10 8 8 10 8 10 10 10 8 10 10 8 10 9
left_child=1 11 24 -3 5 -4 7 -5 -6 -7 -9 -1 19 14 -14 -15 -16 18 20 21 -17 -12 -22 -23 -2
right_child=2 3 4 6 8 9 -8 10 -10 -11 12 -13 13 15 16 17 -18 -19 -20 -21 22 23 -24 -25 -26
leaf_value=0.090988803021772563 0.177304636090997 0.065481700920396457 0.096513266374135778 -0.01167402606505108 0.071389474223910385 0.020967362039946525 0.0021830103109431562 -0.02407708322866154 0.16237720011403156 -0.072971717088698443 -0.09844533574550958 0.16522089833270703 -0.0051806158054738842 -0.054076335900819367 -0.098611837766500815 -0.098676766434451918 -0.06709615551016325 -0.082703748320199319 -0.099470682020640244 -0.098922367175302173 -0.098139105800372883 -0.098139105800372869 -0.098424360807113129 -0.098252330405100105 0.17730463609099703
leaf_weight=4.8215936869382841 5.1868889033794403 4.7810618430376044 7.3603954315185609 5.3048555850982657 4.5919939875602696 4.932862460613249 8.4642154872417432 4.4131851196289054 7.2471182197332391 5.2019920349121094 4.3096212446689668 4.9338477998971939 4.3264882862567893 4.5387142300605801 5.829622954130171 6.482693165540705 4.3087202310562134 4.3067137151956549 4.3599950075149527 4.5503162145614615 6.6566751003265354 7.9450638294219953 4.3091306388378152 4.3003270179033279 8.0161010324954969
leaf_count=21 22 21 32 24 20 22 38 20 31 24 20 21 20 21 27 30 20 20 20 21 31 37 20 20 34
internal_value=-0.000130205 -0.0434409 0.100611 -0.0622515 0.0660929 0.0248185 -0.0694868 -0.0774748 0.127086 -0.0272494 -0.0824164 0.128532 -0.0863042 -0.0806491 -0.0612784 -0.0897896 -0.0852179 -0.0959965 -0.0986215 -0.0983936 -0.0984093 -0.0982482 -0.0982512 -0.0981789 0.177305
internal_weight=141.48 98.9428 42.5374 89.1874 29.3344 17.4952 84.4063 75.9421 11.8391 10.1349 70.6373 9.75544 66.2241 45.1188 14.4648 30.6539 10.1383 26.1152 21.8085 21.1053 17.4485 16.555 10.9658 12.2454 13.203
internal_count=637 452 185 410 129 78 389 351 51 46 327 42 307 209 67 142 47 121 101 98 81 77 51 57 56
cat_boundaries=0 1
cat_threshold=2
is_linear=0
shrinkage=0.0675


Tree=2
num_leaves=26
num_cat=0
split_feature=45 39 39 34 53 56 47 50 54 33 37 55 59 46 44 61 61 36 55 54 63 33 53 48 45
split_gain=116.732 61.1108 20.0698 16.1609 13.3711 12.1546 9.77778 5.05494 4.40081 4.12721 3.31168 2.39697 0.995768 1.34537 2.69885 0.622354 0.328719 0.523835 0.00073243 0.000206038 0.000187945 7.20734e-05 8.53111e-06 4.38711e-08 4.80505e-09
threshold=7.315000050000001 29.500000000000004 39.500000000000007 1.4093499500000002 29.054999000000006 6.9549999000000007 36.815001000000002 4.6350000000000007 4.424999950000001 26.293150818102465 61.500000000000007 6.315000050000001 10.415000000000001 18.770000500000005 6.0850000500000005 13.850000000000003 32.699998500000007 143.50000000000003 4.2300000000000013 4.0550000500000012 98.700000500000016 30.386089583160985 13.915000000000001 7.8450000500000003 5.3350000500000005
decision_type=10 10 10 10 8 10 10 8 10 8 10 10 8 10 10 8 8 10 10 10 8 10 10 8 10
left_child=1 11 -2 -3 5 -4 7 -5 -7 -6 -9 -1 -12 16 -15 -16 18 -18 -14 -20 -17 22 23 24 -21
right_child=2 3 4 6 9 8 -8 10 -10 -11 12 -13 13 14 15 20 17 -19 19 21 -22 -23 -24 -25 -26
leaf_value=0.082754053757475798 0.15946408109509091 0.059895872661686798 0.087682465709824117 -0.010931244991277605 0.065257081570967768 0.019418083849818437 0.0020341366248905236 -0.022647531845610226 -0.070029962594468045 0.14602122677395885 -0.053240362584227645 0.14871310498337906 -0.096367650492979476 -0.026377086752121706 -0.064480802944030149 -0.096279652218346098 -0.063385546578431651 -0.095808971391442205 -0.095856391502167224 -0.095270549499053267 -0.095660224070119343 -0.09559280160183635 -0.095377184521678399 -0.095264475513073404 -0.095273597127945323
leaf_weight=4.9390820860862714 13.670496463775633 4.8707628697156897 7.5476927757263246 5.2836751937866202 4.6810829639434788 4.9656968116760236 8.4703099727630597 4.3763747811317435 5.0595903396606445 7.5047096014022836 4.6448635756969443 5.1047414392232895 4.4019576162099829 4.7123825550079372 4.2070042341947529 4.1888182610273352 4.1620757281780225 4.9948944598436356 4.3735225498676327 4.3370076566934621 4.7770090103149423 4.5642696470022193 4.3437332063913336 5.1626331359148034 5.1633408665657043
leaf_count=21 56 21 32 24 20 22 38 20 24 31 22 21 21 22 20 20 20 24 21 21 23 22 21 25 25
internal_value=-0.000223011 -0.0413739 0.0917624 -0.0595669 0.0606619 0.0229842 -0.0666488 -0.0745431 -0.0257248 0.114996 -0.0794562 0.116278 -0.0833388 -0.0856929 -0.0702165 -0.0858994 -0.0923622 -0.0810717 -0.0955584 -0.0954309 -0.0959496 -0.0953519 -0.0952941 -0.0952695 -0.0952722
internal_weight=140.508 97.0785 43.4293 87.0346 29.7588 17.573 82.1639 73.6936 10.0253 12.1858 68.4099 10.0438 64.0335 59.3886 17.8852 13.1728 41.5034 9.15697 32.3465 27.9445 8.96583 23.571 19.0067 14.663 9.50035
internal_count=637 452 185 410 129 78 389 351 46 51 327 42 307 285 85 63 200 44 156 135 43 114 92 71 46
is_linear=0
shrinkage=0.0675


Tree=3
num_leaves=24
num_cat=1
split_feature=45 39 39 34 53 56 47 47 54 33 37 55 63 60 63 48 46 51 59 61 33 61 15
split_gain=101.376 53.5174 16.8674 14.4724 11.2288 10.3738 9.04026 4.78449 3.95421 3.6393 3.13655 2.03593 1.01367 0.913125 2.5904 1.05423 0.00279343 0.00114885 0.000980684 7.17283e-05 2.46855e-05 1.06809e-06 1.42109e-14
threshold=7.315000050000001 29.500000000000004 39.500000000000007 1.4093499500000002 29.054999000000006 6.9549999000000007 36.815001000000002 17.330000000000002 4.424999950000001 27.724992505699582 61.500000000000007 6.315000050000001 439.14999500000005 18.450000000000003 52.750000000000007 1.4200000000000002 18.770000500000005 19.620000000000005 11.310000000000002 21.650000500000004 29.234722083124179 14.350000000000003 0
decision_type=10 10 10 10 8 10 10 8 10 8 10 10 10 10 10 10 10 10 10 8 10 10 9
left_child=1 11 22 -3 5 -4 7 -5 -7 -6 -9 -1 13 15 -15 -12 18 -18 -17 20 21 -20 -2
right_child=2 3 4 6 9 8 -8 10 -10 -11 12 -13 -14 14 -16 16 17 -19 19 -21 -22 -23 -24
leaf_value=0.075699753822248264 0.14590862411520789 0.054975866409951807 0.080165794624685746 -0.0098097451942802272 0.074106861122415588 0.017995726434256981 0.0018955230422891809 -0.021297005923975477 -0.067276025460506816 0.14816495592817461 -0.064602093617290149 0.13591659839595083 -0.056998411670054379 -0.032937171025893143 -0.093707759545524585 -0.093840178915362393 -0.095321343524109967 -0.093860332402332589 -0.09273907647805614 -0.093140967246532799 -0.092957343120381203 -0.092784623972470393 0.14590862411520791
leaf_weight=5.0313941538333875 5.2206548899412155 4.9456685185432425 7.6926503181457582 5.2494904845952979 7.2059869766235325 4.9954158365726453 8.4759763777255994 4.3410250544548026 4.9162037372589111 5.208551600575448 6.8779451102018347 5.2043293118476868 7.2811857163906089 5.4908080101013166 7.6462850868701935 6.8558211922645595 4.3313911408185941 5.6524172723293304 5.7444659024477023 3.9891977310180655 3.9767254739999762 3.9648563861846924 8.7010914832353574
leaf_count=21 21 21 32 24 30 22 38 20 24 21 34 21 36 27 38 34 21 28 29 20 20 20 35
internal_value=-0.000289146 -0.0394815 0.0844978 -0.0570752 0.0560175 0.0213494 -0.0640129 -0.0718368 -0.0242994 0.105178 -0.0767589 0.106317 -0.080654 -0.0838127 -0.068308 -0.0887335 -0.0935423 -0.0944942 -0.0931549 -0.0928891 -0.0928157 -0.0927577 0.145909
internal_weight=139 95.059 43.9406 84.8233 30.0188 17.6043 79.8776 71.4016 9.91162 12.4145 66.1521 10.2357 61.8111 54.5299 13.1371 41.3928 34.5149 9.98381 24.5311 17.6752 13.686 9.70932 13.9217
internal_count=637 452 185 410 129 78 389 351 46 51 327 42 307 271 65 206 172 49 123 89 69 49 56
cat_boundaries=0 1
cat_threshold=2
is_linear=0
shrinkage=0.0675


Tree=4
num_leaves=25
num_cat=0
split_feature=45 39 39 34 53 56 47 47 33 63 37 31 53 55 53 54 55 44 46 46 61 63 59 63
split_gain=88.5728 47.0965 14.5554 12.9838 9.55922 8.89976 8.37429 4.49011 3.73694 3.26439 2.97845 1.85872 1.01936 1.8158 4.09574 1.53355 0.569648 0.218804 0.00145587 0.000731459 0.000528792 0.000437235 0.000214939 4.25349e-05
threshold=7.315000050000001 29.500000000000004 39.500000000000007 1.4093499500000002 29.054999000000006 6.9549999000000007 36.815001000000002 17.330000000000002 26.247076324833877 24.050000500000003 61.500000000000007 64.500000000000014 7.3250000500000008 5.1899998000000007 8.2199997500000013 4.0450001000000011 4.7850001000000004 6.174999950000001 18.770000500000005 18.595000000000002 24.000000000000004 29.500000000000004 11.490000000000002 266.55000500000006
decision_type=10 10 10 10 8 10 10 8 10 8 10 10 8 8 10 8 8 10 8 8 8 10 10 10
left_child=1 11 -2 -3 5 -4 7 -5 -7 -6 -9 -1 19 14 -14 -15 -16 18 20 21 22 -12 -17 -23
right_child=2 3 4 6 9 8 -8 10 -10 -11 12 -13 13 15 16 17 -18 -19 -20 -21 -22 23 -24 -25
leaf_value=0.12528742435578355 0.1352636085075703 0.050603605645185415 0.073664150756982516 -0.0091806417538522027 0.13478370438375922 0.016116695130737976 0.0017664362818199224 -0.020021194317174678 -0.067440705840901685 0.065629614662702562 -0.091486007646640222 0.068010479974267554 0.0046605360077957179 -0.044254801141626547 -0.091344292119299966 -0.091300475208411919 -0.057199666186340425 -0.074032682597009555 -0.092450709388554167 -0.091857205712652226 -0.091865587678336164 -0.090542800272539137 -0.090647671458861684 -0.090830368633915831
leaf_weight=5.4210294485092145 13.999946594238279 5.0079845935106269 7.8023567199707093 5.2312479168176642 5.6902859658002827 5.2142939865589124 8.4812458455562574 4.3071684241294852 4.5812956094741821 6.8589504361152658 4.0566699951887157 4.928208589553833 4.0797473788261405 4.1653623431921032 5.2046597748994801 4.0434550940990484 3.8902224004268655 3.8666343390941611 6.2968725115060797 4.8645766228437415 3.8914971351623544 6.0709062665700895 5.3236937522888184 3.8169939815998077
leaf_count=22 56 21 32 24 23 24 38 20 22 28 21 20 20 21 27 21 20 20 32 25 20 32 28 20
internal_value=-0.000336595 -0.0377281 0.0783883 -0.0547358 0.0519761 0.0198788 -0.0615348 -0.0693032 -0.0229622 0.0969866 -0.0742268 0.0980127 -0.0781461 -0.0721481 -0.0515325 -0.0819932 -0.0767394 -0.0887046 -0.0916056 -0.0911445 -0.0912042 -0.0908959 -0.0909295 -0.0906538
internal_weight=137.095 92.9482 44.1471 82.5989 30.1472 17.5979 77.591 69.1097 9.79559 12.5492 63.8785 10.3492 59.5713 40.7621 13.1746 27.5875 9.09488 23.4222 19.5555 18.8091 13.2586 13.9446 9.36715 9.8879
internal_count=637 452 185 410 129 78 389 351 46 51 327 42 307 209 67 142 47 121 101 98 69 73 49 52
is_linear=0
shrinkage=0.0675


Tree=5
num_leaves=25
num_cat=1
split_feature=45 39 39 34 53 47 56 50 54 33 52 37 55 62 60 46 61 37 55 54 63 59 63 15
split_gain=77.7098 41.5697 12.8507 11.6804 8.20822 7.92549 7.66578 4.36349 3.46904 3.19267 3.09109 4.89071 1.8601 1.07404 0.610211 0.52339 0.434045 0.0169988 0.00200128 0.000830103 0.000407005 0.000170637 0.000103411 1.42109e-14
threshold=7.315000050000001 29.500000000000004 39.500000000000007 1.48795005 29.054999000000006 36.815001000000002 6.9549999000000007 4.6350000000000007 4.424999950000001 27.724992505699582 28.399999500000003 78.500000000000014 6.315000050000001 1.5150000000000003 15.15 19.005000000000006 32.699998500000007 64.500000000000014 4.3050000500000012 4.0850000500000005 313.15001000000007 11.490000000000002 87.750000000000014 0
decision_type=10 10 10 10 8 10 10 8 10 8 10 10 10 8 8 10 8 10 10 10 8 10 10 9
left_child=1 12 23 -3 6 7 -4 -5 -8 -6 13 -12 -1 15 -13 16 17 -9 -19 -20 21 -21 -23 -2
right_child=2 3 4 5 9 -7 8 10 -10 -11 11 14 -14 -15 -16 -17 -18 18 19 20 -22 22 -24 -25
leaf_value=0.062031762025920985 0.12669053500790151 0.03927938030461231 0.06796488398565674 -0.0083330946931459288 0.061269302733529006 0.0016462166469519729 0.017436814265829503 -0.094139498530406165 -0.063340431549107221 0.13015363701609345 0.01487241579071515 -0.090839960320768548 0.11907153595114083 -0.051639803114152033 -0.053694615282079992 -0.062540449800879 -0.071763967218488267 -0.090822563389158589 -0.090008405487894572 -0.089228347810952638 -0.089619101240730956 -0.088909102198769796 -0.088500085648683613 0.12669053500790151
leaf_weight=5.1739761978387815 5.2274153083562851 5.8518966734409323 7.8827466964721742 5.2047455608844748 7.3857548534870121 8.4861472547054273 5.0053859800100309 3.9978141933679607 4.6940484791994095 5.2410687804222116 4.3615371137857428 4.3824232518672916 5.2460490763187408 5.2521990537643424 3.7300979942083368 4.6341089606285086 7.3206474334001532 3.982845991849902 4.4912028014659908 3.6801730692386654 3.7100479602813712 5.4825330078601819 5.7914474904537201 8.7123588472604734
leaf_count=21 21 25 32 24 30 38 22 20 24 21 22 23 21 28 20 24 39 21 24 20 20 30 32 35
internal_value=-0.000375291 -0.0360988 0.0730803 -0.0525468 0.0483422 -0.0597588 0.0185247 -0.0676516 -0.0216554 0.0898614 -0.072728 -0.0427703 0.0907489 -0.0804581 -0.0737607 -0.0839707 -0.0865531 -0.0900303 -0.0894249 -0.0891845 -0.0889863 -0.0888293 -0.088699 0.126691
internal_weight=134.929 90.7799 44.1488 80.3599 30.209 74.508 17.5822 66.0218 9.69943 12.6268 60.8171 12.4741 10.42 48.343 8.11252 43.0908 38.4567 31.1361 27.1383 23.1554 18.6642 14.9542 11.274 13.9398
internal_count=637 452 185 410 129 385 78 347 46 51 323 65 42 258 43 230 206 167 147 126 102 82 62 56
cat_boundaries=0 1
cat_threshold=2
is_linear=0
shrinkage=0.0675


Tree=6
num_leaves=25
num_cat=1
split_feature=45 34 39 37 36 61 47 50 50 54 44 57 61 52 5 56 56 46 58 59 48 53 61 0
split_gain=68.4688 37.0186 11.5111 9.87917 7.41717 7.2821 7.26152 6.8172 5.00817 4.91794 3.50112 1.25016 2.66606 1.97949 3.57249 0.223538 0.156259 0.00213051 0.00160142 0.00126606 0.00117983 0.00109943 0.000299028 7.10543e-15
threshold=7.315000050000001 1.48795005 39.500000000000007 59.500000000000007 177.50000000000003 44.299999000000007 36.815001000000002 7.8950000000000005 4.6350000000000007 4.5250001000000006 7.4849999000000009 5.815000050000001 32.699998500000007 25.235000000000003 0 8.0749998000000023 7.4449999500000006 18.985000000000003 5.5850000500000005 10.490000000000002 7.4649999000000014 10.335000000000003 17.349999500000003 74.500000000000014
decision_type=10 10 10 10 8 8 10 10 8 8 10 10 8 10 9 10 10 10 10 10 8 10 8 2
left_child=1 4 23 -3 -1 7 8 10 -5 -9 -4 15 13 18 -15 17 -16 19 -13 -10 -20 -22 -21 -2
right_child=2 3 5 6 -6 -7 -8 9 11 -11 -12 12 -14 14 16 -17 -18 -19 20 22 21 -23 -24 -25
leaf_value=0.011382694244482808 0.11964724266293358 0.025488857613109536 0.02248688037011945 -0.0069018840072668525 0.11891540489659236 0.10845674152125465 0.0017613788964340111 0.094554130037932033 -0.088594928744870863 0.012289507267329039 -0.057094153952164009 -0.08936045722210105 -0.01756077482365842 -0.0033094804616568569 -0.069647013186130702 -0.069820021576214156 -0.089016422787517507 -0.089278686258705206 -0.086941550871887346 -0.086977574616671147 -0.089160260658443749 -0.08752925925518365 -0.087749766567339946 0.11964724266293354
leaf_weight=4.9312578290700886 7.8682780265808088 6.8401176631450644 5.4863148331642204 5.6851293593645087 7.1747836470603952 6.4964695870876303 7.8203882277011862 7.69871614873409 4.7091212421655717 5.8096334636211404 4.6567608416080475 4.0230323523283067 4.6565099209547034 4.3709277212619781 3.5950994789600355 3.6029152870178214 4.0191686451435089 5.1472559869289389 4.5104629248380634 6.4284374415874455 3.6627302616834649 3.8755629658699036 3.5448981672525415 5.9012085199356079
leaf_count=21 32 30 24 26 29 27 35 32 26 26 20 22 25 23 20 20 22 28 26 37 20 22 20 24
internal_value=-0.000401617 -0.0345621 0.0685129 -0.05192 0.0751132 0.0451582 -0.0595219 0.0277717 -0.067273 0.059174 -0.0140494 -0.0733859 -0.0648613 -0.0727116 -0.0519495 -0.0852868 -0.0798711 -0.088097 -0.0881944 -0.0876827 -0.0878051 -0.0883217 -0.087252 0.119647
internal_weight=132.515 88.5978 43.9174 76.4918 12.106 30.1479 69.6516 23.6514 61.8313 13.5083 10.1431 56.1461 32.7135 28.057 11.9852 23.4326 7.61427 19.8297 16.0718 14.6825 12.0488 7.53829 9.97334 13.7695
internal_count=637 452 185 402 50 129 372 102 337 58 44 311 180 155 65 131 42 111 90 83 68 42 57 56
cat_boundaries=0 1
cat_threshold=4
is_linear=0
shrinkage=0.0675


Tree=7
num_leaves=26
num_cat=1
split_feature=45 39 48 50 39 38 57 31 38 61 60 52 33 44 55 63 56 61 57 33 46 46 38 16 63
split_gain=60.316 32.9185 11.5877 11.1597 10.5935 6.98041 7.23601 6.55021 4.16605 3.73209 3.49806 6.72626 3.1193 2.64296 1.71834 1.38095 1.04802 0.269591 0.571879 0.0972076 0.0849921 0.00851645 0.00245059 0.000809063 0.00015372
threshold=7.315000050000001 29.500000000000004 30.430000500000002 5.9149999500000012 72.500000000000014 96.150001500000016 6.9399998000000007 60.500000000000007 89.849998500000012 17.349999500000003 18.450000000000003 28.399999500000003 27.762707340393831 4.8750000000000009 6.315000050000001 54.899999500000007 7.3550000000000013 11.450000000000001 6.5050001000000011 30.798548225068323 21.390000500000003 18.985000000000003 92.150001500000016 0 106.30000000000001
decision_type=10 10 8 10 8 10 8 10 10 8 10 8 8 10 10 10 10 10 10 8 10 10 10 9 8
left_child=1 14 7 12 5 8 9 -3 -2 -7 13 15 -4 -9 -1 -12 19 18 -15 -6 21 22 -19 24 -24
right_child=4 2 3 -5 16 6 -8 10 -10 -11 11 -13 -14 17 -16 -17 -18 20 -20 -21 -22 -23 23 -25 -26
leaf_value=0.052306003787169097 0.037409120795766478 -0.001336598932476766 -0.074849862079540752 0.087367800175854757 0.12751113698718497 -0.072767018333337666 0.062379728701596714 -0.027191062976985366 0.11913398021661728 0.013912117409656243 -0.03736266352523266 0.030639760103165093 0.0067656459356406134 -0.088070202002437051 0.10720616449202527 -0.087885858242825174 0.086440409857349243 -0.087862105160113252 -0.054694106786341685 0.11402300367017529 -0.097861431404663538 -0.089382346478852737 -0.085286310509955721 -0.086718611276254895 -0.085847960174201585
leaf_weight=5.2284175753593427 5.6623141616582888 7.419368863105773 4.8388313055038426 5.0545981079339972 4.9086083024740228 4.6181296855211214 6.6646415144205102 3.9879226237535468 5.7058540433645248 4.4383918195962915 3.8572025746107066 4.2623995393514642 3.8164484649896631 6.3163711130619031 5.1623427718877792 6.8288471698760986 6.9029710292816153 3.6884460449218848 3.7146572917699814 4.8298974335193643 3.9471916854381552 5.5812465995550147 4.9500555992126456 3.7514730989932987 4.0261266082525262
leaf_count=21 24 36 27 24 20 20 28 20 24 20 21 21 19 36 21 39 29 21 20 20 19 31 30 22 24
internal_value=-0.000425107 -0.033109 -0.0485077 0.00767651 0.064173 0.0381339 0.00899669 -0.0608655 0.0784281 -0.0302876 -0.0689087 -0.0410528 -0.0388624 -0.0793283 0.0795815 -0.0696492 0.10656 -0.0851078 -0.0757105 0.120822 -0.0887411 -0.0871045 -0.0863301 -0.0858861 -0.0855382
internal_weight=130.163 86.4319 76.0412 13.7099 43.7308 27.0893 15.7212 62.3313 11.3682 9.05652 54.9119 14.9484 8.65528 39.9635 10.3908 10.686 16.6415 35.9756 10.031 9.73851 25.9445 21.9973 16.4161 12.7277 8.97618
internal_count=637 452 410 70 185 116 68 340 48 40 304 81 46 223 42 60 69 203 56 40 147 128 97 76 54
cat_boundaries=0 1
cat_threshold=2
is_linear=0
shrinkage=0.0675


Tree=8
num_leaves=25
num_cat=1
split_feature=45 39 39 53 34 56 52 7 53 47 62 33 52 62 46 61 44 34 37 53 54 63 60 55
split_gain=53.2323 30.0953 12.7122 8.66045 8.14207 7.21817 5.73182 7.29855 9.04698 4.99192 3.65659 2.99752 1.73006 1.08352 0.613354 0.418721 0.596283 0.0468081 0.0153941 0.00187953 0.00096486 0.000250228 0.000125982 7.6219e-05
threshold=7.2349999000000009 29.500000000000004 39.500000000000007 29.054999000000006 1.48795005 6.9549999000000007 28.399999500000003 0 20.419999000000004 17.330000000000002 1.2350000000000001 26.293150818102465 25.170000000000005 1.5150000000000003 19.005000000000006 32.699998500000007 5.2650001000000008 2.0951500000000007 64.500000000000014 3.6449999500000003 4.0850000500000005 287.44999500000006 17.450000000000003 5.1899998000000007
decision_type=10 10 10 8 10 10 10 9 8 8 8 8 10 8 10 8 10 8 10 10 10 10 10 10
left_child=1 12 17 5 -3 -4 9 -8 -9 -6 -7 -5 -1 14 15 18 -17 -2 -11 -20 -21 22 23 -22
right_child=2 4 3 11 6 10 7 8 -10 13 -12 -13 -14 -15 -16 16 -18 -19 19 20 21 -23 -24 -25
leaf_value=0.045765582967260965 0.11767179540916335 0.028988580006619104 0.052205222690502907 0.036666778266500943 -0.0040712996304682302 -0.073472786113632574 -0.083115152559408365 -0.04194475282334241 0.077130890975652039 -0.089467991577013822 0.0054810711295391204 0.10372224014769811 0.10110420674014634 -0.044652340139742515 -0.053705835500714297 -0.086593010530207265 -0.046603226445528827 0.10937073426431353 -0.086210327065223177 -0.085366538889711602 -0.084228359911805342 -0.084755807470511507 -0.084434186991495491 -0.083815147338794263
leaf_weight=4.9146775454282743 4.7236069738864872 5.6820293962955466 8.6080901026725787 4.963945567607877 5.0711167305707923 4.9350369870662663 6.0548211187124252 6.9514115452766427 4.9968661665916452 3.602587670087817 5.8298320770263681 7.8261693418025979 5.4046492129564285 4.7964689880609503 4.0056017041206351 3.4037049263715735 3.391825258731842 8.9767549335956573 3.3640080243349102 4.4502021372318294 3.1805856674909574 3.3974858522415152 3.6820560097694388 5.6412582695484161
leaf_count=20 20 24 35 20 24 23 31 38 24 20 28 32 22 28 23 20 20 38 20 27 20 21 23 36
internal_value=-0.000451644 -0.0330265 0.0577833 0.0345897 -0.0485439 0.00612968 -0.0552198 -0.0227411 0.00785364 -0.0674047 -0.0307145 0.0776975 0.0747487 -0.0748885 -0.078693 -0.081627 -0.0666331 0.112233 -0.0853568 -0.0847323 -0.084488 -0.0842421 -0.0841025 -0.0839641
internal_weight=127.855 81.9914 45.8634 32.1631 71.672 19.373 65.99 18.0031 11.9483 47.9869 10.7649 12.7901 10.3193 42.9158 38.1193 34.1137 6.79553 13.7004 27.3182 23.7156 20.3516 15.9014 12.5039 8.82184
internal_count=637 441 196 138 399 86 375 93 62 282 51 52 42 258 230 207 40 58 167 147 127 100 79 56
cat_boundaries=0 1
cat_threshold=2
is_linear=0
shrinkage=0.0675


Tree=9
num_leaves=25
num_cat=2
split_feature=45 39 39 48 53 58 59 45 31 26 48 60 49 45 55 48 61 57 46 24 46 38 54 63
split_gain=47.2226 26.7948 11.664 7.62707 7.62067 7.18772 6.41482 7.39984 5.95198 3.77916 2.98466 2.78949 5.08416 2.48445 1.66596 0.720347 0.322067 0.586304 0.0466492 0.0381702 0.0104892 0.00439159 0.000379512 8.63027e-05
threshold=7.2349999000000009 29.500000000000004 39.500000000000007 31.430000500000002 29.054999000000006 6.9700000000000015 12.715000000000002 8.2750001000000015 60.500000000000007 0 44.614999500000003 18.450000000000003 5.8550000000000013 4.8250000500000008 6.315000050000001 12.220000000000002 11.450000000000001 6.7249999000000011 21.229999500000002 1 18.985000000000003 92.150001500000016 4.2850001000000004 73.000000000000014
decision_type=10 10 10 8 8 8 10 10 10 9 8 10 8 10 10 8 10 8 10 9 8 10 10 8
left_child=1 14 19 8 6 -5 -4 -8 -3 -7 -6 13 15 -10 -1 -13 17 -15 20 -2 21 -18 -23 -24
right_child=2 3 4 5 10 9 7 -9 11 -11 -12 12 -14 16 -16 -17 18 -19 -20 -21 -22 22 23 -25
leaf_value=0.043621045236010868 0.10477528206577424 -0.0003752184032507431 0.058685517138357152 0.070187116054518772 0.11421027279449837 -0.07793753650627476 -0.07328551815027784 0.030575221351522189 -0.025078175120737546 0.014591669382190071 0.047016736833562306 -0.085926408510486343 0.014668414716514798 -0.085136302619415238 0.098073296380193992 -0.046031847520885218 -0.085656440566045058 -0.048904442702431342 -0.092964594361980096 0.11220955121069209 -0.087182390637325011 -0.083521557755494441 -0.082417336311620404 -0.082873121256065219
leaf_weight=5.2394441366195661 8.2494948059320432 7.3264060765504828 6.7641845345497194 4.4228312820196125 4.9225230813026402 4.5138420909643182 6.443112984299658 6.0702106654644012 3.9738338142633429 3.6273081153631201 7.7601348608732232 5.4055662453174547 4.9940695613622674 4.9804785698652241 5.0058889836072922 3.3340619206428537 3.5951449275016847 3.4407566338777551 3.4476111829280844 5.087154507637023 4.9062150567769995 3.7081591784954053 3.1126115620136261 4.8300886899232864
leaf_count=21 36 36 29 22 20 25 30 27 21 19 32 33 26 31 21 20 22 20 18 22 29 24 21 32
internal_value=-0.000467069 -0.031692 0.0545866 -0.0466906 0.0324601 0.000919814 0.00572537 -0.0229027 -0.0571748 -0.0367109 0.0730966 -0.065543 -0.0396615 -0.075418 0.0702265 -0.0707071 -0.0816652 -0.0703327 -0.085709 0.107611 -0.0844677 -0.0835941 -0.0829577 -0.0826945
internal_weight=125.161 79.8643 45.2968 69.619 31.9602 12.564 19.2775 12.5133 57.055 8.14115 12.6827 49.7286 13.7337 35.9949 10.2453 8.73963 32.0211 8.42124 23.5998 13.3366 20.1522 15.246 11.6509 7.9427
internal_count=637 441 196 399 138 66 86 57 333 44 52 297 79 218 42 53 197 51 146 58 128 99 77 53
cat_boundaries=0 1 2
cat_threshold=1 1
is_linear=0
shrinkage=0.0675


Tree=10
num_leaves=24
num_cat=2
split_feature=45 34 39 38 46 53 56 38 15 56 54 5 33 48 39 33 55 34 52 50 46 60 33
split_gain=41.8825 24.8959 10.8178 7.35855 9.13719 6.69929 6.09988 6.07936 4.80239 6.03948 3.36046 3.23561 3.07456 2.03488 0.722278 0.303819 0.166249 0.0313501 0.0180328 0.0248368 0.00153621 0.00103015 0.000437217
threshold=7.2349999000000009 1.48795005 39.500000000000007 85.150001500000016 18.015000500000003 29.054999000000006 6.9549999000000007 118.85000000000001 0 6.6450000000000005 4.424999950000001 1 27.724992505699582 1.0000000180025095e-35 82.500000000000014 26.860293755898152 7.7149999500000002 2.0951500000000007 31.859999500000004 4.8999998500000013 18.985000000000003 21.050000000000004 25.463726829610977
decision_type=10 10 10 10 10 8 10 8 9 8 10 9 8 10 10 10 10 8 10 10 10 8 10
left_child=1 7 17 4 -3 6 -4 -1 13 -10 -8 15 -7 -5 16 -11 18 -2 19 -15 21 22 -21
right_child=2 3 5 8 -6 12 10 -9 9 11 -12 -13 -14 14 -16 -17 -18 -19 -20 20 -22 -23 -24
leaf_value=0.0014576009531180275 0.1081898043674472 -0.062892255857169149 0.04755093128309968 -0.035708222429519355 0.067918193092089282 0.040916374143833652 0.0095290510986792976 0.10077536979520263 0.027991465901624227 -0.063394058228453967 -0.066456972716815041 -0.016612082041076198 0.10875354852123048 -0.088978234180138185 -0.052300708957124006 -0.089902318493140537 -0.067955542660969051 0.10120783660226 -0.089293142303662948 -0.082476880565435756 -0.08398362399056955 -0.083316954169940949 -0.081524167164863368
leaf_weight=4.7175017744302723 4.4886300265789005 4.5143484026193601 8.6070192158222252 6.2109717577695838 5.2768860459327698 7.439564794301984 5.2397441267967206 6.9378478229045877 5.8724329620599773 3.11043781042099 5.3689782023429871 6.4001224339008305 5.1522236019372949 3.4572082310915127 4.1979298889636985 5.3727788329124451 3.1211585998535147 8.4392720907926559 3.1885372996330252 3.8398611545562709 3.1366466730833045 3.3683272302150735 5.1226444691419601
leaf_count=20 20 24 35 35 25 30 23 29 32 20 28 36 22 20 27 31 20 38 18 26 20 22 36
internal_value=-0.000480669 -0.0303907 0.0515668 -0.046409 0.0076067 0.0304053 0.00532873 0.0605765 -0.0557864 -0.0299748 -0.0289268 -0.0528462 0.0686735 -0.0708171 -0.0782259 -0.0801829 -0.0825388 0.103632 -0.0845971 -0.0838059 -0.0826498 -0.0823106 -0.0819323
internal_weight=122.581 77.8456 44.7354 66.1903 9.79123 31.8075 19.2157 11.6553 56.3991 20.7558 10.6087 14.8833 12.5918 35.6433 29.4323 8.48322 25.2344 12.9279 22.1132 18.9247 15.4675 12.3308 8.96251
internal_count=637 441 196 392 49 138 86 49 343 119 51 87 52 224 189 51 162 58 142 124 104 84 62
cat_boundaries=0 1 2
cat_threshold=2 2
is_linear=0
shrinkage=0.0675


Tree=11
num_leaves=26
num_cat=1
split_feature=52 33 39 53 59 38 59 60 56 59 45 21 47 59 54 36 53 36 57 61 33 38 46 57 39
split_gain=37.5552 18.1999 18.0342 10.5355 8.98808 7.03095 5.61145 4.73841 6.56795 4.65121 4.40379 3.28841 2.7374 1.5537 1.42502 1.41949 2.03153 3.27572 0.788803 0.505631 0.298524 0.0307576 0.00175167 0.00166942 0.000773414
threshold=28.399999500000003 21.015194559228657 74.500000000000014 29.054999000000006 11.035000000000002 96.150001500000016 12.820000000000002 15.450000000000001 6.9949999000000007 13.205000000000002 8.1150002500000031 0 17.774999500000003 12.630000000000001 4.5050001000000011 148.50000000000003 10.610000000000001 139.50000000000003 6.7049999000000007 15.15 27.724992505699582 90.500000000000014 18.985000000000003 5.7650001000000008 77.500000000000014
decision_type=10 10 8 8 10 10 10 8 8 8 10 9 8 8 10 10 8 8 8 10 8 10 8 8 10
left_child=1 4 3 5 -1 6 -2 8 -4 -5 11 -7 -3 -9 -11 16 20 18 -18 -15 21 -14 23 -17 -25
right_child=2 12 7 9 -6 10 -8 13 -10 14 -12 -13 15 19 -16 22 17 -19 -20 -21 -22 -23 -24 24 -26
leaf_value=0.10261720982700434 0.073255372037615132 -0.016181297496708179 0.10225624133478285 0.0013717718957257134 -0.026621468810938839 -0.094885233900117077 -0.019763531605079793 0.14074523199349737 -0.015623527473018038 0.11001029596150319 0.0078522605606813692 -0.024065819149992236 -0.090015631540728988 0.10808159544533974 0.057439457136727136 -0.080795507266212374 -0.03858427873208084 0.0066382340071652291 -0.083432192902034463 0.076012060231539169 -0.059725439516625199 -0.081267524105099215 -0.083604756498410815 -0.081906126605620772 -0.083252154474645734
leaf_weight=5.1362052559852582 5.8503818213939685 5.5254040956497184 4.3855434656143197 4.6128382682800266 4.6912407875061035 6.8210776597261429 5.9703665375709534 4.5156418234109852 4.2314917296171197 4.7719714343547821 5.7481213957071295 5.3152377903461474 3.3371164351701745 4.5202823430299759 4.6274537891149521 4.6692969948053369 3.0041297227144215 4.7286833077669153 4.4098678678274155 4.4405849575996399 2.920020431280137 4.0578529238700867 3.0977167040109626 5.4725467562675476 3.017333909869194
leaf_count=22 26 27 20 20 23 37 29 20 21 21 26 28 20 20 20 34 20 26 29 21 20 29 20 38 20
internal_value=-0.000485996 -0.0421681 0.0337582 0.00863887 0.0409237 -0.0141195 0.0262738 0.0834629 0.0443701 0.0568853 -0.0408176 -0.0638691 -0.0606261 0.108459 0.084129 -0.0669693 -0.0559724 -0.0372609 -0.06526 0.0921894 -0.0779995 -0.0852153 -0.0821606 -0.0818207 -0.0823845
internal_weight=119.878 54.0674 65.811 43.7174 9.82745 29.7052 11.8207 22.0935 8.61704 14.0123 17.8844 12.1363 44.24 13.4765 9.39943 38.7146 22.4577 12.1427 7.414 8.96087 10.315 7.39497 16.2569 13.1592 8.48988
internal_count=637 328 309 207 45 146 55 102 41 61 91 65 283 61 41 256 144 75 49 41 69 49 112 92 58
cat_boundaries=0 1
cat_threshold=2
is_linear=0
shrinkage=0.0675


Tree=12
num_leaves=27
num_cat=3
split_feature=46 34 39 37 62 39 34 44 50 40 46 48 39 58 59 36 61 59 54 45 53 63 5 48 16 48
split_gain=34.091 25.4696 8.74243 6.23526 5.79386 5.43653 9.11368 5.16179 3.82341 2.62301 2.26383 3.1659 3.5134 2.06299 1.46606 1.05279 0.39685 0.746622 0.292089 0.021226 0.00185534 0.00111889 0.000452744 0.000676116 0.000138397 7.67166e-05
threshold=22.285001000000005 1.48795005 44.500000000000007 59.500000000000007 1.0450000000000002 72.500000000000014 2.0615500500000006 7.4949999000000007 4.6350000000000007 0 18.770000500000005 31.430000500000002 78.500000000000014 5.8050000500000012 10.595000000000001 131.50000000000003 32.699998500000007 11.545000000000002 4.5350001000000004 6.7750001000000006 18.710000000000004 518.6499950000001 1 7.1050000000000013 2 8.5000000000000018
decision_type=10 10 10 10 10 8 8 10 8 9 10 8 8 8 8 10 8 10 10 10 8 8 9 10 9 10
left_child=1 4 13 -3 -1 6 7 -4 -5 -8 14 12 15 -2 -10 -12 20 -18 -15 -17 21 22 23 -16 25 -24
right_child=2 3 5 8 -6 -7 9 -9 10 -11 11 -13 -14 18 16 19 17 -19 -20 -21 -22 -23 24 -25 -26 -27
leaf_value=0.0065378431591609255 0.051243618068217617 0.017372276475228751 0.024900391441923943 0.00017660214379057817 0.10493053988755013 0.07802682226379537 0.022948480862569814 -0.064341043396784134 -0.028681289389719145 0.094118899286089741 -0.041800362189171145 0.017452999139744178 0.0063911741967017681 0.1109195305517784 -0.079851707004559902 -0.081955776062534305 -0.082355797838041658 -0.03618033244105727 0.088883410954236686 -0.08888369641005317 -0.082196026642350872 -0.081551886597626508 -0.079435940520670337 -0.081363475959972884 -0.080240378680321425 -0.079906202860487219
leaf_weight=4.6562497317790967 5.7561924904584911 6.264821231365203 4.7321460843086296 5.4067972898483267 6.5803215354681015 6.2784360200166693 4.9460429996252042 7.8548872768878937 3.331207841634753 4.5116620659828186 3.7596029639244088 3.4294870346784583 3.3926909863948831 6.1211021542549116 2.6040951386094093 4.7398541718721372 3.5288352817296973 2.9120641946792603 4.9625581353902817 3.5049893260002136 3.0338906049728385 3.1138501912355414 3.0589392334222794 2.7941994965076447 2.9247238337993711 3.2704498767852783
leaf_count=20 27 28 21 26 28 27 22 35 22 20 21 17 20 28 20 33 24 20 24 20 21 22 24 20 22 25
internal_value=-0.000498468 -0.0292368 0.0455122 -0.0464209 0.0641582 0.0226127 0.00683054 -0.0307904 -0.053713 0.0568993 -0.0596113 -0.0411975 -0.054261 0.0840273 -0.0709507 -0.0714025 -0.0761197 -0.0614789 0.101053 -0.0849009 -0.0806533 -0.0803899 -0.0801429 -0.0806342 -0.0798564 -0.0796789
internal_weight=117.47 72.3071 45.163 61.0705 11.2366 28.3232 22.0447 12.587 54.8057 9.45771 49.3989 18.8266 15.3971 16.8399 30.5723 12.0044 27.241 6.4409 11.0837 8.24484 20.8001 17.7663 14.6524 5.39829 9.25411 6.32939
internal_count=637 433 204 385 48 125 98 56 357 42 331 111 94 79 220 74 198 44 52 53 154 133 111 40 71 49
cat_boundaries=0 1 2 3
cat_threshold=1 4 2
is_linear=0
shrinkage=0.0675


Tree=13
num_leaves=26
num_cat=2
split_feature=45 34 33 36 56 48 39 36 61 15 63 52 62 56 47 63 57 62 59 38 48 59 63 61 7
split_gain=30.5662 18.3294 7.7103 6.40652 6.40263 11.0194 6.03631 5.69521 5.63526 5.47701 4.82092 4.50307 5.84225 4.38043 2.14055 1.72323 1.84996 3.58338 0.276856 0.139062 0.0111273 0.00640251 0.0059449 0.00299192 0.00170298
threshold=7.315000050000001 1.48795005 20.793638897616464 171.50000000000003 7.1250000000000009 28.500000000000004 39.500000000000007 119.50000000000001 44.299999000000007 0 31.750000000000004 63.190000500000004 1.1850000000000003 7.5300000000000002 37.194999500000009 4.1500001000000006 6.2249999000000011 1.3049999500000002 12.505000000000001 92.150001500000016 3.2250000500000007 11.295000000000002 324.70000000000005 23.750000000000004 1
decision_type=10 10 10 8 8 8 10 10 8 9 10 8 10 10 10 8 10 8 8 10 10 10 8 8 9
left_child=1 3 -2 -1 5 7 -4 -3 11 22 -11 12 13 -8 15 -6 19 18 21 -17 -21 -18 24 -22 -9
right_child=2 4 6 -5 14 -7 8 9 -10 10 -12 -13 -14 -15 -16 16 17 -19 -20 20 23 -23 -24 -25 -26
leaf_value=-0.011180168181714172 0.10499638475028214 0.048795449091221563 0.093904798740389858 0.091648815237216325 -0.023805846624969262 0.10291850791910992 -0.0030371088265342219 -0.081454509969493133 0.079376402616155056 0.036405214678985533 -0.06764004228286824 0.061193589837838944 0.03308679653316389 -0.094647035752089867 -0.014591120677403216 -0.097852094910249973 -0.085169910318301734 -0.0030773247902336188 -0.057521541023880705 -0.085415253732453664 -0.079892430931362501 -0.081004739320679711 -0.083963721431447036 -0.082529610252142824 -0.079307080350000794
leaf_weight=4.5126809179782841 8.234765022993086 3.4107608050108018 5.8427791297435752 7.1100184768438348 4.3046022802591315 3.2113325446844092 4.7813387364149182 2.721036933362484 5.4303926676511756 4.9268566146492958 3.4497936144471169 4.6062950044870368 6.8695391267538062 4.7315139919519424 4.5967088043689719 3.4036771878600147 3.1009937152266458 4.6090674027800569 2.751582384109498 3.7497750595211974 4.801442421972749 3.6732854321599007 2.4794493839144716 3.3122813925147065 4.4088843166828147
leaf_count=19 39 16 29 31 29 15 20 20 24 27 22 20 31 22 22 20 20 28 20 24 37 27 17 23 35
internal_value=-0.000505746 -0.0261535 0.046699 0.051724 -0.0405411 -0.0136754 0.0318187 -0.0311744 0.0180879 -0.0463394 -0.00644421 0.0022308 -0.014348 -0.0486022 -0.057801 -0.0636937 -0.0695334 -0.0519369 -0.0755774 -0.085825 -0.0823744 -0.0829114 -0.0811167 -0.080969 -0.0801266
internal_weight=115.031 74.5342 40.4966 11.6227 62.9115 24.6081 32.2619 21.3968 26.4191 17.986 8.37665 20.9887 16.3824 9.51285 38.3034 33.7067 29.4021 14.1349 9.52586 15.2672 11.8635 6.77428 9.60937 8.11372 7.12992
internal_count=637 452 185 50 402 152 146 137 117 121 49 93 73 42 250 228 199 95 67 104 84 47 72 60 55
cat_boundaries=0 1 2
cat_threshold=2 2
is_linear=0
shrinkage=0.0675


Tree=14
num_leaves=27
num_cat=1
split_feature=52 33 39 53 59 55 58 38 40 38 63 47 0 56 36 53 36 57 34 60 57 38 53 48 39 59
split_gain=27.5587 13.9763 13.8829 9.91536 7.29788 6.5371 5.24959 4.57652 5.07565 3.70124 3.35702 2.54741 2.02729 3.72666 1.45953 2.03638 2.9768 0.814611 0.372027 0.331725 0.236381 0.0285622 0.0012136 0.00126776 0.000309608 0.000228236
threshold=28.399999500000003 21.015194559228657 82.500000000000014 29.054999000000006 11.035000000000002 8.0000002500000011 4.4849999000000009 103.85000000000001 0 93.150001500000016 24.050000500000003 17.774999500000003 77.500000000000014 7.4049999500000006 148.50000000000003 10.610000000000001 139.50000000000003 6.7049999000000007 1.9713000000000001 17.550000000000004 6.2950001000000011 92.150001500000016 7.4299998500000006 10.850000000000001 74.500000000000014 12.070000000000002
decision_type=10 10 8 8 10 10 10 8 9 10 8 8 2 10 10 8 8 8 10 10 8 10 8 10 10 10
left_child=1 4 3 5 -1 6 -2 8 -8 -10 -5 -3 13 20 15 19 17 -17 -9 21 -4 -13 24 -24 -16 -25
right_child=2 11 12 10 -6 -7 7 18 9 -11 -12 14 -14 -15 22 16 -18 -19 -20 -21 -22 -23 23 25 -26 -27
leaf_value=0.090412150876694505 0.035991187649640814 -0.012749280005843014 0.1036372117543628 0.088541193089385406 -0.027756880333175117 0.065689994841176685 -0.074239927843700565 -0.095365222931375629 -0.035131232245993925 0.05163840947850129 0.025438983652284159 -0.087571808834081236 0.11796794351637818 0.012848158233815318 -0.078122891374588596 -0.032550170969475774 0.010252001561923393 -0.080676793756731077 -0.064780617989517147 -0.053816284325689093 0.080729614593286272 -0.078667671618546597 -0.080851225374572649 -0.079659696563967847 -0.07915663990478343 -0.07874622378473109
leaf_weight=5.0714467614889127 5.1532387733459535 5.3702202886342993 4.1766881048679361 6.9441989809274647 4.4888797998428345 4.1896833777427664 4.6378484293818456 4.3324141949415198 4.071568429470064 4.9787746369838715 8.5964541286230087 3.0059121921658534 4.8515702933073035 3.9879194200038901 2.6964016482233975 2.736668482422826 4.5444474071264276 3.8664802312850952 3.1149173080921173 2.4917263835668564 4.0353215187788019 3.61589664965868 3.805920846760273 2.5629124343395233 2.586104042828083 2.4257966950535774
leaf_count=22 23 27 20 31 23 20 24 24 20 25 38 20 23 20 23 20 26 29 20 19 21 30 28 20 21 20
internal_value=-0.000514408 -0.0383408 0.0290344 0.00975724 0.034928 -0.0126159 -0.0250956 -0.0399898 -0.0168216 0.0126025 0.0536356 -0.0559812 0.0810602 0.066383 -0.0627423 -0.0511426 -0.0317938 -0.0607308 -0.0825729 -0.0748099 0.0923806 -0.0827096 -0.0794376 -0.0799234 -0.078629 -0.0792155
internal_weight=112.339 49.2688 63.0706 46.0191 9.56033 30.4784 26.2888 21.1355 13.6882 9.05034 15.5407 39.7085 17.0515 12.1999 34.3383 20.2611 11.1476 6.60315 7.44733 9.11354 8.21201 6.62181 14.0771 8.79463 5.28251 4.98871
internal_count=637 328 309 225 45 156 136 113 69 45 69 283 84 61 256 144 75 49 44 69 41 50 112 68 44 40
cat_boundaries=0 1
cat_threshold=1
is_linear=0
shrinkage=0.0675


Tree=15
num_leaves=26
num_cat=2
split_feature=45 35 15 35 39 53 56 36 39 34 62 15 59 36 63 56 39 35 49 47 52 50 46 38 61
split_gain=24.8161 15.0042 7.68246 6.93042 5.31046 5.19313 11.3557 4.32346 3.65416 3.57847 4.15082 2.60185 4.44476 2.11912 1.74454 1.10838 0.906022 0.33165 0.237152 0.0246645 0.0225052 0.0183635 0.000934776 0.000714003 0.000225343
threshold=7.315000050000001 1.6845000500000002 0 2.3754999500000005 72.500000000000014 30.220000500000001 7.4149999500000012 110.50000000000001 44.500000000000007 2.0615500500000006 1.1850000000000003 1 11.295000000000002 140.50000000000003 50.149999500000007 7.0250001000000006 82.500000000000014 2.2374000500000002 8.3550000500000028 28.975000500000004 32.465000000000011 4.8999998500000013 19.005000000000006 99.500000000000014 18.050000000000004
decision_type=10 10 9 8 8 8 8 10 10 10 10 9 8 10 8 10 10 10 8 10 10 10 8 10 8
left_child=1 2 -1 4 8 7 -7 -3 -2 10 -10 16 -13 -8 -14 -6 17 20 -5 -16 21 -9 23 -23 -25
right_child=3 5 -4 18 15 6 13 11 9 -11 -12 12 14 -15 19 -17 -18 -19 -20 -21 -22 22 -24 24 -26
leaf_value=-0.015797018637080277 0.058604064279509489 0.014650497784410819 0.079331218416015634 0.1047486903546334 0.096986986215439872 0.10197984380198256 -0.011805055354049864 -0.084405713383577788 -0.076720371606852369 0.034947193998942805 0.0091182495411508361 0.012829070102356023 -0.030274953316466117 -0.084228202058345122 -0.079909556395133974 0.0482508445372552 -0.037387500179589667 -0.053798990885487306 0.082570846576116602 -0.088149402989891615 -0.085826097591266262 -0.078819291685898282 -0.07943122280454816 -0.077286725699265604 -0.078118567275229561
leaf_weight=7.3417545855045319 5.2246837019920411 4.1447217985987654 8.1750930994749051 4.9858364909887287 4.2152984440326673 3.4611181318759892 3.8758153468370447 2.7567706033587553 4.7540195435285586 6.0630407035350791 5.5786171853542328 5.4186405614018467 4.7986852824687931 3.5059340372681618 3.6877987533807763 4.2899379879236221 2.9574823901057234 2.4032779037952414 3.9272173047065744 3.0029549598693848 3.0025094449520102 3.2354121133685076 2.6591103672981271 4.0793492197990417 2.3320081532001495
leaf_count=38 25 20 38 24 21 16 22 19 21 28 25 31 32 24 29 20 22 19 21 18 19 27 21 37 20
internal_value=-0.000521762 -0.0243356 0.0343215 0.0426902 0.0272205 -0.040788 0.00109856 -0.050999 0.00944531 -0.00621973 -0.0303759 -0.0577451 -0.0375656 -0.0462022 -0.0613328 0.0724051 -0.0723101 -0.077356 0.0949768 -0.0836078 -0.0804899 -0.0794262 -0.0783107 -0.0780018 -0.0775893
internal_weight=109.877 70.8384 15.5168 39.0387 30.1256 55.3216 10.8429 44.4787 21.6204 16.3957 10.3326 40.334 16.9081 7.38175 11.4894 8.50524 23.4259 20.4684 8.91305 6.69075 18.0652 15.0627 12.3059 9.64677 6.41136
internal_count=637 452 76 185 140 376 62 314 99 74 46 294 110 46 79 41 184 162 45 47 143 124 105 84 57
cat_boundaries=0 1 2
cat_threshold=2 2
is_linear=0
shrinkage=0.0675


Tree=16
num_leaves=27
num_cat=3
split_feature=52 39 33 53 35 59 48 55 56 55 45 50 7 57 36 53 51 54 16 60 47 38 59 15 56 61
split_gain=22.8332 12.025 11.5652 8.8946 6.61364 6.05815 4.13933 5.14852 5.70239 4.08775 3.43945 2.46651 1.63569 2.23231 1.49532 1.921 3.0575 1.66142 0.621576 0.351494 0.0857801 0.0252373 0.00120086 0.000806749 0.000818696 9.12822e-05
threshold=28.399999500000003 36.500000000000007 21.015194559228657 29.054999000000006 1.6202000000000003 11.035000000000002 23.985000500000002 7.3700001000000013 6.8750000000000009 6.4799998000000008 7.4099998500000011 4.6799998 0 6.6150000000000011 148.50000000000003 10.610000000000001 17.275000500000001 4.3350000500000005 1 17.550000000000004 48.145000500000009 93.500000000000014 11.175000000000002 2 8.3699999000000016 16.450000000000003
decision_type=10 10 10 8 10 10 8 10 10 10 10 8 9 10 10 8 8 10 9 10 8 10 8 9 8 8
left_child=2 18 5 4 -3 -1 7 8 10 -5 -6 -4 -10 -14 15 19 -17 -18 -2 21 -20 -13 -16 24 25 -24
right_child=1 3 11 9 6 -7 -8 -9 12 -11 -12 14 13 -15 22 16 17 -19 20 -21 -22 -23 23 -25 -26 -27
leaf_value=0.081169511530665178 0.062420883532668558 0.073155587630025123 -0.010352203789679515 0.083508061089678218 -0.033622431483582925 -0.027040268095845948 -0.088508938651021177 0.058955971677523027 -0.089044202225774888 0.015906325859941957 0.054730893099863225 -0.086037078775128659 -0.071491426011751139 0.0025289078787439022 -0.079286886634476084 0.022108326807428736 -0.021377323318620661 -0.086584046390472194 0.10082573948968229 -0.050260688083254026 0.087554808102920836 -0.077212036360870276 -0.076439677958052496 -0.078571330668382691 -0.078233666878811267 -0.077038569448523955
leaf_weight=5.0269152671098691 4.3375371098518372 3.8086795061826733 5.2573210299015036 8.5286792814731616 3.4627682715654462 4.4388128891587257 3.6674816459417334 3.9461705684661856 4.2619863450527191 7.8051975220441809 4.7766496241092682 2.7858807891607338 3.9396914988756162 3.5104416757822037 2.5835083127021763 3.5313425436615917 3.4834027215838441 3.6414450407028198 4.0474455952644321 2.2977967858314514 4.9128315448760995 3.141188770532608 2.3689135536551476 3.0938570871949196 2.5749493092298508 2.2714211717247963
leaf_count=22 23 17 27 39 20 23 18 20 25 35 20 20 24 20 21 26 22 27 20 19 28 29 23 26 22 21
internal_value=-0.000525752 0.0266327 -0.0361587 0.0108108 -0.0102189 0.0304261 -0.0217387 -0.0114918 -0.0254255 0.0512043 0.0175988 -0.0531788 -0.0556929 -0.0366137 -0.060265 -0.0481647 -0.0292492 -0.0547039 0.0833958 -0.0726718 0.0935494 -0.08136 -0.0779856 -0.0776594 -0.0772684 -0.0767328
internal_weight=107.502 61.0056 46.4968 47.7077 31.3739 9.46573 27.5652 23.8977 19.9515 16.3339 8.23942 37.031 11.7121 7.45013 31.7737 18.8811 10.6562 7.12485 13.2978 8.22487 8.96028 5.92707 12.8926 10.3091 7.21528 4.64033
internal_count=637 309 328 238 164 45 147 129 109 74 40 283 69 44 256 143 75 49 71 68 48 49 113 92 66 44
cat_boundaries=0 1 2 3
cat_threshold=2 2 2
is_linear=0
shrinkage=0.0675


Tree=17
num_leaves=26
num_cat=4
split_feature=52 39 33 53 35 21 48 56 47 55 57 36 36 15 49 0 31 16 53 47 49 44 15 62 48
split_gain=20.4214 11.0735 10.4826 7.81293 5.78083 5.74691 3.72971 4.5438 4.6988 3.65099 2.9926 2.40415 5.23855 6.52132 1.3873 1.81881 0.773821 0.608574 0.318933 0.0676945 0.0491325 0.0156156 0.000982437 0.000443823 0.00038017
threshold=28.399999500000003 36.500000000000007 21.015194559228657 29.054999000000006 1.6202000000000003 0 23.985000500000002 6.924999950000001 40.229999500000012 6.4799998000000008 6.8350000500000005 148.50000000000003 139.50000000000003 1 5.3950000000000005 72.500000000000014 83.500000000000014 2 14.390000000000002 48.145000500000009 4.7000000500000008 5.2149999000000014 3 1.0850000000000002 10.905000000000003
decision_type=10 10 10 8 10 9 8 10 10 10 8 10 8 9 10 2 10 9 10 10 10 8 9 8 8
left_child=2 17 5 4 -3 -1 7 8 -6 -5 16 12 14 -14 20 -16 -9 -2 21 -19 -4 -13 24 -22 -23
right_child=1 3 11 9 6 -7 -8 10 -10 -11 -12 18 13 -15 15 -17 -18 19 -20 -21 23 22 -24 -25 -26
leaf_value=-0.022153016318607277 0.060014677054330265 0.068029381345918585 -0.089136461587154298 0.078981317565175402 -0.0386815766784364 0.083442541760214525 -0.085038941484410213 -0.087773526689228054 0.058133524394248889 0.014856932074635981 -0.0046617539247158146 -0.082881433356335979 -0.04293222684865583 0.080056503852821759 -0.078642879097496399 -0.0047642742837857421 -0.041667209480123257 0.097929292407005097 -0.051323911657229583 0.085879923268958047 -0.077355839369780688 -0.076173892984000263 -0.07814777203560358 -0.07867475886483849 -0.077313339819614996
leaf_weight=4.8900858983397484 4.2113391757011414 3.818801715970042 2.9936888888478297 8.4128321409225482 3.5462135523557716 4.5177869200706464 3.5631005167961112 3.8831678926944706 6.4174411445856094 7.7928805351257315 6.7822074070572862 2.8127303794026348 5.0740168765187263 3.2051316499710065 2.8472995981574059 3.2528728321194649 2.8950580358505249 3.8912503868341428 2.3782175406813613 4.6786136627197266 2.1802204921841621 3.7157382816076279 2.6702250838279724 2.4902220740914345 2.0814772993326187
leaf_count=24 23 17 19 39 22 21 18 24 27 35 37 21 35 19 24 24 19 20 21 28 20 37 23 21 19
internal_value=-0.000531581 0.0253025 -0.034832 0.010185 -0.00971985 0.0285554 -0.0206811 -0.010933 0.0236756 0.0481457 -0.0363621 -0.0515353 -0.0377473 0.00468077 -0.0632676 -0.0392476 -0.068081 0.0810259 -0.0737878 0.0913511 -0.082386 -0.0785239 -0.0770765 -0.0780591 -0.076583
internal_weight=105.003 59.8929 45.1097 47.1117 30.906 9.40787 27.0872 23.5241 9.96365 16.2057 13.5604 35.7018 22.0435 8.27915 13.7643 6.10017 6.77823 12.7812 13.6584 8.56986 7.66413 11.2802 8.46744 4.67044 5.79722
internal_count=637 309 328 238 164 45 147 129 49 74 80 283 162 54 108 48 43 71 121 48 60 100 79 41 56
cat_boundaries=0 1 2 3 4
cat_threshold=2 2 2 2
is_linear=0
shrinkage=0.0675


Tree=18
num_leaves=27
num_cat=1
split_feature=52 39 33 39 59 33 47 58 60 56 60 36 47 61 36 5 58 33 59 56 39 49 59 45 57 48
split_gain=18.2837 10.4303 9.51449 6.16028 5.11325 5.01989 5.85686 4.85706 4.45144 5.12606 4.3056 3.95665 2.46379 2.44766 1.47535 1.8869 4.22507 1.71816 1.26527 0.38107 0.0658307 0.00178662 0.000805407 0.000493291 0.000289517 0.00018214
threshold=28.399999500000003 74.500000000000014 21.015194559228657 44.500000000000007 11.035000000000002 25.903248280473381 40.940000500000004 6.065000050000001 15.450000000000001 7.0250001000000006 17.899999500000003 142.50000000000003 17.774999500000003 15.050000000000002 148.50000000000003 0 5.7750001000000006 29.634759413152768 12.630000000000001 7.4649999000000014 49.500000000000007 5.4849999000000009 11.175000000000002 5.9049999500000006 5.7650001000000008 12.005000000000001
decision_type=10 8 10 10 10 8 10 8 8 10 10 10 8 10 10 9 8 8 8 8 10 8 8 8 8 8
left_child=2 3 4 7 -1 11 13 -2 9 -3 -8 -5 -4 -7 15 17 -17 20 -10 -20 -14 -22 -16 24 -24 -26
right_child=1 8 12 5 -6 6 10 -9 18 -11 -12 -13 14 -15 22 16 -18 -19 19 -21 21 -23 23 -25 25 -27
leaf_value=0.073776665683575549 0.0070606605569301069 0.082827723034586159 -0.0066457432149523944 -0.0032771617065591977 -0.026245306486393526 0.0033937311253054449 0.080854762118539328 0.10552643474294102 0.12352680435882342 -0.029191969327340282 -0.0043410175652844963 -0.078778978524862417 -0.091478474958294906 -0.074526068136130233 -0.077624996195993196 -0.085087523333301898 0.01630575952209096 -0.02017265484094604 0.090903363926184089 0.059694257138084829 -0.076519059376413581 -0.07920074321358106 -0.075315906559329404 -0.077008592907283097 -0.075792454614799581 -0.076691095026455741
leaf_weight=4.9588629454374296 4.8529979735612843 3.6390651017427471 5.0917676463723174 6.1162255927920359 4.3904960751533508 3.8597123846411732 6.2594283521175367 4.3092640936374673 3.9692887067794773 3.8098085895180702 4.75656957924366 6.5482280626893044 2.5553032830357543 3.5046398639678955 2.3136126250028584 2.9696045145392445 5.0684467032551774 2.7753952890634546 3.7316453754901895 3.4129015207290649 2.1431917101144791 2.398984968662262 2.4133526757359496 2.5588065236806878 2.0304215848445892 2.0807527080178261
leaf_count=22 25 20 27 30 23 21 29 21 20 21 23 36 18 22 21 25 38 22 21 20 21 20 26 24 21 20
internal_value=-0.000535835 0.0240588 -0.0335748 0.00473718 0.026806 -0.00961638 0.0129142 0.0533718 0.0659097 0.025534 0.0440683 -0.0423158 -0.0499855 -0.0336877 -0.0575151 -0.0454343 -0.0211533 -0.0652028 0.0929709 0.075995 -0.0828113 -0.0779354 -0.0765007 -0.0762143 -0.0759028 -0.0762473
internal_weight=102.519 58.7698 43.749 40.2071 9.34936 31.0448 18.3804 9.16226 18.5627 7.44887 11.016 12.6645 34.3996 7.36435 29.3079 17.9109 8.03805 9.87288 11.1138 7.14455 7.09748 4.54218 11.3969 9.08333 6.52453 4.11117
internal_count=637 309 328 207 45 161 95 46 102 41 52 66 283 43 256 144 63 81 61 41 59 41 112 91 67 41
cat_boundaries=0 1
cat_threshold=2
is_linear=0
shrinkage=0.0675


Tree=19
num_leaves=25
num_cat=1
split_feature=39 47 53 33 48 33 45 59 16 37 61 59 59 39 61 39 55 45 50 46 59 47 0 61
split_gain=16.7181 15.6896 6.41707 5.54345 4.04297 5.57989 3.72239 6.09393 3.71611 2.96118 3.59579 7.9407 2.43036 2.38928 2.73413 2.80027 2.21467 2.89003 0.0621491 0.0130788 0.00826783 0.00670488 0.00419715 0.0002395
threshold=29.500000000000004 36.815001000000002 29.054999000000006 21.015194559228657 42.424999000000007 27.724992505699582 8.2750001000000015 12.685 0 90.500000000000014 21.849999500000003 13.145000000000001 12.070000000000002 59.500000000000007 14.850000000000003 68.500000000000014 6.565000050000001 7.1849999500000008 7.1299999000000005 18.985000000000003 11.310000000000002 28.730000500000006 66.500000000000014 15.15
decision_type=10 10 8 10 8 8 10 10 9 10 8 8 10 10 10 10 10 10 10 10 10 10 2 10
left_child=16 3 6 -2 -4 -6 7 -3 -8 10 13 12 -12 19 15 -15 17 -1 -18 22 -11 23 -5 -22
right_child=1 2 4 9 5 -7 8 -9 -10 20 11 -13 -14 14 -16 -17 18 -19 -20 -21 21 -23 -24 -25
leaf_value=0.0040885763947000149 0.01404560555880684 0.028267511039635849 0.10343495741386323 -0.08016892257366709 -0.01968789298145255 0.086085848116258926 -0.010846743199739191 -0.065371114473199432 0.076833247461949541 -0.080972803942597177 0.0030495067727361758 -0.078988603344578301 0.086616727103435903 0.040965888530518073 -0.078034883323226931 -0.046251425902601763 0.095199564160803163 0.085211509901056678 0.083036151925298785 -0.08343728435577126 -0.07494711606249925 -0.079944910396003571 -0.076485726186456424 -0.075947972807113365
leaf_weight=4.6912366300821287 7.9126108661293975 5.562274709343912 5.2400843054056141 2.3556194081902557 4.9292395859956732 4.2158530056476602 4.5222270786762238 7.3522873967885971 4.2933058291673643 3.8241110444068891 3.3950707539916012 4.0298684090375909 2.9751994535326958 3.0780498683452588 3.81324402987957 3.6855787560343742 3.8799571692943564 3.4889993965625763 3.7772427797317505 3.011256143450737 2.0502857193350792 2.3568162024021149 3.51027462631464 2.3242982178926468
leaf_count=21 38 26 25 20 21 21 21 39 20 31 23 35 20 21 36 30 20 22 25 21 23 19 35 24
internal_value=-0.000529374 -0.0124658 0.0211907 -0.0376202 0.0561611 0.0290734 -0.00195942 -0.0250412 0.0318548 -0.0477368 -0.0368718 -0.00483247 0.0420791 -0.0540001 -0.0323285 -0.00655983 0.06311 0.0386888 0.0891994 -0.0798212 -0.0784664 -0.0770425 -0.0779648 -0.0754789
internal_weight=100.275 84.4376 36.1153 48.3223 14.3852 9.14509 21.7301 12.9146 8.81553 40.4097 29.8542 10.4001 6.37027 19.454 10.5769 6.76363 15.8374 8.18024 7.6572 8.87715 10.5555 6.7314 5.86589 4.37458
internal_count=637 549 173 376 67 42 106 65 41 338 241 78 43 163 87 51 88 43 45 76 97 66 55 47
cat_boundaries=0 1
cat_threshold=2
is_linear=0
shrinkage=0.0675


Tree=20
num_leaves=23
num_cat=1
split_feature=39 45 55 52 61 56 32 61 60 33 37 63 57 5 36 58 0 35 54 47 51 53
split_gain=15.2825 9.42647 6.11711 5.31635 3.71294 6.02625 5.40452 3.40183 3.15512 2.97367 2.85062 2.75044 1.81095 1.6938 1.19904 0.607641 0.290737 0.112887 0.0367378 0.0246835 0.00473166 0.0014424
threshold=44.500000000000007 7.2500000000000009 6.520000200000001 25.054999000000006 12.450000000000001 6.5600002000000011 164.50000000000003 44.299999000000007 18.250000000000004 28.047052765362455 79.500000000000014 1.0000000180025095e-35 5.9049999500000006 0 168.50000000000003 6.3950000000000005 65.500000000000014 2.2707499500000004 4.5350001000000004 31.479999500000002 16.295000000000005 7.8399999000000014
decision_type=10 10 10 8 10 8 10 8 8 8 10 10 10 9 10 8 2 8 10 10 10 8
left_child=2 4 3 -1 5 -2 -7 9 -5 10 -3 -6 18 -13 16 -4 -15 19 -8 20 -18 -22
right_child=1 7 15 8 11 6 12 -9 -10 -11 -12 13 -14 14 -16 -17 17 -19 -20 -21 21 -23
leaf_value=-0.054180155652449456 0.054760320676164057 0.021223282727069324 0.062890000708774457 -0.0034049368942897233 -0.0073338544995830571 0.035411625947901183 -0.078140053251367192 0.067204395139317474 0.066377956232922836 0.042964698353232668 -0.040907706224349513 -0.0075649304642910857 -0.026311085096712108 -0.055227305448385867 -0.034615437830883812 0.094009541488188658 -0.079746329936866353 -0.095314465769944651 -0.089069678647360914 -0.085345810055948851 -0.074892264366431094 -0.076904123891337134
leaf_weight=3.8321813642978677 4.5826558321714428 6.0176014155149513 5.2962210252881023 5.0939951166510573 5.1149932667613056 3.8027123734354964 4.1008201986551267 4.8359814435243598 7.0206489339470872 6.1659084707498542 7.6315302178263664 2.286494888365266 4.6808108538389206 2.2914847955107787 3.7077543884515753 6.2119592279195794 2.1258998140692658 2.1805009618401536 2.128544420003891 1.9558464661240584 2.7163892239332199 4.0362690538167953
leaf_count=23 27 28 33 30 38 21 38 24 38 30 36 17 36 19 31 36 19 14 15 14 31 39
internal_value=-0.000530266 -0.0171964 0.042182 0.0151154 -0.0353396 -0.0128308 -0.0338835 0.0164472 0.0370355 0.00405961 -0.0135155 -0.0517814 -0.0580361 -0.0624548 -0.0690554 0.0796879 -0.077398 -0.0813015 -0.0818747 -0.0784813 -0.0769691 -0.0760948
internal_weight=97.8172 70.3622 27.455 15.9468 45.7112 19.2955 14.7129 24.651 12.1146 19.815 13.6491 26.4156 10.9102 21.3006 19.0141 11.5082 15.3064 13.0149 6.22936 10.8344 8.87856 6.75266
internal_count=637 477 160 91 359 137 110 118 68 94 64 222 89 184 167 69 136 117 53 103 89 70
cat_boundaries=0 1
cat_threshold=1
is_linear=0
shrinkage=0.0675


Tree=21
num_leaves=27
num_cat=3
split_feature=52 39 33 34 35 47 21 49 51 0 60 56 36 36 36 5 49 0 59 61 53 44 44 15 61 62
split_gain=13.9071 8.55215 7.51367 5.481 5.18573 4.92657 4.72409 4.48707 5.95909 5.25879 4.01217 4.33078 3.15036 2.30906 4.89119 5.89796 1.40894 1.69735 1.08739 0.391491 0.356039 0.0360024 0.0110479 0.000522251 0.000275026 0.000198774
threshold=28.399999500000003 74.500000000000014 21.015194559228657 1.6005000000000003 1.7827000000000004 38.854999500000005 0 7.1250000000000009 24.840000500000006 73.500000000000014 15.450000000000001 7.0250001000000006 134.50000000000003 148.50000000000003 139.50000000000003 1 5.3950000000000005 72.500000000000014 12.630000000000001 15.15 14.390000000000002 4.7449999000000007 5.2149999000000014 2 19.150000500000004 1.0850000000000002
decision_type=10 8 10 10 10 10 9 10 10 2 8 10 10 10 8 9 10 2 8 10 10 10 8 9 8 8
left_child=2 3 6 -2 -5 12 -1 -7 -9 -10 11 -3 -6 14 16 -16 21 -18 -12 -20 22 -4 -15 24 -24 -23
right_child=1 10 13 4 5 7 -8 8 9 -11 18 -13 -14 20 15 -17 17 -19 19 -21 -22 25 23 -25 -26 -27
leaf_value=-0.022873543059304949 0.075055571205024776 0.077159428716878684 -0.086212024927717734 -0.092373707490993995 0.0098140863156866379 0.077975739282862208 0.074664475874910236 -0.051419890526111921 0.083048989005739496 -0.0075671138338330723 0.11756263212347615 -0.028815203380170122 -0.073339011429823769 -0.080191510397748231 -0.041322167868372839 0.077567767390918765 -0.076363697969838371 -0.00045192439177752571 0.088029629303125634 0.054635137876402486 -0.045071878279926085 -0.075594461747715863 -0.074005836373099043 -0.075756873705659519 -0.075040112959331967 -0.076552475730341518
leaf_weight=4.7729047834873199 4.3496785163879386 3.3723135292530086 2.6987785995006615 2.8616025149822226 3.4243355616927165 4.6889647543430355 4.3013763427734357 5.9442536979913738 5.1123528629541379 6.7981798350811005 3.6843052580952618 3.668084479868412 5.2718468084931374 2.4291018024086926 4.4726224914193153 3.3067547827959052 2.3997007980942726 3.0448547601699829 3.2372933104634294 3.1615435630083084 2.0283058509230605 1.8547553047537806 2.4709912613034248 2.1972208768129358 2.2272750660777092 2.108659103512764
leaf_count=24 21 20 19 17 19 22 21 29 26 34 20 21 39 21 34 20 24 24 20 21 21 20 31 23 25 21
internal_value=-0.000525235 0.0213688 -0.0307077 0.00369848 -0.00540317 0.0025634 0.0233613 0.0192118 0.00377939 0.031328 0.0610478 0.0219461 -0.0405954 -0.0464136 -0.0325476 0.00921399 -0.0593822 -0.0339102 0.08835 0.07153 -0.0707018 -0.0801987 -0.0762769 -0.0748979 -0.0744961 -0.0761042
internal_weight=95.8881 55.5748 40.3133 38.4512 34.1015 31.2399 9.07428 22.5438 17.8548 11.9105 17.1235 7.0404 8.69618 31.239 19.8861 7.77938 12.1067 5.44456 10.0831 6.39884 11.3529 6.66219 9.32459 6.89549 4.69827 3.96341
internal_count=637 309 328 207 186 169 45 111 89 60 102 41 58 283 162 54 108 48 61 41 121 60 100 79 56 41
cat_boundaries=0 1 2 3
cat_threshold=2 2 2
is_linear=0
shrinkage=0.0675


Tree=22
num_leaves=28
num_cat=3
split_feature=39 47 53 61 62 35 48 33 21 48 55 54 63 5 31 55 50 39 37 63 61 32 52 38 52 15 36
split_gain=12.8886 11.7969 5.27045 4.60378 5.52468 7.53917 3.58261 4.68189 3.43628 4.27743 3.98113 3.05771 2.96374 4.09923 3.83786 2.04472 2.36238 1.51811 1.32184 0.840457 0.836474 0.0919025 0.0416431 0.0414838 0.00755691 0.00273031 0.000302693
threshold=29.500000000000004 36.815001000000002 29.054999000000006 12.450000000000001 1.1050000000000002 1.8825999500000001 42.424999000000007 27.724992505699582 0 12.315000000000003 6.7049999000000007 4.5250001000000006 57.650002000000008 1 84.500000000000014 6.565000050000001 7.1299999000000005 56.500000000000007 93.500000000000014 28.050000500000003 32.699998500000007 168.50000000000003 33.700001000000007 92.849998500000012 29.755000500000005 2 150.50000000000003
decision_type=10 10 8 10 10 10 8 8 9 8 10 10 10 9 10 10 10 10 10 8 8 10 8 10 10 9 10
left_child=15 3 8 4 11 -6 -4 -8 10 -10 17 18 13 19 -15 16 -1 -3 23 -5 21 -14 -17 -2 25 26 -23
right_child=1 2 6 12 5 -7 7 -9 9 -11 -12 -13 20 14 -16 22 -18 -19 -20 -21 -22 24 -24 -25 -26 -27 -28
leaf_value=0.0050478341530753304 -0.08971408624103068 -0.026324045926521242 0.097624515346492954 -0.082909785668124972 0.10046268840839472 -0.031315421842363536 -0.018943269038379146 0.080419140536514749 0.076928370639542581 -0.013813996981222132 0.025032348270407054 0.018869699856979925 -0.089967789372890378 0.054738040706556038 -0.052895512347826648 0.090679393996957181 0.081990837492682433 -0.087460834002033347 -0.02224453512276715 -0.031155967814001755 -0.033656124940880675 -0.074968993395926734 0.08005918222298998 -0.077322702488718101 -0.079915637108389281 -0.0776564748240373 -0.07375849501074476
leaf_weight=4.7664973437786085 2.6064253970980662 3.6561997681856155 4.8452828079462025 4.3939784020185471 3.943758860230445 3.9686556085944176 4.8554002642631522 3.8930654078722009 4.3158902674913397 5.2410633116960534 4.1956589221954346 2.8062346577644348 3.4264948591589901 3.6724366620183009 2.5626531541347504 3.3348193615674973 2.939230352640152 3.7471931949257851 2.3368061035871506 2.1192113533616066 2.0212396532297143 2.456623457372189 3.3946122005581856 2.3326194807887077 2.5312038362026215 1.8276131674647311 1.5257609859108923
leaf_count=22 19 19 25 39 21 35 21 21 21 25 20 21 27 26 23 19 21 21 18 19 17 28 26 23 21 19 20
internal_value=-0.000526947 -0.0112082 0.0182672 -0.034209 -0.0078527 0.0343663 0.0510616 0.025273 -0.00280474 0.027165 -0.0274981 -0.0409862 -0.0520808 -0.0286204 0.0105001 0.0581372 0.0343965 -0.0572681 -0.064072 -0.0660705 -0.0737706 -0.0806608 0.0853221 -0.0838619 -0.0768375 -0.0754965 -0.0745052
internal_weight=93.7166 79.2815 34.7498 44.5317 17.9945 7.91241 13.5937 8.74847 21.156 9.55695 11.5991 10.0821 26.5372 12.7483 6.23509 14.4352 7.70573 7.40339 7.27585 6.51319 13.7889 11.7677 6.72943 4.93904 8.3412 5.81 3.98238
internal_count=637 549 173 376 137 56 67 42 106 46 60 81 239 107 49 88 43 40 60 58 132 115 45 42 88 67 48
cat_boundaries=0 1 2 3
cat_threshold=2 2 2
is_linear=0
shrinkage=0.0675


Tree=23
num_leaves=24
num_cat=1
split_feature=39 46 34 55 45 55 48 55 52 51 59 60 54 61 54 50 58 5 31 48 59 47 58
split_gain=11.8353 7.17498 7.15054 5.08176 4.73175 4.57692 4.38821 6.71162 4.16115 3.555 3.16932 2.77458 2.68466 2.39407 0.956984 0.915796 0.582841 0.240728 0.122062 0.00275557 0.00138047 0.000428817 0.000169573
threshold=44.500000000000007 18.329999500000003 1.6225000000000003 6.520000200000001 4.6150000000000011 4.5950000500000012 28.500000000000004 6.3599999000000009 25.054999000000006 24.005000000000006 12.630000000000001 18.250000000000004 4.6350000000000007 32.699998500000007 4.2850001000000004 6.2299998000000008 6.3950000000000005 0 57.500000000000007 12.840000000000002 11.870000000000003 21.525000500000004 6.3950000000000005
decision_type=10 8 10 10 10 10 8 8 8 10 10 8 8 8 10 10 8 9 10 8 8 10 10
left_child=3 4 -3 8 -2 14 9 -8 -1 10 12 -10 15 18 -4 -7 -5 -12 -6 21 -21 -20 -23
right_child=1 2 5 16 13 6 7 -9 11 -11 17 -13 -14 -15 -16 -17 -18 -19 19 20 -22 22 -24
leaf_value=-0.049738909064918707 0.023383761588340359 0.063785993262386265 -0.08842259825604197 0.057934282296218928 -0.091999113186206766 -0.076383760995626923 0.081262831278082412 -0.018567620946502109 -0.0050982767538374401 0.02124633553787213 -0.09028822726565279 0.061880319549908906 0.02967452712055936 -0.01046613521256521 -0.039160574982032847 -0.015379481735734475 0.090095132582700299 -0.063203236838289392 -0.074910574208909245 -0.077719390312744344 -0.07519463683460513 -0.073403871960169495 -0.074281004011344617
leaf_weight=3.5941784977912912 3.2774696201086071 6.5920584723353377 3.1428766176104537 4.8059883043169949 2.3759152218699429 2.3576871678233156 6.0539874061942074 6.2218112871050844 4.8975048437714568 6.4737156629562369 2.938478909432888 6.6364763975143441 3.8041657358407983 2.9158193543553361 4.1949753686785698 2.1378841400146484 5.5121574699878702 3.0438742041587821 2.5335465818643543 2.0024949461221708 1.9452308937907217 2.2692829668521881 1.8014294058084486
leaf_count=23 17 31 28 33 15 25 31 30 30 31 20 38 25 27 32 15 36 26 30 19 22 31 22
internal_value=-0.00052498 -0.015587 -0.00139454 0.0385902 -0.0504435 -0.0120381 -0.00132576 0.0306652 0.0136783 -0.0202465 -0.0390541 0.0334402 -0.0120584 -0.0657155 -0.06026 -0.047373 0.0751152 -0.0765071 -0.0781768 -0.0750645 -0.0764753 -0.0742211 -0.073792
internal_weight=91.529 66.0827 46.9615 25.4463 19.1212 40.3695 33.0316 12.2758 15.1282 20.7558 14.2821 11.534 8.29974 15.8437 7.33785 4.49557 10.3181 5.98235 12.9279 10.552 3.94773 6.60426 4.07071
internal_count=637 477 294 160 183 263 203 61 91 142 111 68 65 166 60 40 69 46 139 124 41 83 53
cat_boundaries=0 1
cat_threshold=4
is_linear=0
shrinkage=0.0675


Tree=24
num_leaves=25
num_cat=1
split_feature=39 47 53 61 62 34 56 48 33 59 51 63 34 16 55 50 49 61 56 60 33 52 49 36
split_gain=10.7206 9.64561 4.39344 4.18516 5.02642 6.85135 5.16408 3.27744 4.24341 3.01274 4.82981 2.90507 4.34247 2.39059 1.90161 2.22764 0.964766 2.53948 0.636767 0.245569 0.0764157 0.0272744 0.0116856 0.00156352
threshold=29.500000000000004 36.815001000000002 29.054999000000006 12.450000000000001 0.90500000500000011 1.7702000000000002 6.924999950000001 42.424999000000007 27.724992505699582 12.685 23.950000000000006 4.8500001500000005 2.0482000500000006 0 6.565000050000001 7.1299999000000005 5.9449999500000006 20.050000000000004 9.1199999000000016 13.65 32.204267443021372 33.355001500000007 4.9599998000000012 146.50000000000003
decision_type=10 10 8 10 10 10 8 8 8 10 8 10 8 9 10 10 10 10 8 8 8 10 10 10
left_child=14 3 9 4 -2 -6 -7 -4 -9 -3 -11 12 -5 -12 15 -1 19 -18 -8 -13 22 -16 -21 -24
right_child=1 2 7 11 5 6 18 8 -10 10 13 16 -14 -15 21 -17 17 -19 -20 20 -22 -23 23 -25
leaf_value=0.0038940763696691575 -0.076071737595597058 0.03085648002946596 0.093762044347382459 0.036072843241694144 0.075496624002912446 0.050254608463892285 -0.077177683969508082 -0.019059584557173173 0.077028838002840341 -0.078693078839729827 -0.028080786731338084 -0.056838633971875434 -0.080588947458227853 0.043008659950760565 0.087291796150297182 0.08049427058683066 -0.08384051593858502 0.0010742440597475893 -0.029774000586126229 -0.080418903892289118 -0.092370525465070519 0.078257813098309328 -0.075809413501046752 -0.073515936582865704
leaf_weight=4.7248561531305295 3.7079238817095783 7.6640159189701107 4.50379756838083 3.7391014024615314 4.9903605952858916 2.8514796569943401 3.7633605077862748 4.8320761024951926 3.69548373669386 4.5437456294894192 4.3299500197172165 2.928292017430068 2.3784854412078857 4.2913119047880173 3.0489026382565498 2.7288277149200439 3.2284924052655688 3.1904256790876389 1.9653855934739111 2.3169707059860221 1.6591305658221251 3.0417721122503281 2.7788501009345055 2.6419007107615471
leaf_count=22 32 37 25 31 27 22 38 21 21 26 21 34 21 22 19 21 29 24 18 21 12 26 31 36
internal_value=-0.000524326 -0.010384 0.0164424 -0.0319395 -0.00642287 0.0126075 -0.0239696 0.0471821 0.0225811 -0.00278945 -0.0223765 -0.0496732 -0.00928464 0.00730463 0.0548007 0.0319378 -0.0628551 -0.0416349 -0.0609147 -0.0739065 -0.0792252 0.0827801 -0.0764066 -0.0746916
internal_weight=89.5449 76.0005 33.8604 42.1402 17.2785 13.5706 8.58023 13.0314 8.52756 20.829 13.165 24.8616 6.11759 8.62126 13.5444 7.45368 18.7441 6.41892 5.72875 12.3251 9.39685 6.09067 7.73772 5.42075
internal_count=637 549 173 376 137 105 78 67 42 106 69 239 52 43 88 43 187 53 56 134 100 45 88 67
cat_boundaries=0 1
cat_threshold=2
is_linear=0
shrinkage=0.0675


Tree=25
num_leaves=25
num_cat=0
split_feature=39 46 34 55 45 55 48 55 57 34 52 51 57 61 31 49 58 31 47 48 59 46 58 54
split_gain=9.76131 6.08006 6.14884 4.38728 4.32999 4.09918 3.46118 5.7366 3.40948 3.40462 3.24444 2.95234 3.14614 2.37017 2.03379 0.955626 0.57509 0.0818534 0.0663628 0.00178118 0.00108847 0.000991153 0.000181575 0.000121875
threshold=44.500000000000007 18.329999500000003 1.6225000000000003 6.520000200000001 4.6150000000000011 4.5950000500000012 28.500000000000004 6.3599999000000009 6.4300001000000009 1.7200500500000002 36.704999500000007 24.005000000000006 7.1550000000000011 32.699998500000007 94.500000000000014 7.3650000000000011 6.3950000000000005 57.500000000000007 35.835001000000013 9.6450000000000014 11.435 18.985000000000003 6.9700000000000015 4.5050001000000011
decision_type=10 8 10 10 10 10 8 8 10 10 10 10 8 8 8 8 8 10 10 8 8 10 10 10
left_child=3 4 -3 8 -2 15 11 -8 9 -1 -11 12 14 17 18 -4 -5 -6 21 22 -21 -7 23 -19
right_child=1 2 5 16 13 6 7 -9 -10 10 -12 -13 -14 -15 -16 -17 -18 19 -20 20 -22 -23 -24 -25
leaf_value=0.071802072774244302 0.022555180523888781 0.059463201847663988 -0.033204243461283922 0.054149322525490054 -0.088588793322412263 -0.073894460938675924 0.075728059827175273 -0.017994721487874808 -0.05102619205616768 -0.049048329817977708 0.045083951699523991 0.019140293108298706 0.0052142639044572203 -0.0079649515326041011 -0.0041404361126449601 -0.083301268509537146 0.087416051268561654 -0.073385025407068871 -0.089330899195700808 -0.07644152826286077 -0.074326541903695989 -0.076085868232437487 -0.073868143699614419 -0.072547966842630138
leaf_weight=4.9559499844908732 3.2511632442474392 6.491548813879489 3.4329428225755683 4.4856849685311291 2.2221372649073574 1.6109823733568185 5.7865213602781269 6.125442974269391 3.024613343179225 3.3416200280189514 3.3315428718924522 6.4758948534727088 5.1778819002211103 2.8149558380246171 2.1064109429717073 3.5074132978916168 5.0144747123122224 1.7147271111607527 2.4723688364028931 1.8047050312161452 2.8747188039124012 2.2590497396886349 1.6632075756788252 1.4735999628901479
leaf_count=29 17 31 31 33 15 21 31 30 22 20 20 31 36 27 15 29 36 24 15 19 36 24 22 23
internal_value=-0.000524444 -0.0144612 -0.00135832 0.0359799 -0.0478792 -0.0114938 -0.00129876 0.0275334 0.0128166 0.0294215 -0.00205326 -0.0183835 -0.0362161 -0.0635981 -0.0616069 -0.0585215 0.0717085 -0.0769226 -0.0806924 -0.0742026 -0.0751422 -0.0751736 -0.0732964 -0.0729981
internal_weight=87.4196 63.2657 45.4465 24.1539 17.8192 38.9549 32.0146 11.912 14.6537 11.6291 6.67316 20.1026 13.6267 14.5681 8.44881 6.94036 9.50016 11.7531 6.3424 9.53096 4.67942 3.87003 4.85153 3.18833
internal_count=637 477 294 160 183 263 203 61 91 69 40 142 111 166 75 60 69 139 60 124 55 45 69 47
is_linear=0
shrinkage=0.0675


Tree=26
num_leaves=28
num_cat=3
split_feature=39 47 55 53 32 61 62 35 21 48 38 5 63 34 37 21 55 50 55 63 35 51 52 59 59 57 62
split_gain=8.93488 7.96915 4.13103 4.38277 4.1402 3.75835 4.52851 5.25928 2.9896 5.18359 5.04042 2.94282 3.87403 2.91193 2.85846 2.73667 1.77251 2.04153 1.11068 0.766404 0.0903727 0.0254789 0.0180542 0.00885512 0.00320406 0.00065715 0.00030516
threshold=29.500000000000004 36.815001000000002 8.2600002500000027 29.054999000000006 177.50000000000003 12.450000000000001 1.1050000000000002 1.8825999500000001 0 12.220000000000002 96.150001500000016 1 54.899999500000007 2.0140999500000007 78.500000000000014 2 6.565000050000001 7.1299999000000005 7.8600001500000012 443.69999500000006 2.3274999500000004 19.685000500000005 33.355001500000007 12.265000000000002 11.310000000000002 7.2650001000000008 1.1650000000000003
decision_type=10 10 10 8 10 10 10 10 9 8 10 9 10 10 8 9 10 10 10 10 8 10 10 10 8 10 8
left_child=16 5 3 8 -5 6 14 -8 10 -10 -3 18 13 -13 -2 -16 17 -1 20 23 21 24 -18 -14 -7 26 -26
right_child=1 2 -4 4 -6 11 7 -9 9 -11 -12 12 19 -15 15 -17 22 -19 -20 -21 -22 -23 -24 -25 25 -27 -28
leaf_value=0.003307532122868267 -0.084128179761738614 0.018942736370200004 0.07886190392442087 0.078816014727167927 -0.006092692103649577 -0.076869748385548317 0.086835705292144696 -0.026108125541147834 0.069941188248797664 -0.037078737548569718 -0.078404490378330888 0.052330330245962717 -0.080860406698110079 -0.046660372991272181 -0.045561017313287551 0.052087572499474863 0.084505106902492438 0.078939756260941837 -0.019252491718093945 -0.022514503548036281 -0.093636674825475261 -0.083259018550142519 0.076766210461668524 -0.074613388640478354 -0.07243140327738877 -0.074725249607773908 -0.073777258735732862
leaf_weight=4.6597446054220182 3.6065541878342637 4.0907977521419525 4.0445092022418967 5.8157151490449888 4.7565028220415115 1.8611893802881203 3.9642588198184958 3.5702978037297726 4.1006376743316677 4.1480232030153283 5.9456326588988304 3.6582733653485775 2.1354058608412743 2.1494698897004128 3.284430168569088 2.1727148704230794 2.7737464085221291 2.4977393075823784 1.6225168257951743 1.5751349031925199 1.6920888423919684 1.9762017130851743 2.7207560762763023 2.0041475333273411 1.8136815093457701 1.4816376976668832 1.3308719731867311
leaf_count=22 32 21 21 33 23 20 21 35 20 21 34 26 20 22 35 14 19 21 16 16 12 17 26 25 29 18 18
internal_value=-0.000519855 -0.00961892 0.0149741 0.0060199 0.0406151 -0.0298991 -0.00535345 0.0333165 -0.0139826 0.0161238 -0.0387263 -0.0473842 -0.023131 0.0156935 -0.0374994 -0.00668308 0.051837 0.0297008 -0.0711108 -0.0625877 -0.0793959 -0.0765488 0.080673 -0.0778359 -0.0745047 -0.0735532 -0.073001
internal_weight=85.4527 72.8007 32.9018 28.8573 10.5722 39.8989 16.5983 7.53456 18.2851 8.24866 10.0364 23.3006 11.5224 5.80774 9.0637 5.45715 12.652 7.15748 11.7782 5.71469 10.1557 8.46358 5.4945 4.13955 6.48738 4.62619 3.14455
internal_count=637 549 173 152 56 376 137 56 96 41 55 239 109 48 81 49 88 43 130 61 114 102 45 45 85 65 47
cat_boundaries=0 1 2 3
cat_threshold=2 2 2
is_linear=0
shrinkage=0.0675


Tree=27
num_leaves=28
num_cat=1
split_feature=34 47 29 39 62 37 61 60 63 56 44 52 37 63 63 39 56 57 39 46 37 61 59 46 56 33 60
split_gain=8.22405 8.29152 4.5487 4.28032 3.74217 3.55417 3.10099 4.43527 2.98867 2.54976 5.13283 5.03181 3.02469 1.56844 2.88698 1.51647 1.14117 0.865618 0.329043 0.0352001 0.0321361 0.0148088 0.00380676 0.00261325 0.00183983 0.000622632 0.000146772
threshold=1.4093499500000002 39.365000000000002 0 39.500000000000007 0.97500002500000005 59.500000000000007 12.350000000000003 13.15 396.10001000000005 7.3550000000000013 7.674999950000001 48.225000500000007 79.500000000000014 58.799999000000007 47.799999000000007 50.500000000000007 7.6949999500000006 7.3350000500000005 66.500000000000014 21.310000500000005 83.500000000000014 20.550000000000004 11.155000000000003 19.365001000000003 7.7049999000000007 24.155245235939692 16.450000000000003
decision_type=10 10 9 10 10 10 10 10 8 10 8 8 8 10 8 10 8 8 10 10 10 10 10 10 10 10 10
left_child=4 2 5 -3 -1 -2 7 8 15 10 -5 -11 -12 14 17 -7 -6 21 20 22 -17 24 -15 25 -8 -24 -27
right_child=1 3 -4 9 16 6 13 -9 -10 11 12 -13 -14 19 -16 18 -18 -19 -20 -21 -22 -23 23 -25 -26 26 -28
leaf_value=-0.013703812975295259 0.019291929037924309 0.081954763713679143 0.066469872268327373 0.086585874089216114 0.049129939417847268 -0.0099855489403856152 -0.073847527400748833 0.052950542789393228 0.032701916166734485 -0.056375640443871437 0.041018074541322766 0.034532349084080406 -0.038800524638586228 -0.077218637420898989 0.012888231198889898 -0.08763729149732101 0.096101805234293444 -0.023607372707892111 -0.048370164414552844 -0.085379265801651533 -0.07628351680166448 -0.082891097139445716 -0.074152929412100874 -0.075846044810652907 -0.077092479234808151 -0.071886730626013556 -0.072840874745681752
leaf_weight=3.1875416040420523 5.0430761501193038 4.1507470086216953 2.1787725239992133 4.4865572601556787 5.09895287454128 2.4844929873943293 1.6896656192839157 3.1915991380810729 2.2236158177256593 6.2202734947204563 3.9882154241204253 5.0073167830705652 4.7268454581499109 2.1149072982370836 3.2824502512812623 2.2542969584465027 4.3816303685307512 1.7877480089664457 1.88482279330492 1.68376214057207 2.289360985159874 1.9085610955953596 1.4398677125573156 2.1826010681688786 1.5053675621747968 1.2477958910167219 1.7858561314642427
leaf_count=18 27 34 15 22 35 20 23 24 16 35 20 28 23 23 27 18 26 17 22 12 25 17 20 24 17 22 27
internal_value=-0.000520968 -0.00948825 -0.0285085 0.018582 0.0495663 -0.0336819 -0.0413242 -0.0172015 -0.0373061 0.00781441 0.0279252 -0.0158322 -0.00227367 -0.0580794 -0.0392117 -0.0547718 0.0708389 -0.0640277 -0.0720808 -0.07644 -0.0819166 -0.0781866 -0.0747239 -0.0739313 -0.0753764 -0.072997 -0.0724484
internal_weight=83.4267 70.7586 42.1786 28.58 12.6681 39.9998 34.9568 14.3282 11.1366 24.4292 13.2016 11.2276 8.71506 20.6286 10.1738 8.91297 9.48058 6.89134 6.42848 10.4548 4.54366 5.10359 8.77103 6.65612 3.19503 4.47352 3.03365
internal_count=637 558 396 162 79 381 354 125 101 128 65 63 43 229 101 85 61 74 65 128 43 57 116 93 40 69 49
cat_boundaries=0 1
cat_threshold=1
is_linear=0
shrinkage=0.0675


Tree=28
num_leaves=25
num_cat=3
split_feature=15 52 38 36 51 54 56 61 31 63 48 39 59 62 49 2 33 33 25 62 51 37 45 45
split_gain=7.50137 7.0618 6.05435 5.45536 6.42763 4.24283 4.01439 4.00495 3.96855 3.68141 3.23797 2.76081 2.4567 2.03502 1.92746 1.1928 1.09561 0.358211 0.321441 0.18101 0.100389 0.0172863 0.00409011 0.000700723
threshold=0 25.170000000000005 94.500000000000014 186.50000000000003 24.005000000000006 4.2149999000000014 7.2550001000000011 11.750000000000002 81.500000000000014 58.799999000000007 3.6650001000000008 72.500000000000014 12.295000000000002 1.2450000000000003 8.3899998500000006 1 25.903248280473381 33.753550082387385 2 1.3750000000000002 19.925000000000004 72.500000000000014 5.0050001000000011 5.5750000500000008
decision_type=9 8 10 8 10 8 8 10 10 8 10 10 8 10 8 9 8 8 9 8 10 10 10 10
left_child=1 10 6 4 7 -4 -3 12 9 -9 -1 16 -2 -8 -6 20 -7 19 -5 21 -10 -12 -23 -24
right_child=3 2 5 18 14 11 13 8 15 -11 17 -13 -14 -15 -16 -17 -18 -19 -20 -21 -22 22 23 -25
leaf_value=0.0011719865880813335 0.07434273156435782 0.078981594488656437 0.035542883846790808 0.084763403216220459 0.083918933607694229 -0.09022675708549184 -0.035539248090494607 0.044798136105379659 -0.076229711432378486 -0.048491815067332911 -0.081523638838683299 0.0027198573517254482 -0.0017882928175493656 0.040876654221421449 0.019417863906171253 -0.027733386085918042 -0.043397106337562809 -0.10750850418872483 0.054915439737632757 -0.050334583571289518 -0.095688238138961393 -0.077188168870640228 -0.072381531360099227 -0.074128941315579469
leaf_weight=3.1059998981654635 3.2216607034206435 5.3992829173803338 3.8181291148066547 4.596470743417739 5.2606214135885212 4.3268871046602699 3.4228522479534158 4.3248980380594713 2.5533955879509449 3.4765992201864719 2.0220370441675142 3.8250291459262362 4.8215082995593557 2.9618342965841293 3.525464966893197 2.461271096020937 4.8030094690620908 1.5105292014777667 2.5592079013586044 1.4699338078498847 2.2927141487598419 1.5961347371339796 2.2987912632524967 1.9179850146174429
leaf_count=28 20 34 29 36 30 33 25 25 29 30 21 28 31 17 21 21 35 11 20 18 14 18 38 25
internal_value=-0.000519605 -0.0201565 -0.000940525 0.0208174 0.00888213 -0.0269913 0.0361396 -0.0097721 -0.0302557 0.00322512 -0.0595743 -0.0454217 0.0287057 -9.01718e-05 0.0580375 -0.0660004 -0.0655909 -0.0770195 0.0740884 -0.07207 -0.0854356 -0.0761479 -0.0742779 -0.0731763
internal_weight=81.5722 42.4784 28.557 39.0938 31.9381 16.7731 11.784 23.152 15.1089 7.8015 13.9214 12.9549 8.04317 6.38469 8.78609 7.30738 9.1299 10.8154 7.15568 9.30488 4.84611 7.83495 5.81291 4.21678
internal_count=637 360 201 277 221 125 76 170 119 55 159 96 51 42 51 64 68 131 56 120 43 102 81 63
cat_boundaries=0 1 2 3
cat_threshold=2 2 1
is_linear=0
shrinkage=0.0675


Tree=29
num_leaves=27
num_cat=1
split_feature=29 45 35 59 38 46 0 45 39 45 33 62 44 63 52 52 32 48 39 52 46 60 63 48 39 34
split_gain=7.18726 7.35587 4.91853 3.80255 4.95279 3.86321 3.60709 3.28872 3.03447 3.03135 2.90277 2.79836 3.27259 1.94915 1.94051 4.57947 0.608245 1.49964 0.194173 0.0146173 0.003997 0.00111979 0.0008344 0.000352996 0.000234558 8.0698e-05
threshold=0 7.2349999000000009 1.5775000000000001 13.750000000000002 85.650001500000016 18.015000500000003 62.500000000000007 9.9949999000000016 82.500000000000014 4.3250000500000008 38.903583005431678 1.0850000000000002 7.5550000500000012 142.45000500000003 28.399999500000003 32.850000500000007 177.50000000000003 15.690000000000001 72.500000000000014 19.165000000000003 18.985000000000003 11.350000000000003 88.950001000000015 18.800000000000001 60.500000000000007 1.9203500000000002
decision_type=9 10 10 10 10 10 2 8 8 8 8 8 8 8 10 10 8 8 8 8 10 8 10 8 10 10
left_child=1 3 -3 4 5 -1 -6 8 11 -8 14 -4 -13 -14 16 -16 19 22 -5 -11 21 -21 -18 24 -23 -26
right_child=-2 2 7 18 6 -7 9 -9 -10 10 -12 12 13 -15 15 -17 17 -19 -20 20 -22 23 -24 -25 25 -27
leaf_value=-0.023744985266952831 0.077469067254712795 0.085311206148356161 -0.051616205967059188 -0.075204093398877361 0.036450839283369785 0.065390105131290052 0.040414308244855611 0.073362447244784482 0.058134311564086369 -0.080601620233775109 0.013181983937831427 0.051064014935600061 -0.046444151579651108 0.017288808817464075 0.02116960830902917 -0.08302256013545202 -0.074773679090046105 0.0098741003868044828 -0.10641259474429221 -0.074944793838625345 -0.077280944657068418 -0.073147426276961011 -0.072445352155038639 -0.07372645188435005 -0.072506352049918038 -0.071715414603262015
leaf_weight=3.897656884044407 5.0444143414497367 4.4755414798855808 5.4830311909318068 2.114446103572845 3.3618978746235397 5.1330759227275848 2.1095224767923382 3.1370957717299452 3.4201002120971671 1.8043033629655862 3.545787885785102 4.7002310529351208 5.0009762793779364 3.8847433924674997 4.3329207338392726 3.4542229026556015 1.6158310100436222 1.4847844764590261 1.5924427621066568 1.5753243416547773 1.386345852166414 1.9247351251542566 1.2390359342098234 1.7718083709478376 1.2833500765264036 1.0843409895896909
leaf_count=30 37 35 30 29 23 29 11 20 29 18 16 27 26 19 33 28 21 15 14 20 14 28 20 24 21 20
internal_value=-0.000515942 -0.0057742 0.0200214 -0.0231408 -0.0172222 0.0269195 -0.0296895 0.00861877 -0.000412598 -0.0374609 -0.0436595 -0.0109132 0.00551372 -0.0185808 -0.0524389 -0.025048 -0.0664994 -0.0451472 -0.088611 -0.0750552 -0.0739465 -0.0733414 -0.0737632 -0.0729249 -0.072594 -0.0721441
internal_weight=79.858 74.8136 30.1017 44.7118 41.0049 9.03073 31.9742 25.6262 22.4891 28.6123 26.5028 19.069 13.586 8.88572 22.957 7.78714 15.1699 4.33965 3.70689 10.8302 9.0259 7.63956 2.85487 6.06423 4.29243 2.36769
internal_count=637 600 186 414 371 59 312 151 131 289 278 102 72 45 262 61 201 56 43 145 127 113 41 93 69 41
cat_boundaries=0 1
cat_threshold=1
is_linear=0
shrinkage=0.0675


Tree=30
num_leaves=28
num_cat=2
split_feature=53 46 21 34 39 34 60 53 55 48 55 60 56 45 62 33 38 39 63 5 34 59 45 50 39 62 53
split_gain=6.44197 5.19225 6.30879 6.2238 4.84663 3.92244 3.40011 3.37525 4.33869 3.01295 2.91327 2.88364 2.75302 2.32191 2.14912 2.02056 1.11821 0.892961 1.24037 0.448918 0.996321 0.333983 0.274175 0.0877989 0.0388657 0.00172717 0.000322839
threshold=6.3750000000000009 18.290000000000003 0 1.6225000000000003 35.500000000000007 2.2503999500000007 16.849999500000003 29.054999000000006 8.2899999500000003 23.985000500000002 6.4799998000000008 17.550000000000004 7.3200002000000017 8.2750001000000015 1.135 25.198519217797578 103.85000000000001 50.500000000000007 64.950001000000015 1 2.0666500500000002 11.175000000000002 7.5000000000000009 6.3050000500000012 63.500000000000007 1.2150000000000001 4.6600001000000004
decision_type=8 10 9 10 10 8 10 8 10 8 10 10 10 10 8 10 10 10 10 9 8 10 10 10 8 10 10
left_child=5 2 11 17 -5 21 -4 8 9 12 16 19 13 14 -6 -14 -9 18 -3 -2 24 -1 -17 25 -21 26 -23
right_child=1 3 6 4 7 -7 -8 10 -10 -11 -12 -13 15 -15 -16 22 -18 -19 -20 20 -22 23 -24 -25 -26 -27 -28
leaf_value=-0.049900733494667934 -0.09260242899120448 0.086834030010426472 0.055595769954057038 0.080957941206794906 0.028509155507004325 0.022035884630315264 -0.046495591870626504 0.085423955354884978 0.064449251672931765 -0.090427526981085013 -0.0055664172790430289 0.010572239375082513 -0.0069263389751947086 0.057700329078788977 -0.051615418604018921 -0.055937886687187466 0.029874978729090059 0.10058224833240353 0.024710302515050433 -0.073791726416332665 -0.014095193307992018 -0.073131105991440418 -0.088161199811622931 -0.090460679749997108 -0.087745276454911189 -0.075535473956049787 -0.071587156687809558
leaf_weight=2.3938274942338431 3.441200066357851 2.8568645492196065 5.0817140527069578 3.7155830785632125 2.8839816004037946 2.7288096919655809 2.1008245944976807 3.4781860709190351 2.7602927200496188 2.8244044892489901 6.1134430170059204 2.3550816029310235 3.9851590953767282 3.1175365298986435 3.2373438589274883 2.427013237029314 3.1432434171438217 2.9389053210616112 3.0042209252715111 2.1257576085627066 1.4689539186656473 1.4120939038693912 2.3856629803776741 2.2005680911242962 1.5896238088607786 1.2406635060906408 1.0959879048168657
leaf_count=24 35 23 36 33 22 18 25 21 16 22 33 23 31 15 24 27 19 15 25 30 14 22 14 16 16 17 21
internal_value=-0.000515657 0.00736259 -0.0234526 0.018815 0.00752683 -0.0482144 0.025735 2.22271e-05 -0.015079 -0.025602 0.0280328 -0.0556267 -0.0154508 0.0102833 -0.0138658 -0.0424749 0.0590544 0.0702171 0.0549912 -0.0737014 -0.0611555 -0.0711913 -0.0719111 -0.0797581 -0.0797617 -0.0734755 -0.0724564
internal_weight=78.1069 67.035 18.1632 48.8718 40.0719 11.072 7.18254 36.3563 23.6214 20.8611 12.7349 10.9806 18.0367 9.23886 6.12133 8.79784 6.62143 8.79999 5.86109 8.62554 5.18434 8.34314 4.81268 5.94931 3.71538 3.74875 2.50808
internal_count=637 519 179 340 277 118 61 244 171 155 73 118 133 61 46 72 40 63 48 95 60 100 41 76 46 60 43
cat_boundaries=0 1 2
cat_threshold=2 4
is_linear=0
shrinkage=0.0675


Tree=31
num_leaves=26
num_cat=6
split_feature=29 45 35 59 37 61 60 39 34 61 63 59 34 40 51 40 0 39 15 7 61 63 37 31 40
split_gain=6.08239 6.11769 4.3192 3.62464 4.78072 3.25357 4.23547 2.80264 2.78106 2.5951 3.12313 3.05654 2.42037 2.38033 3.32991 1.77394 1.76239 1.50523 1.26771 0.310933 0.273256 0.182442 0.0807898 0.0516894 0.00325609
threshold=0 7.2349999000000009 1.5775000000000001 13.145000000000001 59.500000000000007 12.450000000000001 13.15 72.500000000000014 1.7124500000000002 17.150000500000004 63.549999000000007 12.245000000000003 1.8438500000000002 1 25.160000000000004 2 73.500000000000014 79.500000000000014 3 4 13.250000000000002 306.65001000000007 89.500000000000014 66.500000000000014 5
decision_type=9 10 10 10 10 10 10 8 10 10 10 10 10 9 8 9 2 10 9 9 8 10 10 10 9
left_child=1 3 -3 4 -1 6 8 12 -6 19 11 -11 -4 16 -15 -10 -14 -9 20 23 -5 -12 -17 -7 -25
right_child=-2 2 7 18 5 9 -8 17 15 10 21 -13 13 14 -16 22 -18 -19 -20 -21 -22 -23 -24 24 -26
leaf_value=0.043789819172002899 0.072861459786208838 0.082937038351546241 -0.055471625698342991 -0.10557483933220067 0.028863009850273409 -0.088428123466328862 0.068608266413053814 0.084128832352155417 -0.0018190748527205135 -0.028642987524836117 -0.078228708115927012 0.076080780096462047 0.069263460170230731 -0.058888249120674217 0.028291973548138394 -0.079649312731286337 0.0035273769856414756 0.01507490787454608 -0.024805623196887183 -0.048390630854564895 -0.072366220272769066 -0.047274053801045379 -0.060013431849523319 -0.072937511563751417 -0.076834797833643068
leaf_weight=5.6554146558046332 4.8217727951705447 4.077128633856776 3.4755525514483514 2.0601517781615257 3.4730340950191039 1.9894210137426851 3.2058590650558463 2.8448969423770896 2.6168877258896837 3.0612522475421411 2.2701945491135125 2.1699536666274071 3.4938287809491158 4.3245715722441647 3.7076099216938028 2.6980565898120394 3.9694319069385529 2.9087994918227196 2.1813884936273089 1.9335824511945272 2.4976621456444263 1.4040692523121832 1.4774954728782175 1.7723617032170296 2.1758281104266644
leaf_count=33 37 35 20 20 21 15 22 26 23 28 27 16 20 23 22 32 21 19 23 26 36 19 18 29 26
internal_value=-0.000514793 -0.00546694 0.018567 -0.0217 -0.0131739 -0.0238243 0.000880567 0.00795232 -0.0202705 -0.0436619 -0.0187033 0.0147974 -0.00456323 0.00685527 -0.0186463 -0.0453929 0.0343009 0.0492184 -0.0671233 -0.0719 -0.0873767 -0.0663998 -0.0727013 -0.0795559 -0.0750853
internal_weight=76.2662 71.4444 28.8018 42.6426 35.9034 30.248 13.4713 24.7247 10.2655 16.7767 8.90547 5.23121 18.971 15.4954 8.03218 6.79244 7.46326 5.7537 6.7392 7.87119 4.55781 3.67426 4.17555 5.93761 3.94819
internal_count=637 600 186 414 335 302 116 151 94 186 90 44 106 86 45 73 41 45 79 96 56 46 50 70 55
cat_boundaries=0 1 2 3 4 5 6
cat_threshold=1 2 1 2 1 2
is_linear=0
shrinkage=0.0675


Tree=32
num_leaves=26
num_cat=2
split_feature=39 53 55 57 0 55 62 59 59 63 60 32 58 58 61 60 62 57 40 39 45 33 33 48 5
split_gain=5.4951 4.29093 3.8926 3.54791 3.24926 3.24538 2.9795 3.07974 6.34243 5.14529 2.87561 2.86894 2.7839 3.19091 2.20864 1.77256 1.37836 0.920693 0.579744 0.215876 0.0679508 0.0506885 0.0444011 0.00481212 0.000647005
threshold=44.500000000000007 6.3750000000000009 4.5950000500000012 8.4949999000000016 64.500000000000014 6.520000200000001 0.93500000500000013 10.790000000000001 12.145000000000001 63.549999000000007 18.250000000000004 165.50000000000003 5.1050000000000013 5.9749999000000011 17.550000000000004 21.050000000000004 0.84499999500000011 6.8950000000000005 0 64.500000000000014 6.8050000500000012 30.314709760249464 26.447630291786144 5.0899999000000014 1
decision_type=10 8 10 10 2 10 10 10 10 8 8 10 10 10 8 8 10 10 9 10 10 8 10 10 9
left_child=5 15 11 4 -4 12 16 -8 17 10 -10 -3 -1 -14 -11 21 -6 -9 -7 20 -13 23 -20 24 -2
right_child=1 2 3 -5 6 18 7 8 9 14 -12 19 13 -15 -16 -17 -18 -19 22 -21 -22 -23 -24 -25 -26
leaf_value=0.047071403132907731 -0.074073943171797982 0.0020750028971004797 0.062112431293767555 -0.063167000687772923 -0.011512527404996207 0.039996544325442779 0.06212223717468543 -0.084063518326536815 0.028955498533514149 -0.05968598366628635 0.11445215560611405 -0.074341604118463522 -0.065936101470849801 0.023229181479297752 0.024314387446171617 -0.0067954555291181371 -0.077649649016262798 -0.027952981859823665 0.073371642242084825 -0.054527628350131009 -0.092583667884718765 -0.089770022326713703 0.086466938463708967 -0.077619686341524968 -0.071895385075449444
leaf_weight=5.1213690824806708 1.1892832294106483 3.8995570130646211 5.0574131086468688 3.1075062304735175 3.4051186852157143 2.6603298410773268 4.8645937331020859 3.0613802410662201 4.3227361850440476 3.0812814496457586 3.0621301680803299 2.0576462298631673 3.382460955530405 3.980759683996439 2.6550536006689072 2.1908714026212692 2.4824722930788994 2.3591738417744637 2.5857383981347084 1.8713405653834341 1.6982172057032583 1.3740435652434824 2.169487576931715 1.6700990162789819 1.3001424036920062
leaf_count=35 18 25 38 25 27 25 32 33 31 23 18 29 24 32 22 21 24 21 27 22 11 11 17 21 25
internal_value=-0.000513326 -0.0115614 -0.00389668 0.0059013 0.0121494 0.0298604 0.00352358 0.0143202 0.00177894 0.0271531 0.0644066 -0.042422 0.008852 -0.0177309 -0.0208065 -0.0581838 -0.0393989 -0.0596427 0.0652295 -0.0732576 -0.0825898 -0.0785297 0.0793461 -0.0748166 -0.0729362
internal_weight=74.6102 54.7101 46.9856 37.4589 34.3514 19.9001 29.2939 23.4063 18.5418 13.1212 7.38487 9.52676 12.4846 7.36322 5.73634 7.72444 5.88759 5.42055 7.41556 5.6272 3.75586 5.53357 4.75523 4.15952 2.48943
internal_count=637 477 381 294 269 160 231 180 148 94 49 87 91 56 45 96 51 54 69 62 40 75 44 64 43
cat_boundaries=0 1 2
cat_threshold=1 4
is_linear=0
shrinkage=0.0675


Tree=33
num_leaves=26
num_cat=4
split_feature=29 45 34 59 37 61 60 33 61 56 56 62 61 63 59 40 15 7 61 63 60 53 31 47 49
split_gain=5.22376 5.36298 3.83278 3.18731 3.95162 2.9213 3.48827 2.86753 2.72158 2.81838 4.05345 3.22098 2.39106 2.7049 2.36378 2.04348 1.17136 0.304888 0.227285 0.197068 0.0842394 0.0811264 0.035088 0.00295242 0.000941111
threshold=0 7.2349999000000009 2.3362500500000007 13.145000000000001 59.500000000000007 12.450000000000001 13.15 21.123061147706387 34.100000500000007 7.3550000000000013 6.6250000000000009 1.1850000000000003 17.150000500000004 63.549999000000007 12.245000000000003 1 2 3 13.250000000000002 379.75000000000006 10.550000000000002 17.1350005 66.500000000000014 27.984999500000004 5.4449999500000006
decision_type=9 10 8 10 10 10 10 10 8 10 8 8 8 10 10 9 9 9 8 10 10 10 10 10 10
left_child=1 3 8 4 -1 6 7 -6 9 10 -3 -11 17 14 -14 -9 18 22 -5 -15 -17 -4 -7 24 -24
right_child=-2 2 21 16 5 12 -8 15 -10 11 -12 -13 13 19 -16 20 -18 -19 -20 -21 -22 -23 23 -25 -26
leaf_value=0.0396880564400739 0.068865079318391614 -0.018539553450141744 0.086569663369506999 -0.10221274481702539 0.04240163223785362 -0.085885712400195921 0.061834204902979674 0.00063227934377555026 0.050002590617586731 -0.085979172868597395 0.06454651825289616 0.0041525302658907085 -0.026810514439192756 -0.077123767315871311 0.065099982107844817 -0.078073029362939986 -0.023393796526393836 -0.046556545664712817 -0.070849812412308505 -0.043662936513458837 -0.057529409679630036 0.067755880182946565 -0.074320603872919874 -0.077100882986649813 -0.071625281612222647
leaf_weight=5.5239778384566298 4.632345885038375 6.358202364295729 2.1259474530816069 1.9254966787993906 2.5706759840250033 1.8505608476698379 3.2356087975203982 3.1408585943281659 5.2474454492330542 3.3785973340272895 4.6187201850116262 3.8824118450284004 2.9614292532205582 2.1330126561224465 2.2387151531875134 2.8275431096553794 2.0953985042870036 1.8381415419280518 2.3228639550507069 1.2851347476243971 1.3406143411993978 2.0524694100022316 1.2664728984236724 1.2664997205138204 1.1054147183895109
leaf_count=33 37 36 18 20 13 15 22 26 35 22 29 24 28 28 16 36 23 26 36 18 19 22 19 14 22
internal_value=-0.00051007 -0.00519529 0.0177623 -0.0207125 -0.012645 -0.0225927 0.00100481 -0.0189169 0.00716458 -0.00516084 0.0164203 -0.0377864 -0.0420021 -0.017901 0.0127579 -0.0404834 -0.0646941 -0.0703503 -0.0850645 -0.0645434 -0.0714655 0.0773282 -0.0783184 -0.0744695 -0.0730645
internal_weight=73.2246 68.5922 27.6638 40.9284 34.5847 29.0607 13.1153 9.87969 23.4854 18.2379 10.9769 7.26101 15.9454 8.61829 5.20014 7.30902 6.34376 7.32709 4.24836 3.41815 4.16816 4.17842 5.48895 3.63839 2.37189
internal_count=637 600 186 414 335 302 116 94 146 111 65 46 186 90 44 81 79 96 56 46 55 40 70 55 41
cat_boundaries=0 1 2 3 4
cat_threshold=1 1 2 1
is_linear=0
shrinkage=0.0675


Tree=34
num_leaves=25
num_cat=1
split_feature=34 53 47 59 48 57 57 62 21 39 49 51 0 62 62 34 61 55 50 63 37 45 58 53
split_gain=4.89675 5.65757 3.8321 3.95631 3.29301 4.03766 3.12512 2.68406 2.40412 2.02257 2.50172 3.06522 4.03959 1.89503 1.8161 1.40401 1.10191 0.815682 0.0597755 0.044724 0.0206134 0.00479212 0.00337555 0.000322184
threshold=1.4093499500000002 6.3750000000000009 38.854999500000005 10.885000000000003 7.7500000000000009 5.5800002000000015 6.8950000000000005 1.1050000000000002 0 82.500000000000014 7.1649999500000012 24.840000500000006 73.500000000000014 0.98500001500000012 1.0050000000000001 2.0693000500000003 17.050000000000004 7.4949999000000007 6.3050000500000012 67.000000000000014 89.500000000000014 5.1150000000000011 6.3599999000000009 4.5850000500000005
decision_type=10 8 10 8 10 10 10 8 9 8 10 10 2 10 8 10 8 10 10 8 8 10 8 10
left_child=13 15 3 8 5 14 19 -8 -3 10 -4 -12 -13 -1 -5 18 -15 -9 21 -6 22 -2 -21 -23
right_child=1 2 9 4 6 -7 7 17 -10 -11 11 12 -14 16 -16 -17 -18 -19 -20 20 -22 23 -24 -25
leaf_value=-0.0015274423750778017 -0.076741781839787707 -0.0066421564471223441 0.053515131986305503 0.0064998135855678252 -0.082352746058947407 0.051164941437198762 0.045010600173991389 -0.075034870005750362 0.078980996133447015 0.069906871246937272 -0.042780195600641058 0.067091407300484227 -0.015691121026174811 0.031531432467174915 -0.078325593238429803 -0.0099858623378139503 0.084369965063012503 -0.011253248958535838 -0.088180217499108968 -0.073249668201236559 -0.065598036148899516 -0.0725095447474043 -0.077582670573940929 -0.070931446933700987
leaf_weight=3.1539019346237165 1.4431240782141679 3.3102154061198235 5.0683509111404481 2.0858012177050131 3.4592464566230747 4.1782819181680679 2.2902462817728511 2.1399016901850705 2.7232968956232098 3.1652769036591044 5.3296867981553104 4.6823046207427961 6.298671267926693 3.2144632898271084 2.563195712864399 1.7782533466815946 4.0816217437386513 1.5941169522702692 1.9512232467532156 1.7979364395141613 1.4624883793294428 1.3436769321560862 1.5047692432999609 1.050109129399061
leaf_count=20 19 29 27 17 39 29 21 27 18 31 31 31 36 26 33 23 33 16 15 28 26 23 15 24
internal_value=-0.00051295 -0.00780247 -9.67118e-05 -0.0166613 -0.0293857 0.00301056 -0.0494556 -0.0125195 0.0320049 0.0195488 0.0120931 -0.000778377 0.0196075 0.042192 -0.0402681 -0.0624446 0.0610907 -0.0478054 -0.0785611 -0.0765106 -0.0722696 -0.0736695 -0.0752239 -0.0718173
internal_weight=71.6702 61.2202 53.6538 29.1095 23.076 8.82728 14.2487 6.02426 6.03351 24.5443 21.379 16.3107 10.981 10.45 4.649 7.56639 7.29609 3.73402 5.78813 8.22444 4.76519 3.83691 3.30271 2.39379
internal_count=637 558 454 298 251 79 172 64 47 156 125 98 67 79 50 104 59 43 81 108 69 66 43 47
cat_boundaries=0 1
cat_threshold=2
is_linear=0
shrinkage=0.0675


Tree=35
num_leaves=27
num_cat=2
split_feature=15 46 37 58 35 21 31 48 63 54 63 58 46 32 37 60 61 63 57 57 55 33 37 49 50 54
split_gain=4.66633 4.737 4.61279 3.9269 5.04209 4.08177 3.6148 3.23239 3.04936 2.92542 2.20977 2.20367 2.17085 2.80442 1.55038 1.33608 1.19984 0.945599 0.547491 0.341036 0.305264 0.0949517 0.0149481 0.00597006 0.000294098 0.000173494
threshold=0 18.405000000000005 75.500000000000014 6.4349999500000008 1.9047000500000002 1 60.500000000000007 3.6650001000000008 28.050000500000003 4.8050000500000012 8.2500000000000018 5.6649999500000012 22.425000000000004 174.50000000000003 74.500000000000014 21.050000000000004 18.550000000000004 101.45 7.1849999500000008 7.0550000500000012 7.4799998000000008 33.753550082387385 67.500000000000014 4.7000000500000008 5.3950000000000005 4.424999950000001
decision_type=9 8 10 10 10 9 10 10 8 8 10 10 10 8 10 8 8 10 10 8 10 8 10 10 10 10
left_child=1 7 9 5 -5 8 -4 -1 -2 15 -7 19 13 -12 -6 -3 -13 -10 -16 -8 21 22 -9 -24 25 -25
right_child=3 2 6 4 14 10 11 20 17 -11 12 16 -14 -15 18 -17 -18 -19 -20 -21 -22 -23 23 24 -26 -27
leaf_value=0.012181946641134546 0.050799461479896821 0.035926390326841758 0.050023711623680987 0.043935200086006293 -0.0028410595814327218 0.10115599997162722 -0.086141441869775154 -0.081137247239579935 -0.079588287722738418 -0.01757837266917921 -0.045215642930198169 0.0089168698240476574 0.072637515243732714 0.04899059007942002 -0.088020907479801 0.096940767340040382 -0.0505198881552349 -0.014346793801577421 -0.044705416011882999 -0.050870571081923312 -0.039833217087492427 -0.094503284070304061 -0.077328300433821592 -0.071799726364240993 -0.072488792271784022 -0.070642773363758363
leaf_weight=2.6168731041252604 2.403658501803875 4.7458348348736772 2.3614366576075545 4.6100820675492278 2.6826338954269868 3.5629159063100841 3.4267627634108049 1.2973120249807815 1.9159515984356401 3.5892661400139341 2.3325486797839385 3.8750703595578671 5.0941867530345917 3.7616066113114357 2.5885888189077377 2.4948368892073631 2.5762602351605892 2.1458685398101807 2.733474388718605 1.9654221124947069 1.0810137726366518 1.3363081179559229 1.1240386739373205 1.2979674004018313 1.464957822114229 1.0835606735199688
leaf_count=27 20 38 14 34 23 25 34 14 16 26 19 31 38 30 23 17 22 24 25 20 19 9 12 25 25 27
internal_value=-0.000513087 -0.0173091 -0.00093393 0.0175268 -0.0122973 0.0352592 -0.0262331 -0.0535815 -0.00946087 0.0322494 0.0548601 -0.0414376 0.0401172 0.012933 -0.0446828 0.0569494 -0.0148185 -0.0451211 -0.0657736 -0.0732854 -0.0733963 -0.0781677 -0.0746849 -0.0730008 -0.0717362 -0.0712733
internal_weight=70.1684 36.3369 25.0349 33.8315 12.6148 21.2167 14.205 11.302 6.46548 10.8299 14.7513 11.8435 11.1883 6.09416 8.0047 7.24067 6.45133 4.06182 5.32206 5.39218 8.68516 7.60414 6.26784 4.97052 3.84649 2.38153
internal_count=637 360 202 277 105 172 121 158 60 81 112 107 87 49 71 55 53 40 48 54 131 112 103 89 77 52
cat_boundaries=0 1 2
cat_threshold=2 2
is_linear=0
shrinkage=0.0675


Tree=36
num_leaves=26
num_cat=5
split_feature=29 45 21 38 46 61 26 33 33 48 48 62 59 59 63 40 35 0 48 32 50 50 15 48 36
split_gain=4.30705 4.30579 4.03014 3.87926 3.99924 3.49949 2.93384 2.39937 3.63229 2.66783 2.61096 2.36366 3.52068 2.27473 2.23645 1.25114 2.03882 1.08939 0.418451 0.133545 0.0763461 0.00439832 0.000925191 0.000285784 5.93403e-05
threshold=0 9.9949999000000016 1 86.849998500000012 18.384999000000004 35.049999000000007 2 30.851972011244687 26.901192575795758 13.365 11.135000000000003 1.2750000000000001 12.565000000000003 10.540000000000001 64.950001000000015 3 2.0382501000000004 70.500000000000014 19.570000500000003 185.50000000000003 7.1699998000000003 6.2449999000000007 4 14.030000000000003 156.50000000000003
decision_type=9 10 9 10 10 8 9 10 8 8 8 10 10 8 8 9 10 2 10 8 10 10 9 8 10
left_child=1 2 3 4 -1 7 17 8 10 -10 -4 13 -13 -5 -12 16 -15 -7 19 20 21 22 23 24 -17
right_child=-2 -3 5 11 -6 6 -8 -9 9 -11 14 12 -14 15 -16 18 -18 -19 -20 -21 -22 -23 -24 -25 -26
leaf_value=-0.042318167612903398 0.064846805833940466 0.070987437819701404 0.020570758876283932 0.0077728240264669513 0.055982657119808182 0.10393587593356485 -0.01115917020057659 -0.073055305684058741 -0.012270152627116919 0.073188428119582483 -0.012517861670324024 0.032050389619322071 -0.061493419127725296 0.0056614758091585397 -0.093467638890620139 -0.071070636404000992 -0.074879549709662555 0.044125133540532879 -0.0402148279670929 -0.099504236838832097 -0.090201125078360492 -0.076301736609071816 -0.073470754592149551 -0.072088993078757463 -0.070287445466405765
leaf_weight=3.1280810795724383 4.3066859096288672 3.2376529425382605 3.8859957046806892 2.6232433058321538 4.7477751262485981 2.875907536596058 2.6566728241741657 2.1265284679830065 2.7079508304595938 4.3189208246767521 3.3696682937443265 4.553112329915165 3.0686886161565781 2.831076946109528 2.8875485584139824 1.0473913289606573 2.8978158477693796 2.6809346079826355 1.3762303814291943 1.3861156925559051 1.4863382950425146 1.3824071213603017 1.2350173015147454 1.1870072819292543 0.76106266491115082
leaf_count=26 37 27 35 23 33 18 21 22 25 36 24 37 28 34 21 24 29 23 12 12 9 18 20 22 21
internal_value=-0.000508073 -0.00487461 -0.00888651 -0.0245313 0.0169402 0.0102849 0.0471857 -0.00542176 0.00295471 0.0402552 -0.0228858 -0.0371737 -0.00561221 -0.0503812 -0.0498742 -0.0601661 -0.0350782 0.0750798 -0.0747405 -0.0803402 -0.0765984 -0.0729963 -0.0719161 -0.0712752 -0.070741
internal_weight=68.7658 64.4591 61.2215 33.7114 7.87586 27.5101 8.21351 19.2966 17.1701 7.02687 10.1432 25.8355 7.6218 18.2137 6.25722 15.5905 5.72889 5.55684 9.86157 8.48534 7.09922 5.61289 4.23048 2.99546 1.80845
internal_count=637 600 573 348 59 225 62 163 141 61 80 289 65 224 45 201 63 41 138 126 114 105 87 67 45
cat_boundaries=0 1 2 3 4 5
cat_threshold=1 2 1 1 2
is_linear=0
shrinkage=0.0675


Tree=37
num_leaves=26
num_cat=3
split_feature=39 53 55 57 58 16 0 64 15 59 63 32 56 34 0 60 47 34 39 39 49 49 33 48 5
split_gain=4.03409 3.25335 3.12498 2.95359 2.64447 3.51487 2.58933 2.50118 4.89681 3.14569 3.9252 2.38912 2.23482 2.20632 2.20136 1.5528 1.27965 0.543985 0.182984 0.127587 0.0843266 0.0409856 0.031591 0.00263591 0.000323424
threshold=44.500000000000007 6.3750000000000009 4.5950000500000012 8.4949999000000016 5.9749999000000011 0 64.500000000000014 13.750000000000002 1 10.635000000000002 63.549999000000007 165.50000000000003 8.2049999000000025 1.9527500000000002 71.500000000000014 21.050000000000004 26.865001000000003 1.9234500000000001 64.500000000000014 35.500000000000007 6.9449999500000006 6.6250000000000009 30.453741468386692 5.0899999000000014 2
decision_type=10 8 10 10 8 9 2 8 9 10 8 10 10 8 2 8 10 10 10 10 10 10 8 10 9
left_child=4 15 11 6 5 -1 -4 9 -9 -8 13 -3 16 -11 -15 22 -6 -12 21 -18 -19 -13 23 24 -2
right_child=1 2 3 -5 12 -7 7 8 -10 10 17 18 -14 14 -16 -17 19 20 -20 -21 -22 -23 -24 -25 -26
leaf_value=-0.051508208780116402 -0.072649026889467574 0.0011024378799813447 0.057371563271120848 -0.060079036012302786 0.030345571755078196 0.042633044935247971 0.038006369580499057 -0.016323933942861562 0.086647606028394816 -0.048220513229604633 -0.04282273932229206 -0.073179732749499946 -0.013225309449277965 -0.017906606009324769 0.068976244379335208 -0.0047543788820392568 0.076312539819955033 -0.073387364310291067 -0.052702398048542973 0.097859553744262986 -0.093980926352554117 -0.088351212696289913 -0.086257619569796884 -0.075593325910773002 -0.070947390239450417
leaf_weight=3.6031851284205914 0.9686829037964344 3.6297407895326597 4.7264895550906685 2.8827555365860453 3.1457620635628682 3.6248525157570866 4.5732046663761201 4.3286980614066124 4.0945944152772409 2.3972309082746479 2.6261441577225932 1.6840549968183043 2.1171110719442359 2.4262232203036547 2.9373256713151932 1.9666220489889381 3.179632879793644 1.9120816215872767 1.6172670908272264 2.0654597133398056 1.7217307686805723 1.5654819309711454 1.1437011919915674 1.357373174279928 1.0722341351211069
leaf_count=32 18 25 38 25 22 33 35 33 27 23 28 29 21 23 20 21 39 32 22 13 10 11 10 21 26
internal_value=-0.000501454 -0.0103756 -0.00366163 0.00533934 0.0271299 -0.00429648 0.0112802 0.00321683 0.0337309 -0.0106064 -0.0264627 -0.0403438 0.048747 0.00561343 0.0296744 -0.0548592 0.0643833 -0.0662291 -0.0712551 0.0847975 -0.0831448 -0.0804887 -0.0765539 -0.0732882 -0.071755
internal_weight=67.3676 49.6316 43.123 34.6265 17.736 7.22804 31.7437 27.0172 8.42329 18.5939 14.0207 8.49654 10.508 7.76078 5.36355 6.50861 8.39085 6.25996 4.8668 5.24509 3.63381 3.24954 4.54199 3.39829 2.04092
internal_count=637 477 381 294 160 65 269 231 60 171 136 87 95 66 43 96 74 70 62 52 42 40 75 65 44
cat_boundaries=0 1 2 3
cat_threshold=2 2 4
is_linear=0
shrinkage=0.0675


Tree=38
num_leaves=28
num_cat=3
split_feature=45 59 36 53 38 33 38 44 37 5 26 36 16 54 55 61 61 54 56 63 36 48 47 61 50 0 51
split_gain=3.88719 4.28517 3.40254 3.11883 2.97955 2.57675 2.56414 2.83558 3.51401 3.07483 2.07949 2.05982 1.92085 1.89096 1.8338 1.34885 1.17751 0.956632 0.910432 0.909256 0.575274 0.468145 0.438877 0.12737 0.0410241 0.00279364 0.00054225
threshold=8.1150002500000031 13.750000000000002 183.50000000000003 7.2549999000000005 116.50000000000001 31.138224631807024 107.85000000000001 6.6949999500000006 77.500000000000014 0 1 163.50000000000003 2 4.7149999000000014 5.0050001000000011 9.9000001000000015 21.650000500000004 4.1949999500000006 7.2049999000000007 15.450000000000001 142.50000000000003 28.010000500000004 28.730000500000006 13.350000000000003 6.174999950000001 67.500000000000014 16.989999500000007
decision_type=10 10 8 8 10 10 10 10 10 9 9 10 9 8 10 10 8 10 8 10 10 10 8 10 10 2 10
left_child=1 2 3 15 12 6 7 8 10 -10 -5 18 13 -2 -4 -1 23 -17 -8 -9 -7 -14 -16 -3 25 -19 -27
right_child=4 16 14 5 -6 20 11 19 9 -11 -12 -13 21 -15 22 17 -18 24 -20 -21 -22 -23 -24 -25 -26 26 -28
leaf_value=0.018564197961325968 0.047925297224663765 -0.093721656882043772 -0.0046881617496937755 -0.080256058365706456 -0.039637290122620107 -0.081361332133669043 -0.018427678401135954 0.028143677423644042 -0.018644188330682997 0.080323869579729049 -0.0032090238087603903 0.014261078217580974 0.085348046814724687 -0.02566142081545162 0.044712063460744328 -0.018815926960038854 -0.015336223313434304 -0.076502563978877836 -0.082607893200032562 0.076894555156762773 -0.027275470168334526 0.046150128529002313 0.086916516168344712 -0.070600844683847183 -0.08814200469841775 -0.07339347911813672 -0.071167940420051395
leaf_weight=1.1239632889628399 3.8937167413532734 1.9046304468065489 2.5585240870714179 2.6083088889718065 2.3649059459567061 1.7942333817481988 1.6371119879186142 3.3102672994136801 2.4810926541686058 3.3773770444095135 4.1127315238118252 3.126228328794241 3.7361334785819036 2.6904824748635292 2.1375932283699512 1.7145184408873317 1.7644312325865028 1.2113584410399201 2.6166827939450741 3.6819991692900658 1.7898270040750501 2.2090464718639851 2.3643171228468418 2.5245126131922007 1.2993938401341436 1.1202144585549834 0.89921907708048809
leaf_count=11 28 19 19 33 16 20 22 19 27 24 35 29 31 17 19 23 20 18 35 22 22 25 22 30 10 20 21
internal_value=-0.000494144 -0.00932956 -0.00207915 -0.010093 0.0298535 -0.000581567 0.0065688 0.0193536 0.000198385 0.0384104 -0.0331095 -0.0273364 0.0429698 0.0178558 0.0409436 -0.0495083 -0.0619671 -0.0617604 -0.0579075 0.053815 -0.0543516 0.0707833 0.066877 -0.0805433 -0.0780134 -0.0739398 -0.0724025
internal_weight=66.0528 51.1585 44.965 37.9045 14.8943 30.5359 26.9518 19.5718 12.5795 5.85847 6.72104 7.38002 12.5294 6.5842 7.06043 7.36867 6.19357 6.2447 4.25379 6.99227 3.58406 5.94518 4.50191 4.42914 4.53019 3.23079 2.01943
internal_count=637 520 451 391 117 288 246 160 119 51 68 86 101 45 60 103 69 92 57 41 42 56 41 49 69 59 41
cat_boundaries=0 1 2 3
cat_threshold=2 1 2
is_linear=0
shrinkage=0.0675


Tree=39
num_leaves=28
num_cat=2
split_feature=34 53 47 59 48 55 57 62 62 15 62 39 49 51 0 34 56 39 55 50 58 38 46 45 15 54 53
split_gain=3.62275 4.32505 2.87178 2.85591 2.71604 3.27238 2.77999 2.19022 2.18916 1.78491 1.68529 1.5668 2.25856 2.52751 3.27988 1.33482 1.04059 0.852245 0.720554 0.0411745 0.0347585 0.0301613 0.00565672 0.00245749 0.00123564 0.000182721 0.00014767
threshold=1.4093499500000002 6.3750000000000009 38.854999500000005 10.885000000000003 7.7500000000000009 5.8450000500000012 6.8950000000000005 1.1050000000000002 0.97500002500000005 0 0.97500002500000005 71.500000000000014 7.2049999000000007 24.840000500000006 73.500000000000014 2.0693000500000003 7.6949999500000006 79.500000000000014 7.4300001000000009 6.3050000500000012 6.6600001000000004 90.500000000000014 21.475000500000004 5.0850000500000005 1 4.5450001000000011 4.5850000500000005
decision_type=10 8 10 8 10 8 10 8 10 9 10 8 10 8 2 10 8 10 10 10 10 10 10 10 9 8 8
left_child=8 15 3 9 5 -5 20 -8 -1 -3 -7 12 -4 -14 -15 19 -10 -13 -9 23 21 -6 24 -2 25 -23 -25
right_child=1 2 11 4 6 10 7 18 16 -11 -12 17 13 14 -16 -17 -18 -19 -20 -21 -22 22 -24 26 -26 -27 -28
leaf_value=-0.014093083641616733 -0.074860777414022833 -0.010391260123638533 0.04655993297195378 0.049695362761947103 -0.084315921632680035 0.015604972295955206 0.041458726600067115 -0.074123022214099651 0.033715056118545653 0.064288157206260729 -0.068993156513943027 0.080827918855411685 -0.050890552200407717 0.065363808469394949 -0.019269018298775784 -0.0050272202050922511 0.087364825547763328 0.022414840807838673 -0.010527272824093228 -0.085397966055809515 -0.064168969795700137 -0.070612993284647013 -0.077821360041088555 -0.071407575415163071 -0.074034811100329639 -0.071891572054578079 -0.070219966454714081
leaf_weight=2.5652828998863679 1.1275565568357699 2.9470263943076134 5.0994469374418321 3.7585631348192701 1.6819211766123752 1.7706099748611457 2.2066472135484219 1.8046250529587271 3.4425106905400753 2.8864564672112492 2.7227512840181589 2.3800524622201911 4.0196380876004669 3.420959860086441 5.3478910624980927 1.5534006487578151 3.1586085893213749 2.1807544901967049 1.4753894098103044 1.7167317532002924 1.2222900371998546 1.1289932169020178 1.0806518793106077 1.1220180001109834 1.0508940499275925 0.92774290218949307 0.82986256107687961
leaf_count=18 18 27 30 29 14 21 21 26 35 20 29 28 25 25 33 23 26 15 17 15 20 28 11 24 16 19 24
internal_value=-0.000488085 -0.00698499 -0.000207472 -0.0151839 -0.026874 0.00321892 -0.0466149 -0.0105367 0.0388225 0.0265607 -0.0356572 0.0175815 0.0085771 -0.00656866 0.0137485 -0.0594084 0.0593863 0.0528976 -0.0455169 -0.0770216 -0.0745245 -0.0766808 -0.0736147 -0.0723519 -0.0721518 -0.0711897 -0.0709027
internal_weight=64.6293 55.4629 49.1133 26.6646 20.8311 8.25192 12.5792 5.48666 9.1664 5.83348 4.49336 22.4487 17.8879 12.7885 8.76885 6.34957 6.60112 4.56081 3.28001 4.79617 7.09249 5.8702 4.18828 3.07944 3.10763 2.05674 1.95188
internal_count=637 558 454 298 251 79 172 64 79 47 50 156 113 83 58 104 61 43 43 81 108 88 74 66 63 47 48
cat_boundaries=0 1 2
cat_threshold=2 2
is_linear=0
shrinkage=0.0675


Tree=40
num_leaves=26
num_cat=4
split_feature=29 45 21 38 46 61 26 0 31 39 38 44 61 57 31 0 63 48 44 55 46 53 15 62 31
split_gain=3.4235 3.54838 3.11488 3.18734 3.08838 2.93276 2.47756 2.08705 2.59456 2.03097 1.85109 1.76397 2.09028 1.10082 1.20568 0.850459 0.346214 1.00546 0.0815597 0.055385 0.0166402 0.00862974 0.00133517 0.000618729 0.00021509
threshold=0 9.9949999000000016 1 86.849998500000012 18.384999000000004 35.049999000000007 2 81.500000000000014 102.50000000000001 79.500000000000014 114.15000000000002 6.6949999500000006 11.850000000000003 6.7249999000000011 84.500000000000014 72.500000000000014 141.29999500000002 13.795000000000002 7.5550000500000012 6.315000050000001 21.684999500000004 5.4649999000000014 3 1.1950000500000002 74.500000000000014
decision_type=9 10 9 10 10 8 9 2 8 8 10 8 10 10 10 2 10 10 10 10 10 8 9 10 8
left_child=1 2 3 4 -1 9 15 8 13 10 11 12 -4 16 -15 -7 18 21 20 -14 22 -18 23 24 -5
right_child=-2 -3 5 7 -6 6 -8 -9 -10 -11 -12 -13 19 14 -16 -17 17 -19 -20 -21 -22 -23 -24 -25 -26
leaf_value=-0.0379671425696958 0.060882832218050735 0.068214718940347904 0.02416283721295218 -0.071426004957749312 0.051274949737523133 0.095782402514183157 -0.010642342941477048 0.020392205192941406 0.0015214045422920117 0.040278646467815558 -0.065542405422977096 0.017639930321455576 -0.077278089692790874 -0.0059752879097242102 -0.066079823082726738 0.040843276749014584 -0.071641251025046634 0.0044237861199145859 -0.093309221450141852 -0.059188208460137975 -0.081070863130372317 -0.079810544732894645 -0.074092829073970773 -0.073005573368046334 -0.069998301568414301
leaf_weight=2.9201476834714439 3.8872834518551818 2.9077081233263007 1.6968138758093161 1.0011431034654379 4.4736356399953365 2.8191358111798754 2.5388669110834599 2.7593988534063092 4.7871916387230149 3.4945146590471259 2.874517858028411 6.6237280406057844 1.6842004302889111 3.4178388919681302 2.7394491396844387 2.3572743684053421 1.1596140917390592 1.0200359113514421 1.3033321052789686 1.4223878774791954 1.2880038581788538 1.1976564805954693 1.2006176803261133 0.76865283027291287 0.92500753886997711
leaf_count=26 37 27 12 22 33 20 21 22 39 39 31 38 24 38 30 21 28 16 8 19 10 16 18 14 28
internal_value=-0.000485772 -0.00450318 -0.0082473 -0.0226372 0.0160291 0.00921688 0.0439755 -0.0347677 -0.0420824 -0.00585221 -0.017124 -0.00494424 -0.036087 -0.0551112 -0.0327165 0.0707638 -0.0690903 -0.0515646 -0.0782151 -0.0689954 -0.0744198 -0.0757918 -0.0722206 -0.0713865 -0.0707404
internal_weight=63.2682 59.3809 56.4732 30.9617 7.39378 25.5114 7.71528 23.5679 20.8085 17.7962 14.3016 11.4271 4.8034 16.0214 6.15729 5.17641 9.86406 3.37731 6.48676 3.10659 5.18343 2.35727 3.89542 2.6948 1.92615
internal_count=637 600 573 348 59 225 62 289 267 163 124 93 55 228 68 41 160 60 100 43 92 44 82 64 50
cat_boundaries=0 1 2 3 4
cat_threshold=1 2 1 2
is_linear=0
shrinkage=0.0675


Tree=41
num_leaves=27
num_cat=2
split_feature=34 53 62 45 13 14 56 61 54 53 57 57 33 63 60 48 58 34 45 39 59 60 63 50 45 53
split_gain=3.0823 3.28106 3.26232 2.43361 2.44151 2.49032 2.68635 2.48474 3.03932 2.43696 2.36909 2.93064 2.30143 2.25954 1.71864 1.6165 1.5652 1.28541 1.02596 0.397482 0.368743 0.328865 0.0465263 0.0331312 0.0017034 0.00013347
threshold=1.6225000000000003 6.3750000000000009 0.97500002500000005 9.9949999000000016 0 1 8.5349998500000002 35.700001000000007 5.2550001000000011 27.585000000000004 7.1550000000000011 8.4949999000000016 27.775488535492226 185.44999500000003 16.849999500000003 7.8450000500000003 5.8399999000000014 2.0693000500000003 7.2349999000000009 60.500000000000007 10.735000000000001 21.050000000000004 46.850000500000007 6.3050000500000012 5.0850000500000005 4.5850000500000005
decision_type=10 8 10 10 9 9 10 10 8 8 8 10 10 10 10 10 8 10 8 10 10 8 8 10 10 10
left_child=2 17 -1 4 -3 6 7 8 9 10 13 14 -11 15 -12 -6 -4 23 -7 -8 -18 22 -17 24 -2 -26
right_child=1 3 16 -5 5 18 19 -9 -10 12 11 -13 -14 -15 -16 21 20 -19 -20 -21 -22 -23 -24 -25 25 -27
leaf_value=-0.021682774659249938 -0.074132424402499619 0.060463978270268913 0.017721524464062718 0.065057605322806758 0.011832266731588149 0.0078960594913618006 -0.081535728082581443 0.065031983567966967 -0.094937369308673067 -0.0070822743802317744 -0.0050602067688975379 -0.057248115957039013 0.064446215951387081 0.019501815217343052 0.07147687867685025 -0.08392105088352296 0.095772659860428294 -0.0034676634370004161 0.071225853626794344 -0.039620546286963598 0.059112538855043667 -0.045325248398081913 -0.070599557874592711 -0.084586024287378395 -0.071071848617488997 -0.069846080700424001
leaf_weight=3.8065214417874804 0.95943798497319166 2.4092677999287844 3.3028234206140015 2.3520121127367011 1.2600641679018858 2.5745156798511735 2.6731121707707635 1.950632620602845 1.9550796765834082 5.0228198729455453 2.6106275282800189 2.2809055205434561 3.4621932171285152 2.1202259864658108 2.7394660171121359 3.5333155076950788 2.521665398031474 1.5097112879157064 2.1296679973602295 1.6778302546590564 2.4790805913507938 1.6996948197484014 1.8046561889350412 1.4475146327167747 0.97317763231694676 0.69292015768587589
leaf_count=29 17 19 31 20 16 26 30 17 23 34 26 22 31 24 18 38 17 23 15 19 30 20 32 14 23 23
internal_value=-0.000483207 -0.00790509 0.0300614 -0.00175382 -0.00550384 -0.00952802 -0.0157607 -0.00866936 -0.0137157 -0.00773107 -0.0217568 0.00681701 0.0221039 -0.0426868 0.0341299 -0.0585771 0.053782 -0.0566679 0.0365666 -0.0653722 0.0775987 -0.0711836 -0.0794173 -0.076387 -0.0718668 -0.0705621
internal_weight=61.9489 49.8388 12.1101 44.2561 41.9041 39.4948 34.7906 30.4397 28.489 26.534 18.049 7.631 8.48501 10.418 5.35009 8.29773 8.30357 5.58276 4.70418 4.35094 5.00075 7.03767 5.33797 4.07305 2.62554 1.6661
internal_count=637 530 107 430 410 391 350 301 284 261 196 66 65 130 44 106 78 100 41 49 47 90 70 77 63 46
cat_boundaries=0 1 2
cat_threshold=2 1
is_linear=0
shrinkage=0.0675


Tree=42
num_leaves=28
num_cat=3
split_feature=39 56 45 46 21 44 34 34 34 53 55 53 7 58 54 45 46 53 60 21 39 62 34 39 59 0 57
split_gain=3.05881 2.33059 2.90195 2.33039 3.0315 2.71896 2.41917 2.06363 2.23664 1.72684 1.72278 1.93439 2.39766 4.03338 1.6635 1.3282 1.2934 1.20656 1.05894 0.806552 0.647558 0.195482 0.102824 0.0674272 0.0012085 0.000130798 6.24622e-05
threshold=44.500000000000007 7.1549999500000006 7.6099999000000009 18.329999500000003 0 5.0450001000000011 1.6225000000000003 1.8388000000000002 1.8695500000000003 13.450000000000001 8.2600002500000027 29.054999000000006 1 5.924999950000001 4.6649999500000012 5.5750000500000008 19.430000500000002 8.9900002500000031 17.550000000000004 2 57.500000000000007 1.2550000000000001 1.6560000000000004 35.500000000000007 11.360000000000001 74.500000000000014 6.6150000000000011
decision_type=10 10 10 10 9 10 10 10 10 10 10 10 9 10 10 10 10 10 10 9 10 10 10 10 8 2 8
left_child=1 15 16 4 5 -2 -5 9 -9 -8 11 12 20 14 -14 -1 -3 -15 21 -17 -10 22 -6 -21 -24 26 -26
right_child=3 2 -4 6 18 -7 7 8 10 -11 -12 -13 13 17 -16 19 -18 -19 -20 23 -22 -23 24 -25 25 -27 -28
leaf_value=0.0051151797975018129 0.05261834415831812 -0.00052721748977072253 0.066282014410652734 0.051703249666419683 -0.09238176589439423 -0.047378129679210929 -0.0074525810677924737 0.063868446467828785 -0.085239561594821878 -0.087681394619771078 0.048976298145385344 0.033227512635803438 -0.0017046822970780864 -0.013366132077702056 0.071808264298016039 0.0326299908031569 -0.072403618145504195 -0.083160538975973475 -0.012719591756167223 0.073003752716060064 -0.03608038722314829 -0.047076120365196254 -0.073226175083992345 0.090263712840705265 -0.069777864483822116 -0.071332934795125202 -0.070646857607972374
leaf_weight=2.5544461235403997 2.7581336833536607 2.384113358333706 1.7992011383175848 3.6987055949866798 1.5447526089847068 2.2492346912622452 2.5310959760099676 2.3902143668383387 2.512989291921258 2.3640442565083504 2.3824443221092215 3.4961712285876265 2.8506346028298193 2.087985273450613 2.7608172111213207 2.5950571112334728 2.1871517822146416 2.4559355713427067 1.7445369586348531 2.374151386320591 2.3744996059685946 1.154020784422755 1.2577614150941374 1.8231674656271932 0.67514329776167881 0.78942643851041783 0.85305046103894722
leaf_count=19 20 23 27 25 13 36 26 18 20 20 17 25 29 18 21 26 19 26 29 34 27 21 23 12 23 19 21
internal_value=-0.000481633 0.0251488 -0.00633548 -0.00944728 -0.0335058 0.00770143 0.000375068 -0.00635549 0.0020109 -0.046198 -0.00505613 -0.0119998 -0.0225113 -0.00381622 0.0344635 0.0466074 -0.034917 -0.0510892 -0.0592381 0.0622116 -0.0613565 -0.0721726 -0.0778291 0.0805009 -0.0715416 -0.0706274 -0.0702629
internal_weight=60.6489 15.7173 6.37047 44.9316 13.0261 5.00737 31.9055 28.2068 23.3117 4.89514 20.9215 18.539 15.0429 10.1554 5.61145 9.34682 4.57127 4.54392 8.01869 6.79238 4.88749 6.27416 5.12013 4.19732 3.57538 2.31762 1.52819
internal_count=637 160 69 477 205 56 272 247 201 46 183 166 141 94 50 91 42 44 149 72 47 120 99 46 86 63 44
cat_boundaries=0 1 2 3
cat_threshold=1 2 2
is_linear=0
shrinkage=0.0675


Tree=43
num_leaves=28
num_cat=1
split_feature=38 15 38 49 56 61 55 31 63 32 34 50 59 59 54 36 39 49 45 44 48 52 34 55 35 59 47
split_gain=3.05572 2.7736 2.72424 4.29419 3.01104 2.67597 2.4681 2.4617 3.58729 2.34389 2.19647 2.05757 2.12895 2.48877 2.0316 1.84222 1.72257 1.82068 1.61015 0.70026 0.665734 0.206822 0.257865 0.00701052 0.00345392 0.00157026 0.000177302
threshold=104.50000000000001 0 102.15000000000002 5.3450000500000012 8.4149999500000003 32.699998500000007 7.3700001000000013 74.500000000000014 41.500000000000007 171.50000000000003 2.2228499500000001 7.8950000000000005 12.975000000000003 11.855000000000002 4.6350000000000007 151.50000000000003 84.500000000000014 7.9649999000000014 7.7550001000000011 6.3650000000000011 3.4750000000000005 37.075001000000007 2.1568000500000006 4.9549999000000007 2.1073500000000007 11.275 26.700000000000006
decision_type=10 9 8 8 8 8 10 8 10 10 8 10 10 8 10 10 10 8 8 8 10 10 10 10 8 10 8
left_child=2 16 3 20 5 6 11 -4 19 -6 -10 12 13 -5 15 -3 17 21 -17 -9 -1 22 24 -22 25 -2 -27
right_child=1 14 7 4 9 -7 -8 8 10 -11 -12 -13 -14 -15 -16 18 -18 -19 -20 -21 23 -23 -24 -25 -26 26 -28
leaf_value=-0.014347663686188766 -0.073650494168729388 0.033719139315921638 0.097930693195453944 -0.058781099460919084 0.018980758653709434 0.082552646669415669 0.059385089965619482 0.033335696942269601 -0.078757115029202879 -0.061794525271853869 0.019732692853530118 0.047247824846765728 -0.080885235947542877 0.038101389351339242 0.044175467434493076 -0.078526612956530406 0.012929624943998953 0.0085869295968133853 0.0042128601581173835 0.089307051826192335 -0.078654939853611577 -0.091768758667785513 -0.032427794289434597 -0.072508971897508712 -0.076756505678818171 -0.070207605072850746 -0.071542408156267473
leaf_weight=1.0765012800693536 1.4063400924205756 2.0558891482651234 2.5078263618051979 1.9814505241811327 2.8653546608984461 3.1447589285671702 3.8213227689266196 1.7463578507304189 1.7964530065655706 3.8173426445573568 2.4234772156924009 2.5623233541846275 2.0733128022402525 3.0953436344861984 3.6165829040110111 2.545148266479373 1.8558088168501861 1.5046553835272796 1.8510103188455103 2.4433462731540203 1.4806405026465657 1.9706238545477388 0.86465617269277562 1.971704142168164 0.84521188028156746 1.2445952221751209 0.71324033848941337
leaf_count=8 22 17 18 21 24 24 27 20 16 35 30 19 28 28 32 35 21 14 14 33 18 13 15 39 13 38 15
internal_value=-0.000480008 -0.0215789 0.0106512 -0.000538143 0.0111237 0.0264632 0.01343 0.0392358 0.0217325 -0.0271603 -0.0221951 -0.00465086 -0.0232494 0.000288578 0.00367709 -0.0190236 -0.0460182 -0.0588141 -0.043689 0.065977 -0.0606934 -0.0732101 -0.0660024 -0.0751449 -0.072899 -0.0719298 -0.0706939
internal_weight=59.2813 20.4738 38.8075 27.8901 23.3612 16.6785 13.5338 10.9175 8.40963 6.6827 4.21993 9.71243 7.15011 5.07679 10.0686 6.45205 10.4051 8.54932 4.39616 4.1897 4.52885 7.04467 5.07404 3.45234 4.20939 3.36418 1.95784
internal_count=637 249 388 271 206 147 123 117 99 59 46 96 77 49 98 66 151 130 49 53 65 116 103 57 88 75 53
cat_boundaries=0 1
cat_threshold=2
is_linear=0
shrinkage=0.0675


Tree=44
num_leaves=27
num_cat=4
split_feature=29 45 38 56 36 38 60 54 15 61 55 54 33 54 64 58 54 39 5 54 21 47 54 47 59 50
split_gain=2.75458 2.65679 2.23519 2.79785 2.52083 2.8494 3.69822 2.42692 2.35146 2.3316 2.61329 2.39264 1.75437 1.69352 1.72443 1.05102 0.944777 0.905976 0.443549 0.290262 0.38096 0.081676 0.0275039 0.00478209 0.00170952 0.000167942
threshold=0 9.9949999000000016 104.50000000000001 7.2249999000000011 140.50000000000003 96.150001500000016 15.15 3.9850000000000008 1 37.200001000000007 7.3700001000000013 4.2650001000000008 37.99005150264265 4.6450000000000005 9.5500002000000013 5.3050000500000012 4.2149999000000014 44.500000000000007 2 4.8350000500000005 3 50.244999000000007 4.3850000000000007 35.835001000000013 11.275 5.6150000000000011
decision_type=9 10 10 8 8 10 8 8 9 8 10 10 8 10 8 8 8 8 9 10 9 10 10 10 10 8
left_child=1 2 3 4 5 6 -1 -5 12 10 17 -11 16 14 18 -6 -4 -9 -10 20 -19 23 -22 24 -18 -26
right_child=-2 -3 8 7 15 -7 -8 9 13 11 -12 -13 -14 -15 -16 -17 21 19 -20 -21 22 -23 -24 -25 25 -27
leaf_value=-0.033766057633817688 0.057135958990864662 0.063632019685441354 -0.024902077426332336 0.050490055985077553 0.024323200629641061 -0.062338470533968481 0.065167941117958095 -0.025058977587733705 -0.029828624452431896 -0.039922426573406528 0.024642537667877586 0.04856476709268584 0.022216428013906827 0.038144792195697004 0.020275842708406842 0.081074793769625508 -0.073576173103203024 -0.036445950928211554 -0.078144658007957959 -0.099074210135415702 -0.086446710027363718 -0.092636650565505421 -0.073204273543791873 -0.076937701048744145 -0.069862415602136213 -0.071126380942593034
leaf_weight=2.9831653386354411 3.5480467379093161 2.5054887309670439 2.161103816702961 2.2413943056017187 2.5445599034428605 2.3613715525716543 4.0704860799014568 2.317673649638885 1.7293185759335756 2.458565942943097 2.0367264840751895 3.2101888135075569 1.2857454419136054 3.1054628193378448 2.4173114877194166 3.5768743921071291 1.4044304490089419 1.3793583754450121 1.733480054885149 1.6333222761750219 1.388786979019639 1.2450287118554113 1.4720592014491556 1.0910161212086675 0.98593266028910842 0.93144710920751106
leaf_count=29 37 27 38 20 26 28 34 23 16 20 22 30 7 27 22 34 24 19 24 14 13 7 28 12 34 22
internal_value=-0.000485596 -0.00425274 -0.00753846 0.00274207 0.0237646 0.0018408 0.0233263 -0.0152651 -0.0266754 -0.0245364 -0.0437819 0.0101874 -0.0508517 -0.00217851 -0.0234745 0.0574843 -0.062867 -0.0607955 -0.0540157 -0.0748969 -0.0655839 -0.0773682 -0.0796328 -0.0730604 -0.071787 -0.0704764
internal_weight=57.8183 54.2703 51.7648 33.6745 15.5365 9.41502 7.05365 18.1381 18.0903 15.8967 10.2279 5.66875 9.1047 8.98557 5.88011 6.12143 7.81896 8.1912 3.4628 5.87353 4.2402 5.65786 2.86085 4.41283 3.32181 1.91738
internal_count=637 600 573 340 151 91 63 189 233 169 119 50 144 89 62 60 137 97 40 74 60 99 41 92 80 56
cat_boundaries=0 1 2 3 4
cat_threshold=1 2 4 1
is_linear=0
shrinkage=0.0675


Tree=45
num_leaves=29
num_cat=1
split_feature=38 38 49 15 56 35 31 63 61 45 59 36 53 34 58 55 39 49 54 45 51 61 34 47 34 33 59 33
split_gain=2.47891 2.35257 3.77738 2.32288 2.24783 2.62038 2.15184 3.04723 2.0556 2.27235 2.37322 2.1053 1.96205 1.93404 1.84257 2.49812 1.58251 1.69707 1.27434 1.00032 0.805967 0.770924 0.219258 0.0696121 0.00906187 0.00247088 0.000804988 0.00011653
threshold=104.50000000000001 102.15000000000002 5.1150000000000011 0 8.4149999500000003 1.7909500000000003 74.500000000000014 41.500000000000007 32.699998500000007 8.570000150000002 13.365 119.50000000000001 20.510000000000002 2.2228499500000001 6.1949999500000006 5.0450001000000011 84.500000000000014 7.9649999000000014 4.3350000500000005 7.2500000000000009 19.719999500000004 12.250000000000002 2.1389999500000001 39.779998500000012 1.6916000000000002 29.409776349696184 11.310000000000002 24.165213854726904
decision_type=10 8 8 9 8 10 8 10 8 10 10 8 8 8 10 10 8 8 10 10 8 10 10 10 10 8 10 10
left_child=1 2 24 16 8 -6 -3 20 9 10 11 -4 18 -9 15 -5 17 22 -13 -16 -8 -7 23 25 -1 26 -2 -28
right_child=3 6 4 14 5 21 7 13 -10 -11 -12 12 -14 -15 19 -17 -18 -19 -20 -21 -22 -23 -24 -25 -26 -27 27 -29
leaf_value=-0.081810912998504459 -0.072640961774388002 0.093412123198930511 0.06193103384111795 -0.030944360006466016 0.035957961580541167 -0.022381456238649605 0.025007029734543405 -0.075032832290727353 0.069605759887326146 0.069811508282883433 -0.063192569221317746 0.0062133455497105231 0.039639025102529403 0.019189520481441562 -0.064198908368714044 0.063749218593624035 0.013263233479078308 0.0089400064267900255 -0.069950430152205478 0.00095206376034249422 0.087326375258916539 -0.077619221828334514 -0.044761795573118983 -0.089072623818070309 -0.073790019917920585 -0.07549744972495008 -0.070983523901964232 -0.069852170361008561
leaf_weight=1.0727810710668593 1.1550342012196777 2.3767874129116509 2.7687557451427027 1.9984894245862959 2.187633365392684 2.0415187142789364 1.5705831404775383 1.7227115277200935 3.1843566186726084 2.3669675439596167 2.3590420614927998 1.7654797751456506 2.4321783035993576 2.3419529478996992 2.0337265133857727 3.4791032467037439 1.8243521209806211 1.4687177445739505 2.3112222515046597 2.274771798402071 2.3758994769304991 2.6396694611757994 1.1469071861356495 1.6011097133159635 1.5973625164479015 0.8064511464908718 0.71959728840738513 0.97934739291667938
leaf_count=10 21 18 22 23 17 21 18 16 27 20 29 19 16 30 29 29 21 14 33 17 35 26 19 11 31 14 18 33
internal_value=-0.00048499 0.0097508 -0.000843949 -0.0199794 0.00761025 -0.0250288 0.0370099 0.0202762 0.0206538 0.00952233 -0.00274084 0.0126303 -0.00834126 -0.0207444 0.00322405 0.0292004 -0.0433852 -0.056505 -0.0369665 -0.0298009 0.0625251 -0.0535294 -0.071504 -0.0773332 -0.0770126 -0.0721983 -0.0712661 -0.0703314
internal_weight=56.6025 37.1149 26.727 19.4876 24.0568 6.86882 10.3879 8.01115 17.188 14.0036 11.6367 9.27764 6.50888 4.06466 9.78609 5.47759 9.70152 7.87716 4.0767 4.3085 3.94648 4.68119 6.40845 5.26154 2.67014 3.66043 2.85398 1.69894
internal_count=637 388 271 249 230 64 117 99 166 139 119 90 68 46 98 52 151 130 52 46 53 47 116 97 41 86 72 51
cat_boundaries=0 1
cat_threshold=2
is_linear=0
shrinkage=0.0675


Tree=46
num_leaves=28
num_cat=2
split_feature=29 45 59 34 38 38 44 34 55 54 0 57 59 50 37 45 5 36 39 54 61 36 39 58 46 59 33
split_gain=2.37066 2.50727 2.40786 2.31632 2.22315 3.01783 2.66216 2.14357 2.10755 1.99866 3.24299 1.87448 1.56456 1.60994 2.13752 1.66757 1.20641 1.08875 0.759487 0.480598 0.184907 0.112837 0.0403055 0.00933062 0.0017905 0.000193392 0.000124947
threshold=0 7.2500000000000009 13.145000000000001 2.3362500500000007 104.50000000000001 102.15000000000002 5.2149999000000014 1.48795005 4.9149999500000012 4.6649999500000012 69.500000000000014 6.2149999000000014 10.790000000000001 8.6199999000000016 79.500000000000014 7.5250001000000006 1 151.50000000000003 52.500000000000007 4.4749999000000011 13.250000000000002 149.50000000000003 59.500000000000007 8.3400001500000034 19.005000000000006 11.195000000000002 24.339619002553565
decision_type=9 10 10 8 10 8 8 10 8 10 2 10 10 10 10 10 9 8 8 10 8 8 8 10 10 8 10
left_child=1 2 4 12 5 6 -1 -6 -8 23 -11 19 -3 15 -15 -14 -13 -17 -4 -10 -20 -22 -5 24 25 -9 -27
right_child=-2 3 18 22 7 -7 8 9 11 10 -12 16 13 14 -16 17 -18 -19 20 -21 21 -23 -24 -25 -26 26 -28
leaf_value=-0.076692569177173389 0.054163538555740166 0.055475257065881578 -0.013621853388582241 0.081172170271787469 0.040545748119024824 0.050879247746699413 0.059394194870380126 -0.071598021104703147 -0.027671698916098546 0.067449916890359105 -0.073621847212212307 -0.023918229738693505 0.026734857764878786 0.07793292654180127 -0.010334000351636497 -0.052423469610732285 0.04812194545597713 0.0021121780010955782 -0.093955408186227343 -0.079883006270839829 -0.077300351213798482 -0.04368450870898917 0.06462194886607027 -0.079150207715951201 -0.07352295577807251 -0.070948403339038651 -0.069802172548702343
leaf_weight=2.326804194599398 3.3944824244827023 2.4586251974105897 1.1438218560069788 1.3169741146266454 1.4761880412697781 4.9216857589781275 2.3479270078241816 0.73698452115058755 1.6682958193123352 1.4714523237198593 1.4986389856785534 1.9403525497764349 2.7921217530965787 2.2381962090730658 2.8313505128026009 5.0312929265201092 2.3321477454155684 2.495060857385397 1.5939237959682944 1.5491849835962055 1.0390282422304149 0.8093482293188573 1.3656955305486915 0.97695543989539135 1.6901321560144422 0.76169119868427504 1.0050275688990948
leaf_count=35 37 18 18 13 8 37 19 16 24 13 29 23 20 24 20 37 21 24 21 18 19 22 27 14 27 19 34
internal_value=-0.000484333 -0.00406413 -0.0160909 0.0142663 -0.00833092 0.00628078 -0.0117632 -0.0342911 0.00359353 -0.0478613 -0.00373161 -0.0138986 0.00547565 -0.00251305 0.0286357 -0.0178167 0.015405 -0.0343444 -0.0612744 -0.0528109 -0.0771086 -0.062581 0.0727468 -0.0732094 -0.0718254 -0.0706795 -0.0702964
internal_weight=55.2134 51.8189 31.2896 20.5293 26.7035 17.0864 12.1647 9.61707 9.83791 8.14088 2.97009 7.48998 17.8466 15.388 5.06955 10.3185 4.2725 7.52635 4.58612 3.21748 3.4423 1.84838 2.68267 5.17079 4.19384 2.5037 1.76672
internal_count=637 600 417 183 337 177 140 160 105 152 42 86 143 125 44 81 44 61 80 42 62 41 40 110 96 69 53
cat_boundaries=0 1 2
cat_threshold=1 2
is_linear=0
shrinkage=0.0675


Tree=47
num_leaves=27
num_cat=3
split_feature=53 36 46 21 34 39 60 34 34 58 51 56 5 62 53 54 21 56 63 63 39 34 48 45 37 62
split_gain=2.24353 2.41901 1.93019 2.871 2.50809 2.34901 2.03003 1.85083 2.09026 1.79064 1.58878 2.26852 1.72512 1.54468 1.14749 0.836931 0.684858 0.46266 0.43704 0.238724 0.0895167 0.0356355 0.0170334 0.00899516 0.00161798 0.000383167
threshold=6.3750000000000009 126.50000000000001 18.290000000000003 0 1.6225000000000003 35.500000000000007 17.550000000000004 1.8388000000000002 1.8695500000000003 6.1949999500000006 24.965000500000006 7.2249999000000011 1 1.0150000000000003 13.450000000000001 4.7650001000000008 2 8.4250002000000013 1.0000000180025095e-35 109.25000000000001 50.500000000000007 1.48795005 29.384999000000004 7.2349999000000009 70.500000000000014 1.0950000000000004
decision_type=8 10 10 9 10 10 10 10 10 8 10 8 9 10 10 10 9 8 8 10 10 10 8 10 10 10
left_child=1 -1 3 6 16 -6 18 14 -9 -5 11 13 22 -10 -7 -12 -4 21 -2 20 -20 -3 -13 25 -22 -23
right_child=2 17 4 9 5 7 -8 8 10 -11 15 12 -14 -15 -16 -17 -18 -19 19 -21 24 23 -24 -25 -26 -27
leaf_value=0.022204703426477661 -0.024964873852461843 -0.089847721598866878 0.032606804835176195 0.064947785435773231 0.074723942106868044 -0.0060304302568808124 0.016632650122799374 0.068734034830092217 0.061617946496426969 -0.013840402841543805 0.04723670592506083 -0.074240256111601483 -0.011393645165625771 -0.0093342189166492062 -0.07330382185450024 9.9943033026469893e-05 0.080542736748194579 -0.024224556414079015 -0.094494288737671267 -0.047881311868931249 -0.07458276457327101 -0.069465020004040159 -0.084647706810804996 -0.079154429712603933 -0.070496442042534149 -0.071373832061916762
leaf_weight=2.1280115116387597 1.0121332127600906 0.71923737227916751 2.9080783016979685 2.299939511343835 2.0515734981745508 2.3516499269753721 1.8400342054665086 2.3039829432964352 2.2582614440470943 3.0668308958411217 3.9577353224158278 1.4832873996347191 4.2088320553302774 3.6700654923915863 2.270718427374959 3.030305702239275 2.5475661605596542 0.9892707522958516 1.628707589581609 1.1840985296294091 0.88932704925537087 0.77030054479837495 1.386034559458494 0.78551294654607762 0.87670344766229391 1.2676741704344747
leaf_count=23 15 4 37 24 33 23 23 17 17 37 32 28 36 36 21 22 26 21 13 26 14 31 12 7 27 32
internal_value=-0.000485785 -0.037162 0.00468646 -0.0176957 0.0130065 0.00510061 -0.0448655 -0.000205213 0.00785296 0.0199244 0.000837592 -0.0131093 -0.0389082 0.0176934 -0.0390782 0.0267962 0.054991 -0.0650378 -0.0651051 -0.0739779 -0.0830805 -0.0764345 -0.0792676 -0.0730177 -0.0725542 -0.0706524
internal_weight=53.8859 6.66001 47.2259 12.7978 34.4281 28.9724 7.431 26.9209 22.2985 5.36677 19.9945 13.0065 7.07815 5.92833 4.62237 6.98804 5.45564 4.532 5.59097 4.57884 3.39474 3.54273 2.86932 2.82349 1.76603 2.03797
internal_count=637 118 519 179 340 277 118 244 200 61 183 129 76 53 44 54 63 95 95 80 54 74 40 70 41 63
cat_boundaries=0 1 2 3
cat_threshold=2 2 1
is_linear=0
shrinkage=0.0675


Tree=48
num_leaves=27
num_cat=1
split_feature=53 15 58 0 55 33 56 34 62 62 38 54 45 50 53 34 35 55 60 59 35 44 31 37 61 63
split_gain=2.1022 2.6704 2.83196 2.35746 2.54261 2.08062 2.89913 2.31897 1.94116 1.73058 1.66936 1.63626 2.20278 1.65645 1.43467 1.40056 1.23958 0.718522 0.559841 0.49137 0.267292 0.103358 0.0318385 0.00253897 0.000333682 7.43213e-05
threshold=27.585000000000004 0 6.4349999500000008 82.500000000000014 8.2899999500000003 28.840281899297949 5.7400000000000011 1.9853500000000002 1.4450000500000002 1.3049999500000002 94.500000000000014 4.8050000500000012 6.0850000500000005 6.2449999000000007 7.8700001000000013 1.8695500000000003 2.0725000000000002 5.8850000000000007 14.850000000000003 10.735000000000001 2.1923001000000002 7.7349999000000009 132.50000000000003 66.500000000000014 31.750000000000004 73.000000000000014
decision_type=8 9 10 2 10 8 10 10 8 8 8 8 8 10 10 10 8 10 8 8 8 10 8 10 8 10
left_child=1 3 9 4 11 6 -2 -8 20 10 -3 12 19 -14 -12 -4 -15 -16 -17 -1 -7 -13 23 -21 25 -25
right_child=5 2 15 -5 -6 8 7 -9 -10 -11 14 21 13 16 17 18 -18 -19 -20 22 -22 -23 -24 24 -26 -27
leaf_value=-0.030066772396650333 -0.052511840406317248 -0.049673047076945989 0.016492316489896488 0.046278886207164013 0.048923116614839106 0.053888595424597764 0.063315813300946128 -0.01715105655429805 -0.0017546220813747862 0.067094217457858318 -0.022860770076701079 -0.074261623492863277 0.057615805539737386 -0.053914654439145185 0.021712346960732046 -0.02178340250020034 0.011300802004050196 0.078622745439825628 -0.074578998461555343 -0.074985012043689875 0.087509522395224165 -0.098504714257399151 -0.085524594947204491 -0.070283111207022311 -0.071537420523224732 -0.06940850365434019
leaf_weight=1.5549962371587778 3.2641154006123561 1.6234873216599233 2.0557219125330439 1.8122337404638518 1.5134633015841235 1.8002665396779765 3.4594451747834682 3.0887680500745773 2.3475360479205847 3.7476651072502145 1.7745046559721229 1.7121288962662231 1.4753628131002194 2.8197805862873793 2.0377120785415173 1.5599733609706166 2.5100124459713697 2.0057350061833858 2.2137640975415707 0.69276825524866614 2.6831735279411077 1.506125174462795 0.92967723309993733 0.92845957167446636 0.78507011011242855 0.8461011741310358
leaf_count=22 38 22 19 17 20 23 26 24 26 30 24 39 15 35 23 19 25 19 33 12 29 9 6 28 18 36
internal_value=-0.000478762 -0.00962779 0.00981271 -0.0269623 -0.0346461 0.0193685 -0.000544494 0.0253599 0.0479724 0.0296875 0.0108487 -0.0426712 -0.0316541 -0.00568071 0.0277371 -0.0283351 -0.0232021 0.0499425 -0.0527546 -0.062463 0.0740095 -0.0856073 -0.0745087 -0.0713599 -0.0703787 -0.0698661
internal_weight=52.748 36.1047 17.0186 19.0862 17.2739 16.6433 9.81233 6.54821 6.83098 11.1891 7.44144 15.7605 12.5422 6.80516 5.81795 5.82946 5.32979 4.04345 3.77374 5.73707 4.48344 3.21825 4.18208 3.2524 2.55963 1.77456
internal_count=637 471 189 282 265 166 88 50 78 118 88 245 197 75 66 71 60 42 52 122 52 48 100 94 82 64
cat_boundaries=0 1
cat_threshold=2
is_linear=0
shrinkage=0.0675


Tree=49
num_leaves=26
num_cat=3
split_feature=38 0 45 60 55 38 47 59 55 53 9 63 15 60 45 48 40 32 0 44 34 47 47 61 33
split_gain=1.9847 1.96506 2.75465 2.2106 1.91988 2.40706 2.01862 1.86381 1.65608 1.63124 2.13278 2.05487 1.84408 1.47397 1.4472 1.44624 0.753515 0.692732 0.6897 0.165067 0.00188308 0.000808848 0.000410159 0.000151295 0.000116341
threshold=104.50000000000001 64.500000000000014 6.3599999000000009 18.450000000000003 7.3700001000000013 92.500000000000014 38.854999500000005 11.505000000000001 4.9149999500000012 6.5200000000000005 0 231.65000500000002 1 9.8999999000000027 7.1849999500000008 16.000000000000004 2 175.50000000000003 73.500000000000014 7.4100001000000004 1.7200500500000002 19.484999500000004 28.165000000000003 25.600000500000004 25.149376417233565
decision_type=10 2 8 10 10 8 8 8 8 8 9 10 9 10 8 8 9 10 2 10 10 10 10 8 10
left_child=4 -2 20 13 5 8 7 -6 -1 -7 11 12 14 -4 -11 -14 17 -10 -15 -8 -3 -22 23 24 -23
right_child=1 2 3 -5 6 9 19 -9 16 10 -12 -13 15 18 -16 -17 -18 -19 -20 -21 21 22 -24 -25 -26
leaf_value=0.011056230505095381 0.029789459702122659 -0.074709153269744893 0.0073342223410586636 0.036111880263712329 0.056903289867714577 -0.039300917615343545 0.09491150637037217 -0.039325084607578532 -0.0054720340746940103 -0.069818771336078 0.068886716705493622 0.072527128324583079 0.063256079753278543 -0.028924781679371847 0.0057502983088355396 -0.006728324091218315 -0.08574297029436137 -0.062787263926136011 -0.085005405965642974 0.064931377021190187 -0.073202188473465449 -0.07059618710637125 -0.072158923435987482 -0.0711624683966737 -0.069469836576142752
leaf_weight=3.1650169640779504 3.133501565083864 0.85973466746508798 2.6786766033619642 3.3015393689274788 1.7058925498276942 2.2047191159799722 1.3749216683208945 1.9832322858273981 2.0009085033088927 2.4599737217649817 3.5291932653635749 1.958396406844259 2.3673252742737478 1.9696611668914559 2.1760068032890558 3.1165701020509005 1.8159668073058135 1.8483345769345758 2.027894577011466 2.1377887055277824 0.7482197126373652 0.74323742277920313 0.70262700878083695 0.66753402911126603 0.95429674256592989
leaf_count=32 30 17 30 25 18 39 9 28 26 33 36 22 20 23 21 35 20 18 20 31 14 21 14 16 39
internal_value=-0.000472464 -0.0187277 -0.0291026 -0.00906848 0.00912161 0.000763015 0.0400433 0.00517199 -0.028053 0.0150483 0.0227257 0.00923771 -0.00301004 -0.0314111 -0.0343486 0.023483 -0.0499024 -0.0329937 -0.0573736 0.076666 -0.0718553 -0.0712123 -0.070727 -0.0703015 -0.069963
internal_weight=51.6312 17.7869 14.6534 9.97777 33.8442 26.6424 7.20184 3.68912 8.83023 17.8122 15.6075 12.0783 10.1199 6.67623 4.63598 5.4839 5.66521 3.84924 3.99756 3.51271 4.67565 3.81591 3.0677 2.36507 1.69753
internal_count=637 249 219 98 388 302 86 46 96 206 167 131 109 73 54 55 64 44 43 40 121 104 90 76 60
cat_boundaries=0 1 2 3
cat_threshold=1 2 2
is_linear=0
shrinkage=0.0675


Tree=50
num_leaves=28
num_cat=3
split_feature=34 53 47 59 48 63 57 62 58 59 62 25 62 37 61 56 55 55 40 62 61 38 26 50 45 44 63
split_gain=1.93428 2.46534 1.56035 1.77412 1.87823 1.64871 1.56802 2.21681 2.05241 1.73376 1.46097 1.13396 1.06832 1.3909 1.68497 0.932569 0.874492 0.863593 0.498787 0.114637 0.0577142 0.0553966 0.0141234 0.0111551 0.00144985 9.17031e-05 1.09384e-05
threshold=1.4093499500000002 6.3750000000000009 38.854999500000005 10.885000000000003 16.025000500000004 229.34999500000004 5.5800002000000015 0.93500000500000013 5.2349999000000009 11.995000000000003 0.97500002500000005 0 1.0850000000000002 77.500000000000014 17.050000000000004 7.6949999500000006 7.0050001000000011 5.9149999500000012 1 1.0650000000000002 15.250000000000002 91.849998500000012 2 6.3050000500000012 4.7650001000000008 5.7149999000000014 154.50000000000003
decision_type=10 8 10 8 10 8 10 8 10 8 10 9 8 10 8 8 8 10 9 10 10 10 9 10 10 10 10
left_child=10 11 3 5 6 -3 7 -5 -8 20 -1 23 -4 16 -15 -12 -14 -11 -16 -6 -10 -9 -23 24 -2 26 -26
right_child=1 2 12 4 19 -7 8 21 9 17 15 -13 13 14 18 -17 -18 -19 -20 -21 -22 22 -24 -25 25 -27 -28
leaf_value=-0.014247563678824586 -0.073750978192079444 -0.011161589739788851 -0.015684567993489686 0.025544316425040171 -0.050623304774733223 0.069716859779526297 0.058555466199023978 -0.089718027257700811 -0.052230535546625705 0.039484228731253131 0.024110997882083287 0.0025221879900895832 0.025897734535421529 -0.030052864338204109 0.051026332940125339 0.08299793670189945 0.08352049099759136 -0.025064003208430167 0.010781311055531389 -0.075682709375759979 -0.075401619936678113 -0.06389339556173787 -0.074945118432112462 -0.0791015024778743 -0.069163659512039913 -0.070482182230616988 -0.069626900917034815
leaf_weight=2.1355089191347352 0.5878414399921893 2.6538443751633194 4.1719085760414627 1.4462096057832265 1.3130583185702556 2.024383457377553 2.4182084696367365 0.9244836121797565 0.83046311140060458 2.1631125295534734 2.5292497090995312 1.2125955037772653 2.5977915208786717 3.380066238343713 2.7193814516067505 2.3767818138003349 2.2301407270133495 1.6761767696589229 2.8988793082535276 2.2690981552004814 1.193885216489434 0.96543725393712509 1.1597172617912295 1.1978757474571464 0.4944264907389877 0.54694280400872231 0.43797404505312443
leaf_count=18 8 32 39 18 25 15 22 10 16 27 35 24 27 23 20 26 25 25 22 35 24 28 21 15 23 17 17
internal_value=-0.000467174 -0.00577845 -0.000336943 -0.0128192 -0.0233012 0.0238365 -0.0111914 -0.0432845 0.0062305 -0.0153487 0.0323544 -0.0532176 0.0142536 0.023287 0.00760509 0.0526394 0.0525151 0.0113034 0.0302609 -0.0664971 -0.065896 -0.0759248 -0.0699244 -0.0739185 -0.0709152 -0.0697883 -0.0693813
internal_weight=50.5554 43.5139 39.0362 21.0381 16.3599 4.67823 12.7777 4.49585 8.28185 5.86364 7.04154 4.47766 17.9982 13.8263 8.99833 4.90603 4.82793 3.83929 5.61826 3.58216 2.02435 3.04964 2.12515 3.26506 2.06718 1.47934 0.932401
internal_count=637 558 454 298 251 47 191 77 114 92 79 104 156 117 65 61 52 52 42 60 40 59 49 80 65 57 40
cat_boundaries=0 1 2 3
cat_threshold=1 2 1
is_linear=0
shrinkage=0.0675


Tree=51
num_leaves=28
num_cat=3
split_feature=39 53 8 0 55 57 62 54 39 50 61 45 5 55 61 62 56 26 39 56 34 55 34 51 47 45 37
split_gain=1.90567 1.9039 2.30214 1.3884 2.07553 1.72563 1.86205 1.88254 2.63177 1.72715 2.02918 1.58548 1.39316 1.20809 1.03631 1.20083 0.776604 0.759887 0.671019 1.07491 0.635431 0.100563 0.0182853 0.0131598 0.0069817 0.0044719 0.000207893
threshold=29.500000000000004 6.3750000000000009 0 64.500000000000014 8.2600002500000027 8.1050000500000028 0.92500001500000006 4.5350001000000004 74.500000000000014 7.8950000000000005 12.550000000000002 7.995000150000001 1 6.565000050000001 12.750000000000002 1.2750000000000001 7.0150001000000008 2 59.500000000000007 8.1549997000000012 1.8648500000000003 6.924999950000001 1.5736500000000002 21.835000000000004 28.465000500000002 7.2049999000000007 84.500000000000014
decision_type=10 8 9 2 10 10 10 8 10 10 10 8 9 10 10 8 8 9 10 8 10 8 10 10 10 8 10
left_child=13 2 -2 14 5 6 18 9 11 10 16 20 -12 17 -3 -16 -8 -1 -5 -20 -9 22 -4 -22 -15 26 -24
right_child=1 3 21 4 -6 -7 7 8 -10 -11 12 -13 -14 24 15 -17 -18 -19 19 -21 23 -23 25 -25 -26 -27 -28
leaf_value=-0.018188272429038168 0.036424868350228588 0.066127402462607718 -0.084514435332247895 -0.069430659697496067 0.043769265191693406 -0.060783923458356787 0.066946460930023849 -0.020171277413426905 0.046952148256072718 0.073505953024101386 -0.074559633964121741 -0.00059881533923805111 0.0068097383677454045 0.078000723473541159 -0.031837912777056304 0.047355681475489853 0.012330297966054086 0.041611155075107466 -0.063807710495263278 0.018238398005829621 -0.072599783408855409 -0.047061767113251635 -0.070957731791337353 -0.081165341190232387 0.070464102829078445 -0.076905185924302233 -0.069454733387475376
leaf_weight=1.9176970049738884 1.2269382691010833 2.2453320492058984 0.700038582086563 2.2977029494941297 3.459668079391121 2.9164863377809516 2.2261722013354319 1.1923555452376584 2.1922596218064427 2.3463160656392565 1.6645696172490716 3.2247151155024767 2.2608351074159145 1.1332454029470684 1.7633789591491225 1.7265647072345016 2.5392729211598635 1.9554489850997916 1.3835337348282339 1.5344927012920377 1.4141550529748204 0.72832228988409031 1.120613710023463 1.9360916316509245 1.1071984414011238 0.65727801993489254 0.67000519670546044
leaf_count=15 16 18 6 25 35 35 16 16 25 23 33 31 27 13 25 15 27 28 20 21 31 17 34 17 32 7 29
internal_value=-0.000459926 -0.00542716 -0.0441582 -0.000269751 -0.00565953 -0.0115302 -0.00605009 0.00291648 -0.0183604 0.0221161 0.00824204 -0.0367943 -0.027695 0.0348242 0.0303557 0.00734119 0.0378442 0.0120029 -0.0421464 -0.0206624 -0.0624889 -0.0696648 -0.0748944 -0.0775498 0.0742762 -0.0721433 -0.0703953
internal_weight=49.5407 43.4271 5.1032 38.3239 32.5886 29.129 26.2125 20.9967 9.95958 11.0372 8.69085 7.76732 3.9254 6.11359 5.73528 3.48994 4.76545 3.87315 5.21573 2.91803 4.5426 3.87626 3.14794 3.35025 2.24044 2.4479 1.79062
internal_count=637 549 109 440 382 347 312 246 120 126 103 95 60 88 58 40 43 43 66 41 64 93 76 48 45 70 63
cat_boundaries=0 1 2 3
cat_threshold=4 2 2
is_linear=0
shrinkage=0.0675


Tree=52
num_leaves=26
num_cat=3
split_feature=29 53 33 14 35 15 48 33 56 34 62 62 31 31 61 63 50 38 55 63 53 59 47 38 59
split_gain=1.8296 1.99262 2.62874 2.17528 2.09002 2.0406 1.81421 1.76057 2.08879 1.71957 1.66613 1.58663 1.3924 1.38665 1.38007 0.990474 0.756882 0.313282 0.249883 0.243371 0.241007 0.0204024 0.0122979 0.00354539 0.00209692
threshold=0 27.585000000000004 30.453741468386692 1 1.9968500000000002 2 10.565000000000001 28.840281899297949 5.7400000000000011 1.9853500000000002 1.4450000500000002 1.0450000000000002 60.500000000000007 85.500000000000014 19.750000000000004 31.750000000000004 7.2950001000000011 105.50000000000001 4.6250000000000009 63.549999000000007 17.750000000000004 14.060000000000002 35.835001000000013 102.15000000000002 11.360000000000001
decision_type=9 8 10 9 8 9 10 8 10 10 8 10 10 10 8 10 10 10 10 10 10 8 10 8 10
left_child=1 2 3 4 11 6 13 8 -3 -10 19 18 -13 -6 17 -7 -8 -14 -1 -9 21 23 24 -4 -20
right_child=-2 7 20 -5 5 15 16 10 9 -11 -12 12 14 -15 -16 -17 -18 -19 22 -21 -22 -23 -24 -25 -26
leaf_value=-0.037581032988715665 0.051167564018681562 -0.048313778826508308 -0.072883475437212963 0.051351967917709157 0.047156225064361817 0.065603886619072863 -0.083528980460089539 0.087497311490805418 0.058855796111112149 -0.015031692426749385 -0.0030910551638921833 0.037416355033512427 -0.04047219214051137 -0.038383909395342516 0.0070404656801057444 0.0037640301686921139 -0.016078867115567028 -0.081008023112952438 -0.074776215778741786 0.053689746824746948 -0.038153791664893973 -0.081682912395053223 -0.081523735875386555 -0.066700469747378796 -0.070405791496653131
leaf_weight=1.0508977333083773 2.9381439276039591 3.0098628550767863 0.9486156050115816 2.71372909378261 2.3516985559836034 2.9688287731260044 1.7474375013262036 1.9900634326040756 2.8089095670729876 2.9342657588422298 2.1463226638734341 1.8193724192678908 2.1394071970134978 1.3643900882452724 2.6794656766578555 1.9586234986782072 1.3387028612196443 1.4625473367050288 0.99320751242339689 1.893044304102659 1.1381912361830471 1.1746033709496257 1.076040983200073 0.76193436700850736 1.0076889386400578
leaf_count=22 37 38 19 31 22 27 29 23 22 23 25 18 37 31 33 31 12 25 16 26 17 11 9 22 31
internal_value=-0.000456318 -0.00379153 -0.0135967 -0.00592468 -0.0124123 0.00794388 -0.0160183 0.0165685 -0.00276524 0.0211057 0.0446357 -0.031938 -0.014582 0.0157495 -0.029643 0.041023 -0.0542705 -0.0569315 -0.0659988 0.0710159 -0.0644566 -0.074833 -0.0757046 -0.0701294 -0.0725752
internal_weight=48.416 45.4779 30.6954 26.672 23.9583 11.7297 6.80223 14.7825 8.75304 5.74318 6.02943 12.2286 8.10079 3.71609 6.28142 4.92745 3.08614 3.60195 4.12784 3.88311 4.02334 2.88515 3.07694 1.71055 2.0009
internal_count=637 600 443 374 343 152 94 157 83 45 74 191 113 53 95 58 41 62 78 49 69 52 56 41 47
cat_boundaries=0 1 2 3
cat_threshold=1 1 2
is_linear=0
shrinkage=0.0675


Tree=53
num_leaves=28
num_cat=4
split_feature=39 52 0 39 33 55 61 36 45 60 55 45 39 5 63 40 37 26 33 45 34 51 36 62 51 55 2
split_gain=1.66441 1.86591 1.5645 1.43605 1.55803 2.42756 2.0538 1.56722 1.30345 1.16255 1.11505 1.09022 1.45648 1.16219 1.551 1.06864 0.930252 0.637874 0.465338 0.243103 0.00729619 0.00519609 0.00218365 0.00119359 0.000550578 0.000161821 4.7228e-05
threshold=29.500000000000004 28.399999500000003 62.500000000000007 74.500000000000014 25.903248280473381 8.2600002500000027 15.250000000000002 142.50000000000003 8.4849996500000007 16.849999500000003 6.565000050000001 3.8900001000000004 60.500000000000007 0 59.649999500000007 1 78.500000000000014 2 29.824799742382165 6.0750000500000008 1.6560000000000004 19.154999500000006 120.50000000000001 1.4150000000000003 15.550000000000002 6.520000200000001 3
decision_type=10 10 2 8 8 8 10 10 10 8 10 10 10 9 10 9 10 9 10 10 10 8 10 8 10 8 9
left_child=10 2 -2 4 7 6 15 16 -8 -5 17 -4 13 18 -15 -6 -3 -1 22 20 -14 -12 -13 24 -22 26 -26
right_child=1 3 11 9 5 -7 8 -9 -10 -11 21 12 19 14 -16 -17 -18 -19 -20 -21 23 -23 -24 -25 25 -27 -28
leaf_value=-0.016153128432957683 0.033335314683110157 -0.024677328418191223 0.01157940462125797 0.004952431246932041 0.066299639677161112 0.069633216244502749 -0.056482515265071004 -0.054679125844645897 0.010024409629326039 0.072548251536243363 0.077094136356647788 -0.075101934790907196 -0.077554282114405612 0.044838744309410726 -0.044486054395910329 -0.00070095051606646635 0.03445487235765534 0.039646168938955083 -0.010540931443504081 -0.03199164832252082 -0.072347105051338817 0.070284358230595756 -0.070319213742719947 -0.073768426869600612 -0.069077341130898959 -0.070747022043213662 -0.069949458648000021
leaf_weight=1.8807325400412083 1.9161293730139721 2.6478476878255659 2.2068582074716678 2.2440374940633765 2.1719531621783972 2.7616695817559966 3.2679967796429992 3.9781042812392116 2.2790103256702423 2.3981194235384464 0.97717493399977717 0.81458818912506126 1.1234519407153127 2.0634948201477514 1.551666025072336 2.1665869243442977 2.2355976067483425 1.8532200548797837 0.80558231752365816 0.78105107694864262 0.61748483031988222 1.0690586399286983 0.93327934667468071 0.67861193232238282 0.56957468576729298 0.84030385036021482 0.56213810481131032
leaf_count=15 20 24 27 25 20 24 36 38 22 19 12 13 16 23 36 22 17 28 19 19 13 33 30 12 30 25 19
internal_value=-0.000452858 -0.00516709 -0.0237538 0.00582408 -0.00152439 0.0136825 -0.00194809 -0.0232277 -0.0291579 0.0398722 0.0334878 -0.031828 -0.0402746 -0.0181239 0.00649958 0.0328408 0.00239286 0.011541 -0.0529857 -0.0666904 -0.0728617 0.0735364 -0.0725482 -0.0712485 -0.0705882 -0.0700374 -0.0695105
internal_weight=47.3953 41.6151 15.4642 26.1509 21.5088 12.6472 9.88555 8.86155 5.54701 4.64216 5.78019 13.5481 11.3412 6.16861 3.61516 4.33854 4.88345 3.73395 2.55345 5.17262 4.39157 2.04623 1.74787 3.26811 2.5895 1.97202 1.13171
internal_count=637 549 302 247 203 124 100 79 58 44 88 282 255 121 59 42 41 43 62 134 115 45 43 99 87 74 49
cat_boundaries=0 1 2 3 4
cat_threshold=2 2 2 2
is_linear=0
shrinkage=0.0675


Tree=54
num_leaves=27
num_cat=1
split_feature=53 33 15 63 55 59 37 36 36 46 34 61 48 35 31 63 62 58 36 54 55 39 60 54 61 44
split_gain=1.58019 2.0994 1.84997 1.9115 2.32679 1.6726 1.60657 1.58787 2.74305 1.33438 2.16759 1.2836 1.2651 1.6114 1.7061 1.01534 1.00617 0.813895 0.808068 0.509898 0.354989 0.251705 0.243604 0.0598229 0.0138505 0.00478309
threshold=27.585000000000004 30.453741468386692 0 287.44999500000006 8.2899999500000003 12.245000000000003 80.500000000000014 153.50000000000003 139.50000000000003 20.694999500000005 2.1576999500000005 12.250000000000002 9.380000100000002 1.9756000000000002 84.500000000000014 58.799999000000007 1.2850000000000004 5.0850000500000005 144.50000000000003 4.5250001000000006 6.4799998000000008 63.500000000000007 17.450000000000003 4.6849999500000008 21.050000000000004 6.3650000000000011
decision_type=8 10 9 10 10 10 10 10 8 10 8 10 10 8 10 8 8 10 10 10 10 8 8 10 8 10
left_child=1 2 3 4 12 9 20 8 11 10 21 -4 13 25 -15 -9 -5 -3 -10 -13 -7 -2 23 -14 -19 -1
right_child=5 17 7 16 -6 6 -8 15 18 -11 -12 19 22 14 -16 -17 -18 24 -20 -21 -22 -23 -24 -25 -26 -27
leaf_value=-0.070108341338422045 -0.041913518157305367 -0.0078930954996057259 0.037220443677694087 -0.013190510821977875 0.057920619551530335 0.086156603247233413 0.0012247468623482413 0.01066810339554701 0.085731397371494086 0.026812666049061205 0.032554730394289931 -0.0089354617284502051 -0.070087783085764382 0.053411058154946206 -0.05071845789360592 -0.063702753445612659 0.059809332704259262 -0.077143811868449708 0.030241714680291538 -0.066222160420033649 0.045854908395730178 -0.082738382871439545 -0.046365795677311153 -0.088449886019243709 -0.067579042723565963 -0.077670338547793871
leaf_weight=0.91446700971573391 1.2534858118742689 1.2305599208921183 1.7930208928883082 1.6567059783265006 1.1460741460323323 2.3598158806562415 2.5949215032160282 1.8020307142287504 3.1091430280357608 3.785971762612462 1.6935096699744461 1.5148830730468037 2.0254113990813498 1.7725154850631955 1.2037940630689261 1.5608498407527802 1.7894803807139394 1.7678168844431641 1.9429502245038746 1.3289487445726988 1.7228061649948356 1.5255315434187648 1.748224042356014 1.3453983925282953 1.1311862897127865 0.65341241843998432
leaf_count=35 23 18 13 32 14 23 25 22 37 35 14 20 37 19 31 23 19 29 22 20 27 19 27 19 25 9
internal_value=-0.000443415 -0.00903204 -0.00224869 -0.0190596 -0.0330159 0.0176336 0.0427539 0.0161125 0.0299831 -0.00267776 -0.0276413 -0.00750617 -0.0438011 -0.0178789 0.011295 -0.0238504 0.0247157 -0.0538879 0.064391 -0.0357061 0.0691499 -0.0643242 -0.0668124 -0.0774167 -0.0734117 -0.0732598
internal_weight=46.3729 31.4369 27.3073 14.2555 10.8093 14.936 6.67754 13.0518 9.68895 8.2585 4.47253 4.63685 9.66322 4.54419 2.97631 3.36288 3.44619 4.12956 5.05209 2.84383 4.08262 2.77902 5.11903 3.37081 2.899 1.56788
internal_count=637 471 399 242 191 166 75 157 112 91 56 53 177 94 50 45 51 72 59 40 50 42 83 56 54 44
cat_boundaries=0 1
cat_threshold=2
is_linear=0
shrinkage=0.0675


Tree=55
num_leaves=27
num_cat=2
split_feature=45 29 33 48 38 14 62 56 36 59 58 0 34 55 57 33 62 38 36 45 45 60 60 49 58 39
split_gain=1.52509 1.58733 1.27897 1.65029 1.58849 1.88063 1.62679 1.65748 1.70719 1.54433 1.44366 1.60647 1.39459 1.3856 1.74664 1.27183 1.08577 0.91721 0.784692 0.680496 0.635376 0.0728016 0.0518245 0.0362571 0.00459161 0.000248846
threshold=9.9949999000000016 0 31.138224631807024 29.850000500000004 107.85000000000001 1 0.96500000500000016 7.2249999000000011 116.50000000000001 12.685 5.9549999000000007 68.500000000000014 2.2381999500000007 6.8950000000000005 7.2650001000000008 29.105470959102988 1.2550000000000001 92.500000000000014 141.50000000000003 7.2349999000000009 7.8300002000000015 12.450000000000001 19.550000000000004 6.8750000000000009 6.4349999500000008 70.500000000000014
decision_type=10 9 10 8 10 9 8 8 10 10 10 2 8 8 8 8 10 8 10 10 10 8 8 10 10 10
left_child=1 2 4 22 5 -1 17 8 -8 18 11 -9 13 14 20 16 -12 -7 -10 -13 21 -6 -4 -15 25 -23
right_child=-2 -3 3 -5 12 6 7 10 9 -11 15 19 -14 23 -16 -17 -18 -19 -20 -21 -22 24 -24 -25 -26 -27
leaf_value=0.076529264304063455 0.059935982459075984 0.047537485973015756 -0.07757205597445678 0.020587615423784726 -0.046306996409926089 -0.077063645389512214 0.074741823202217297 0.026541395865728179 0.010277918431638869 -0.033681907289440566 -0.041958699851984915 -0.077969505042329273 0.035715542683547624 -0.071060294721650707 0.022897632415652718 0.064265876420232987 0.030454782359862924 -0.011584222162900813 0.068125963264946507 -0.0192713336396978 -0.0093909184275317945 -0.069584218970808007 -0.058926172912245833 -0.087811219843343349 -0.07706669764980896 -0.071556611303018727
leaf_weight=1.6470211315900087 1.8290963638573874 2.6595274880528441 1.763355505652725 1.329588623717427 0.59858601633458963 1.5779439434409201 2.8040766622871178 1.483969222754238 2.4702913416549563 2.2397361090406775 1.8872539289295676 2.4175732359290127 1.5077045923098928 1.2962155379354965 2.7247995557263494 1.7205230519175527 1.8864255296066401 2.5495179630815983 1.8826068621128795 1.433438394218683 1.3194960318505762 0.65117963403463341 1.1046161064878104 1.0786678530275819 0.81062235357239831 0.52755342051386833
leaf_count=15 28 36 31 15 19 18 35 20 34 33 32 34 13 34 27 20 20 37 17 18 11 28 24 8 15 15
internal_value=-0.00043992 -0.00298609 -0.0062865 -0.0415729 -0.0022302 0.00672284 0.00200182 0.00988274 0.0306264 0.0118625 -0.00811693 -0.0331275 -0.0243687 -0.0344262 -0.0185838 0.0161688 -0.00575991 -0.0366172 0.0352969 -0.0561206 -0.0475104 -0.0669461 -0.0703905 -0.0786685 -0.0731562 -0.070467
internal_weight=45.2014 43.3723 40.7128 4.19756 36.5152 26.0004 24.3534 20.2259 9.39671 6.59263 10.8292 5.33498 10.5148 9.00712 6.63224 5.4942 3.77368 4.12746 4.3529 3.85101 3.90744 2.58794 2.86797 2.37488 1.98936 1.17873
internal_count=637 609 573 70 503 333 318 263 119 84 144 72 170 157 115 72 52 55 51 52 88 77 55 42 58 43
cat_boundaries=0 1 2
cat_threshold=1 2
is_linear=0
shrinkage=0.0675


Tree=56
num_leaves=29
num_cat=2
split_feature=45 59 38 34 34 47 37 60 57 5 61 59 51 0 61 26 61 63 33 0 58 62 53 33 36 39 45 56
split_gain=1.46247 2.32043 1.58544 2.13252 1.53737 1.23139 1.24061 1.71905 1.36962 1.86449 2.29671 1.00373 1.18569 1.38326 1.53186 1.12825 0.858237 1.50672 0.527342 0.485843 0.123955 0.106883 0.101637 0.0563292 0.0502335 0.0222514 0.00273177 4.18192e-05
threshold=7.315000050000001 13.145000000000001 127.50000000000001 2.0048999500000004 2.3362500500000007 39.365000000000002 91.500000000000014 12.15 8.735000150000003 0 12.350000000000003 10.790000000000001 24.965000500000006 68.500000000000014 15.65 1 32.699998500000007 52.750000000000007 23.715726940804256 66.500000000000014 6.924999950000001 1.1150000000000004 7.8700001000000013 21.015194559228657 149.50000000000003 59.500000000000007 7.0950000500000012 7.799999950000001
decision_type=10 10 8 8 8 10 8 8 8 9 10 10 8 2 8 9 8 8 8 2 10 10 8 10 10 8 10 8
left_child=1 2 5 -4 11 6 7 22 9 10 -9 -2 15 -14 -15 -13 17 -11 -8 -3 23 -12 -1 -21 -20 -6 27 -25
right_child=4 19 3 -5 25 -7 18 8 -10 16 21 12 13 14 -16 -17 -18 -19 24 20 -22 -23 -24 26 -26 -27 -28 -29
leaf_value=-0.043916632595086977 0.050550446938705619 -0.017044006952718092 -0.023609159568869092 0.07814717380497796 0.076241271421227039 0.052763173738868498 -0.0027883012172284999 0.031467730896356384 -0.044047926753516355 0.052008466221176219 -0.044953993367195459 -0.058093319560965244 0.064261669918221312 -0.043724411576604415 0.028691668894308409 0.0068910023407411699 0.075070954522501857 -0.026306796003578044 -0.085529008554754843 -0.09571010594708014 -0.048338040291304493 -0.074955048728232471 -0.07470014578995493 -0.06915623386603037 -0.064163808228257541 0.062264306270244332 -0.075258821869796433 -0.07007647503527567
leaf_weight=0.76767910644413229 2.1184799317270544 1.0398557120934118 1.5642445897683495 2.3453063806518912 1.0947500169277185 1.3407164271920908 0.63294702861458008 2.0613508857786655 2.4105330454185614 2.7504352480173093 0.80405569635331664 2.4421016424894333 2.0553025491535672 2.2349879704415798 3.2903382852673531 2.4271151665598127 1.7982527278363702 1.8873848849907515 0.87404302135109935 0.6402858719229706 0.8370239920914172 1.6541318912059066 1.3446292430162428 0.50558575615286805 1.176061052829027 0.98672029748558987 0.663874676451087 0.40542264468967915
leaf_count=20 19 16 22 30 14 11 11 20 38 26 26 21 21 20 35 25 13 35 13 4 19 33 27 25 39 30 9 15
internal_value=-0.000437075 -0.00999518 -0.00179836 0.0374336 0.015352 -0.00966308 -0.0142715 -0.00692643 0.0020161 0.0121514 -0.0210785 0.00759899 0.000290317 0.0169853 -0.00060055 -0.0257012 0.0354861 0.0201377 -0.056645 -0.0568915 -0.0704672 -0.0651419 -0.0635125 -0.0788289 -0.0732727 0.0696155 -0.0719656 -0.0695658
internal_weight=44.1536 27.5038 23.4118 3.90955 16.6498 19.5022 18.1615 15.4785 13.3661 10.9556 4.51954 14.5683 12.4498 7.58063 5.52533 4.86922 6.43607 4.63782 2.68305 4.09205 3.05219 2.45819 2.11231 2.21517 2.0501 2.08147 1.57488 0.911008
internal_count=637 452 364 52 185 312 301 238 191 153 79 141 122 76 55 46 74 61 63 88 72 59 47 53 52 44 49 40
cat_boundaries=0 1 2
cat_threshold=2 2
is_linear=0
shrinkage=0.0675


Tree=57
num_leaves=26
num_cat=0
split_feature=39 58 58 55 32 53 57 49 0 62 55 60 59 33 52 62 56 61 55 34 57 39 45 47 59
split_gain=1.37451 1.57061 1.4832 1.20567 1.72909 1.59561 1.26446 1.17453 1.04021 1.02234 1.33898 1.55188 2.07046 1.60658 1.90057 0.673109 0.618261 0.524445 0.448677 0.379211 0.11636 0.106388 0.0111287 0.00419614 0.000149344
threshold=44.500000000000007 5.9749999000000011 5.1050000000000013 4.5950000500000012 168.50000000000003 6.0050001500000016 8.4949999000000016 4.9149999500000012 64.500000000000014 0.93500000500000013 4.8900001000000008 18.450000000000003 10.885000000000003 26.031343938599687 40.979999500000012 0.84499999500000011 7.7550001000000011 11.850000000000003 6.1499998500000013 1.9234500000000001 5.8850000000000007 66.500000000000014 7.0250001000000006 27.795000000000005 11.910000000000002
decision_type=10 8 10 10 10 8 10 10 2 10 8 10 10 10 10 10 10 10 10 10 10 10 10 10 10
left_child=1 2 -1 4 -2 17 8 -3 -7 15 -11 12 -12 19 18 -10 20 -5 -15 -14 -9 22 -6 24 -19
right_child=3 7 -4 5 21 6 -8 16 9 10 11 -13 13 14 -16 -17 -18 23 -20 -21 -22 -23 -24 -25 -26
leaf_value=0.040904556462772662 0.0024603636065501154 -0.016584880776676227 -0.041362942243987205 -0.0011457661976113321 -0.071111362825954275 0.043388466349315973 -0.047797281534095348 0.082147742781113711 -0.0066910692037185247 0.068016991908952856 0.041930955981571004 0.045091754827730902 -0.040230707606627114 -0.0088520328027379674 0.052641979846827683 -0.067747039992658561 0.020504214626010712 -0.070679945488251558 -0.075503883247828432 -0.083728063556447893 0.057775609641510281 -0.049674544722178103 -0.080571860769710721 -0.076456375491643552 -0.068971129167439929
leaf_weight=1.578276462852952 3.1122623030096284 1.2721992116421468 2.7181884152814746 0.63392216619104447 1.1242653029039509 3.3975322823971572 1.9392435429617751 1.9870814327150585 2.1322298534214528 1.6373686799779505 2.6179697196930629 3.0888334931805739 2.0878365961834793 0.86076118843629978 1.8224371746182439 1.3395299715921281 1.5743813067674635 0.4528963044285772 0.98877097479999065 1.6231265459209678 1.6203318964689968 1.0253074867650864 1.1420053690671919 0.80317310057580471 0.47999765165150166
leaf_count=27 37 14 38 13 35 39 25 24 27 19 26 36 29 20 17 24 24 15 20 18 33 28 10 11 28
internal_value=-0.000428065 0.020479 -0.0111425 -0.00738455 -0.0336104 -0.000901544 0.0044144 0.0415296 0.00910273 0.00270195 0.0104697 0.00327124 -0.00964525 -0.0279341 0.00372039 -0.0302487 0.0557975 -0.0536925 -0.0444845 -0.0592559 0.0712006 -0.0677162 -0.0758786 -0.0728799 -0.0698007
internal_weight=43.0599 10.7505 4.29646 32.3095 6.40384 25.9056 23.5356 6.45399 21.5964 18.1989 14.7271 13.0897 10.0009 7.38293 3.67197 3.47176 5.18179 2.36999 1.84953 3.71096 3.60741 3.29158 2.26627 1.73607 0.932894
internal_count=637 160 65 477 110 367 300 95 275 236 185 166 130 104 57 51 81 67 40 47 57 73 45 54 43
is_linear=0
shrinkage=0.0675


Tree=58
num_leaves=27
num_cat=4
split_feature=53 23 48 21 46 59 61 48 26 63 39 48 47 0 64 44 1 54 38 34 31 49 44 63 61 48
split_gain=1.37351 1.60622 1.62804 1.32753 1.66666 2.5442 1.70729 1.58847 1.43741 1.48627 1.27159 1.20687 1.06159 1.21748 1.28502 0.916293 0.528044 0.522644 0.279326 0.226324 0.0652636 0.000700165 0.00022728 5.37432e-05 1.2442e-05 1.02197e-05
threshold=29.054999000000006 0 23.985000500000002 1 18.329999500000003 12.895000000000001 14.850000000000003 16.025000500000004 2 67.000000000000014 42.500000000000007 42.424999000000007 37.500000000000007 65.500000000000014 1.0000000180025095e-35 7.5450001000000011 3 4.5050001000000011 94.849998500000012 2.0345499500000002 132.50000000000003 4.6349999500000001 5.7149999000000014 8.4499998000000023 11.850000000000003 10.905000000000003
decision_type=10 9 10 9 10 8 10 8 9 10 10 10 8 2 8 10 1 10 10 8 8 8 10 10 10 8
left_child=1 2 3 4 10 6 -6 18 9 -5 -1 -2 13 -10 19 -14 -12 -8 -7 -15 21 -18 23 -23 -25 -26
right_child=11 -3 -4 8 5 7 17 -9 12 -11 16 -13 15 14 -16 -17 20 -19 -20 -21 -22 22 -24 24 25 -27
leaf_value=0.0044431620067816903 0.065715600169755112 0.060438155218106727 -0.062407314410915578 0.012884928971791462 0.058810340798721196 -0.034253802919339708 -0.045818455608753306 0.010061516460402311 0.054471867708763458 -0.057842475448604269 -0.023754001252234359 -0.0038171847389176536 0.082928420935846514 -0.073095145685110746 0.032852136542530629 0.023601649131061369 -0.072555073870189959 0.015838667070135735 -0.076693307566733732 -0.02633022000204106 -0.094672647255585413 -0.069904612182246487 -0.070899264406189308 -0.069414255727202209 -0.068707717515127789 -0.069226247606596875
leaf_weight=1.8687208928167844 2.5262698512524357 1.6497334670275439 2.3167318971827617 3.2758546005934477 3.6334203798323843 1.0232822606340062 1.1976336957886817 2.2398258373141289 1.492666305974123 2.3071168558672071 1.2732441015541553 2.0686556492000818 2.0711661558598289 1.1464152811095119 1.2974610049277542 2.7759095299988985 0.50930303521454412 1.3132646968588231 2.2832835977897048 0.80094496905803692 0.60027556866407383 0.66873949393630061 0.64172172360122193 0.46647591609507777 0.35132618993520737 0.34153219498693943
leaf_count=20 33 24 33 36 33 16 25 26 14 35 31 28 19 25 18 28 10 18 36 19 4 25 20 20 25 16
internal_value=-0.000422971 -0.00468607 -0.00767907 -0.00390324 -0.0160846 -0.000685887 0.0292318 -0.0338288 0.0108838 -0.0163426 -0.0428681 0.0344116 0.0267431 0.00402032 -0.0191881 0.0489521 -0.0610875 -0.0135702 -0.0635596 -0.0538608 -0.0743677 -0.0702763 -0.0698064 -0.0694227 -0.0691448 -0.0689633
internal_weight=42.141 37.546 35.8963 33.5796 18.412 11.6907 6.14432 5.54639 15.1675 5.58297 6.72134 4.59493 9.58456 4.73749 3.24482 4.84708 4.85262 2.5109 3.30657 1.94736 3.57937 2.9791 2.4698 1.82807 1.15933 0.692858
internal_count=637 576 552 519 325 154 76 78 194 71 171 61 123 76 62 47 151 43 52 44 120 116 106 86 61 41
cat_boundaries=0 1 2 3 4
cat_threshold=1 2 2 1
is_linear=0
shrinkage=0.0675


Tree=59
num_leaves=27
num_cat=1
split_feature=45 34 62 56 61 29 38 62 53 59 54 54 53 55 55 49 59 56 59 55 0 33 49 59 46 47
split_gain=1.30654 1.35185 1.58053 1.36247 1.19885 1.18942 1.24537 1.29007 1.26578 1.14983 1.36079 1.19219 1.32661 1.11914 1.04006 1.44233 0.973189 0.959802 0.955532 0.750628 0.692926 0.560802 0.153318 0.0667341 0.0113865 0.000173266
threshold=9.9949999000000016 1.6225000000000003 0.97500002500000005 8.5349998500000002 40.500000000000007 0 106.50000000000001 0.81499999500000009 30.220000500000001 13.145000000000001 4.8450000500000012 4.1450000000000005 10.610000000000001 6.7500000000000009 6.8950000000000005 7.4050000000000011 11.035000000000002 6.7950001000000011 13.365 5.8650000000000011 76.500000000000014 23.275240852980044 6.7750001000000006 12.200000000000001 22.904999500000006 29.114999500000007
decision_type=10 10 10 10 8 9 10 10 10 8 8 8 10 10 8 10 10 10 10 10 2 10 8 10 10 10
left_child=1 2 -1 5 23 6 7 -3 9 11 18 -9 19 -14 15 17 -4 -8 -11 -13 -18 -19 -16 -5 25 -23
right_child=-2 3 16 4 -6 -7 14 8 -10 10 -12 12 13 -15 22 -17 20 21 -20 -21 -22 24 -24 -25 -26 -27
leaf_value=-0.020948673051499334 0.058609331249577942 0.057999182306704949 0.079385829329190014 -0.054054932590705949 0.01398496789812816 0.051610626798587043 0.013941113761572565 -0.047401969129045859 0.055736284190599943 0.02955283139791217 -0.075532551471354972 0.067611786219187078 -0.053728095081921952 0.035909013256749882 -0.047070584910328353 0.042688994518713698 -0.008428962678229332 -0.0091994176774965047 -0.039091529907657387 0.012970940229209652 0.05701925555923238 -0.069647823512942561 -0.080772357487544744 -0.075754572254886438 -0.080841522993522319 -0.071217463513271101
leaf_weight=2.5381168145686379 1.6403785049915303 1.7406472815200746 2.1070122616365552 0.96835986897349302 1.1082907635718582 1.6662091705948174 1.3302690722048254 1.5596124585717905 1.508196067996322 1.6964600868523132 2.1240603514015675 2.2453432921320209 1.6816400950774553 1.0192803759127853 1.1275224029086541 1.5423078909516332 1.722483925521374 0.85090630035847459 2.0289708310738206 2.3385760001838207 1.2883314024657009 0.61465984489768766 1.3530999524518845 1.9381236433982847 0.77149725332856167 0.66935150232166052
leaf_count=27 28 20 25 23 15 20 28 28 18 19 30 22 32 17 31 13 28 13 38 34 19 30 19 37 7 16
internal_value=-0.000419701 -0.00286865 0.0226017 -0.00898469 -0.0457478 -0.00368857 -0.00720504 0.00277927 -0.00315318 -0.00919764 -0.0324158 0.00615827 0.017625 -0.0199006 -0.0288945 -0.0132015 0.0442 -0.0335476 -0.00783275 0.0397357 0.0195764 -0.0552833 -0.0654538 -0.0685249 -0.0743603 -0.0704661
internal_weight=41.1797 39.5393 7.65594 31.8834 4.01477 27.8686 26.2024 17.9428 16.2021 14.6939 5.84949 8.84445 7.28484 2.70092 8.25961 5.77899 5.11783 4.23668 3.72543 4.58392 3.01082 2.90641 2.48062 2.90648 2.05551 1.28401
internal_count=637 609 99 510 75 435 415 258 238 220 87 133 105 49 157 107 72 94 57 56 47 66 50 60 53 46
cat_boundaries=0 1
cat_threshold=1
is_linear=0
shrinkage=0.0675


Tree=60
num_leaves=30
num_cat=0
split_feature=45 59 39 34 47 61 56 62 61 63 44 57 39 36 62 60 63 39 56 58 58 31 55 36 45 50 59 63 61
split_gain=1.28336 1.86866 1.32747 1.29952 0.953653 1.07745 2.02507 1.5138 1.23869 1.20834 0.982749 1.15531 0.886427 1.06631 0.901945 1.15915 0.487817 0.475247 0.304131 0.211844 0.210547 0.032656 0.0208774 0.00308879 0.00238902 0.00201446 0.000498362 6.95396e-05 3.02902e-05
threshold=7.315000050000001 13.145000000000001 23.500000000000004 2.3362500500000007 39.365000000000002 12.450000000000001 6.5600002000000011 1.1050000000000002 21.849999500000003 26.500000000000004 5.815000050000001 5.9049999500000006 72.500000000000014 156.50000000000003 1.2850000000000004 17.550000000000004 518.6499950000001 49.500000000000007 7.5450001000000011 5.1949999500000006 7.0250001000000006 124.00000000000001 6.5950000000000006 130.50000000000003 7.0950000500000012 6.1649999500000012 12.415000000000001 277.54999000000004 19.050000000000004
decision_type=10 10 10 8 10 10 8 10 10 8 8 10 8 10 10 8 8 8 10 10 10 8 10 10 10 8 8 8 10
left_child=1 2 -1 12 5 6 -4 8 9 -7 19 -12 13 14 15 -2 23 -3 -14 -8 21 24 -5 -9 28 27 -25 -11 -19
right_child=3 17 4 22 -6 7 10 16 -10 25 11 -13 18 -15 -16 -17 -18 20 -20 -21 -22 -23 -24 26 -26 -27 -28 -29 -30
leaf_value=0.044103173141333517 0.018797771985478134 -0.0055347441252962763 0.055643633221920799 0.058817029509813316 0.049202678550077768 0.014135082051317785 -0.024197971698643603 -0.075107975194795493 0.037959598539287001 -0.069405211092912714 -0.028838380575884018 0.040349316085992425 0.06179046204877138 -0.043624061331517167 0.037880589825056384 -0.045986726948288564 -0.014120947518711098 -0.06887621018272215 0.016890571543142614 -0.072465453491570797 -0.036145410068355033 -0.089232305933518302 0.073720070811924804 -0.069821440909838092 -0.074815056101691771 -0.074962570521908245 -0.072280966517683051 -0.070521429266413721 -0.06970117530483276
leaf_weight=2.4917606692761245 3.0799149274825997 0.72161759249865953 2.5093943737447306 0.67790758050978261 1.2282148450613011 1.4085297873243674 0.6136581953614958 1.5072613582015044 1.9303335566073654 0.5205747927539045 2.5261806380003691 1.9472808577120302 1.5324251968413602 2.1494579166173926 3.1959796268492937 2.1276559848338366 0.81325686164200295 0.46143124997615881 1.2464140504598615 1.2752863131463525 0.75840924121439446 0.71996475383639325 1.1631230693310497 0.92390794400125709 0.60903654806315899 0.56999341212213051 0.63221620861440908 0.49715298879891645 0.36177695915102959
leaf_count=32 29 12 27 17 11 23 7 23 21 26 39 19 27 18 30 23 20 29 14 36 18 5 27 37 9 11 16 16 15
internal_value=-0.000415961 -0.00980654 -0.0022069 0.0150735 -0.00831133 -0.0123079 0.00429325 -0.0290384 -0.00420866 -0.0313756 -0.0159598 0.00127876 0.00773269 -0.00119879 0.00965273 -0.00767122 -0.0605929 -0.0545708 0.0416512 -0.0567849 -0.0667281 -0.0775051 0.0682324 -0.0729301 -0.07161 -0.0717498 -0.0708207 -0.0699505 -0.0692388
internal_weight=40.2001 25.0272 21.395 15.1729 18.9032 17.675 8.8718 8.80323 4.92658 2.99625 6.36241 4.47346 13.3318 10.553 8.40355 5.20757 3.87664 3.63224 2.77884 1.88894 2.91062 2.15221 1.84103 3.06339 1.43224 1.58772 1.55612 1.01773 0.823208
internal_count=637 452 364 185 332 321 128 193 97 76 101 58 141 100 82 52 96 88 41 43 76 58 44 76 53 53 53 42 44
is_linear=0
shrinkage=0.0675


Tree=61
num_leaves=26
num_cat=1
split_feature=53 33 15 63 55 33 56 62 31 58 38 36 48 35 38 59 62 58 59 49 60 63 54 61 50
split_gain=1.1752 1.5359 1.33665 1.4947 1.80502 1.16204 1.60869 1.34466 1.32295 1.1567 1.16871 1.20787 0.936681 1.29941 1.20316 0.78962 0.772147 0.701274 0.58501 0.689755 0.193662 0.19018 0.0311253 0.0117603 0.00241522
threshold=27.585000000000004 30.453741468386692 0 287.44999500000006 8.2899999500000003 28.840281899297949 5.7400000000000011 1.4450000500000002 80.500000000000014 6.7750001000000006 93.500000000000014 157.50000000000003 9.380000100000002 1.9756000000000002 93.150001500000016 12.565000000000003 1.3049999500000002 4.9849999000000009 11.135000000000003 6.7299998000000008 17.450000000000003 63.549999000000007 4.6849999500000008 21.849999500000003 5.9649999000000014
decision_type=8 10 9 10 10 8 10 8 10 10 8 10 10 8 10 10 10 10 8 10 8 10 10 8 10
left_child=1 2 3 4 12 6 -2 21 -8 10 -4 18 13 24 -15 -11 -5 -3 -12 -20 22 -7 -14 -19 -1
right_child=5 17 9 16 -6 7 8 -9 -10 15 11 -13 20 14 -16 -17 -18 23 19 -21 -22 -23 -24 -25 -26
leaf_value=-0.069526058634978224 -0.044762544163256084 -0.0036018350103880466 -0.024495643552097018 -0.012108867468436445 0.054283739481245478 0.08249001503007497 0.0529533197526268 -0.0047643258903871744 -0.015535952664300974 0.013086894306255797 0.085203992195879846 -0.013686418262346064 -0.068532741369264003 0.067677085969047021 -0.027898201964800303 -0.057958797393448454 0.056283070125901884 -0.074903394794058109 0.0091087620365447319 0.071299552027059981 -0.044219943843230143 0.049918545349367995 -0.08308014510152173 -0.064953725159718284 -0.075338984345645024
leaf_weight=0.64818668272345925 2.4956434406340096 0.98898954503238146 1.5957809379324324 1.4537906446494173 0.99216391704976636 1.7407366763800394 2.774407796561718 1.8499478492885826 2.3936799764633179 1.4229008229449402 1.889105552807451 1.490472071804106 1.6497864443808796 1.0074522942304613 1.4842992383055387 1.428195336833596 1.558396942913532 1.5103292418643834 1.7482863366603854 1.518132942728698 1.4810980278998611 1.5387635575607417 1.1284880954772232 0.84358408208936442 0.65451467037200928
leaf_count=32 38 16 24 32 14 25 26 26 24 22 18 25 37 12 38 22 19 32 26 20 27 27 19 24 12
internal_value=-0.000416094 -0.00852852 -0.00235278 -0.0179091 -0.0316228 0.0163843 -0.000259057 0.0412505 0.0212315 0.0145573 0.0273773 0.0398326 -0.0422057 -0.0178166 0.0107443 -0.0225019 0.0232746 -0.0512982 0.055305 0.0380132 -0.0639328 0.0672073 -0.0744417 -0.0713377 -0.0724466
internal_weight=39.2871 26.494 23.1511 12.0582 9.04599 12.7932 7.66373 5.12945 5.16809 11.0929 8.24178 6.646 8.05383 3.79445 2.49175 2.8511 3.01219 3.3429 5.15552 3.26642 4.25937 3.2795 2.77827 2.35391 1.3027
internal_count=637 471 399 242 191 166 88 78 50 157 113 89 177 94 50 44 51 72 64 46 83 52 56 56 44
cat_boundaries=0 1
cat_threshold=2
is_linear=0
shrinkage=0.0675


Tree=62
num_leaves=28
num_cat=3
split_feature=52 39 60 32 37 36 33 55 61 5 58 58 47 36 56 45 37 40 54 38 59 57 47 33 15 38 33
split_gain=1.18754 1.43454 1.28885 1.15955 1.23099 1.47493 1.1298 1.7657 1.41472 1.09135 1.74527 1.38473 1.08501 1.07555 1.0673 0.984468 0.89367 0.869662 0.619481 0.204052 0.158237 0.0394439 0.00405835 0.00191297 0.000121775 0.000107314 3.05469e-05
threshold=28.399999500000003 74.500000000000014 15.450000000000001 180.50000000000003 64.500000000000014 148.50000000000003 25.903248280473381 8.2600002500000027 15.250000000000002 0 5.7750001000000006 4.5750000500000008 16.610000000000003 142.50000000000003 7.3200002000000017 8.4849996500000007 65.500000000000014 1 4.5750000500000008 126.15000000000002 12.865 7.1849999500000008 17.774999500000003 22.465621557206095 2 102.85000000000001 26.827100458896087
decision_type=10 8 8 10 8 10 8 8 10 9 8 8 10 10 10 10 10 9 10 10 10 8 10 10 9 10 10
left_child=3 6 14 4 -1 9 13 8 17 11 -11 -6 -7 18 -3 -10 -13 -8 -2 23 -4 -18 -5 -14 26 -24 -25
right_child=1 2 20 22 5 12 7 -9 15 10 -12 16 19 -15 -16 -17 21 -19 -20 -21 -22 -23 25 24 -26 -27 -28
leaf_value=-0.075113690506790426 0.027029179283962354 0.048352887824371076 0.080951175581709736 -0.077013947894581894 0.067952944155224473 0.013567811109594203 0.062987938308096111 0.066701951887991967 -0.052788250710408012 -0.026735552090342871 0.061686562698609011 0.017549837081018774 -0.073954412801101585 -0.04924943085774295 -0.039618293916729372 0.010957633868231505 -0.073086592340033493 -0.0024862568798560201 -0.024921761794486144 -0.023444738330184383 0.050703125661448523 -0.051754269974403626 -0.070422737323776199 -0.069505030533640863 -0.070343478481327423 -0.06896299840773637 -0.068680876314506228
leaf_weight=1.1748302364721865 2.194477176293737 1.2036337917670601 1.7200212720781567 0.54838821664452442 0.70862906146794591 1.3053817525506031 1.854491675272584 2.2632781732827434 2.6192332152277231 1.4702412728220204 3.2996704634279013 0.87346850708127055 0.68595106899738389 3.2988613555207849 1.3147292602807281 1.9078861791640518 1.1727836634963746 1.8427871856838429 1.9979397766292093 0.5099355587735771 1.4542047046124933 0.59542540926486265 0.44825760833919048 0.39716041600331664 0.60270627401769139 0.47011841461062431 0.423303313087672
leaf_count=26 22 26 27 9 8 17 21 24 36 29 39 8 13 38 15 22 35 23 21 15 34 20 14 18 21 27 29
internal_value=-0.00040023 0.00895477 0.0384855 -0.0154788 -0.00916097 -0.00272797 -0.000395412 0.0139054 -0.000623736 0.0136929 0.034432 -0.0158337 -0.0367052 -0.0204163 0.00242691 -0.0259235 -0.0383095 0.0303545 0.00227142 -0.0617621 0.0670937 -0.0659032 -0.0724192 -0.0710263 -0.069615 -0.0696755 -0.0690798
internal_weight=38.3578 23.6715 5.69259 14.6863 13.2195 12.0447 17.979 10.4877 8.2244 8.12022 4.76991 3.35031 3.92444 7.49128 2.51836 4.52712 2.64168 3.69728 4.19242 2.61906 3.17423 1.76821 1.46676 2.10912 1.42317 0.918376 0.820464
internal_count=637 309 102 328 278 252 207 126 102 139 68 71 113 81 41 58 63 44 43 96 61 55 50 81 68 41 47
cat_boundaries=0 1 2 3
cat_threshold=2 2 2
is_linear=0
shrinkage=0.0675


Tree=63
num_leaves=31
num_cat=1
split_feature=45 59 39 38 34 38 60 44 5 58 58 54 45 57 57 50 38 49 39 58 33 59 58 48 31 31 45 36 62 55
split_gain=1.12145 1.5493 1.19845 1.09042 1.8477 0.924297 1.24291 1.1581 1.54734 1.4039 1.24124 1.15391 0.780823 0.956436 1.72165 1.20736 1.13989 0.667356 0.41381 0.328357 0.29182 0.248509 0.205789 0.0664919 0.0195503 0.0124729 0.00172783 0.000423972 5.6112e-05 3.03043e-05
threshold=7.315000050000001 13.145000000000001 39.500000000000007 127.50000000000001 2.0048999500000004 107.85000000000001 12.15 6.7650001000000008 0 5.1949999500000006 5.4749999000000011 4.5550000500000012 7.5250001000000006 6.9399998000000007 8.1050000500000028 7.8950000000000005 102.50000000000001 6.0550000500000012 49.500000000000007 6.5350001000000004 21.891291228853103 11.845000000000001 7.0250001000000006 9.380000100000002 124.00000000000001 74.500000000000014 7.1450000000000005 158.50000000000003 1.2150000000000001 7.1050000000000013
decision_type=10 10 10 8 8 8 8 10 9 8 10 10 8 8 8 10 10 10 8 10 10 8 10 8 8 10 10 8 10 8
left_child=1 3 27 5 -5 6 20 8 9 -8 -10 23 -4 15 -15 -14 -17 -13 -3 -12 -1 -11 24 -7 26 -25 28 -2 -20 -29
right_child=2 18 12 4 -6 11 7 -9 10 21 19 17 13 14 -16 16 -18 -19 22 -21 -22 -23 -24 25 -26 -27 -28 29 -30 -31
leaf_value=-0.017195071723691755 0.071576489711762156 -0.0053953514709049969 0.045653672873870794 -0.026584093875940438 0.075830296533394931 -0.050397743336095202 0.036098675551609484 0.060710883314389202 -0.022491198737649831 -0.074547344036788921 0.06967724346834879 -0.037423891825557838 -0.059195438037449241 0.071072189385884402 -0.012305570483610044 0.039474966359808551 -0.033084373192887311 0.039022275689216235 -0.068857222347969649 0.027310321172402102 -0.07279452654749112 -0.030515026844934907 -0.033364791975097383 -0.082795166929062455 -0.085641925657485712 -0.071075416892532564 -0.07451181232258812 0.069618504843048962 -0.069997814000806097 0.06884475123601598
leaf_weight=0.69786490499974085 0.61324806697666523 0.67678400222212021 2.0600971225649092 1.379974102135747 1.9184727650135753 0.60220240848138873 0.93757333885878358 1.6595285981893546 1.7860178500413875 1.7723092297092082 1.5707994392141702 1.0624057375825944 2.0718694627284995 1.9732223227620131 2.6354034021496773 2.0421941261738543 1.9082290008664129 1.0196715928614137 0.47177434014156461 1.7756979791447518 1.121031488291919 0.87099010869860638 0.70261944830417622 0.78005705494433619 0.64529577270150196 0.88109024753794074 0.46061789430677891 0.56284331344068061 0.33682170975953341 0.39072483871132135
leaf_count=11 13 12 20 22 30 27 14 13 27 36 15 33 23 20 25 23 18 11 32 25 33 27 18 12 5 28 7 21 14 22
internal_value=-0.000394048 -0.00957259 0.0144957 -0.00245357 0.0329831 -0.00952161 5.47511e-06 0.0090304 -0.000812531 -0.0348669 0.0229467 -0.0362514 0.00761955 0.000249165 0.0233933 -0.0174622 0.0044256 1.46722e-05 -0.0524428 0.0471968 -0.0514624 -0.0600383 -0.0646091 -0.069613 -0.0760757 -0.0765789 -0.0712121 0.0701919 -0.0693323 0.0693015
internal_weight=37.3874 23.1296 14.2578 19.8357 3.29845 16.5372 12.1918 10.3729 8.71339 3.58087 5.13252 4.34543 12.691 10.6309 4.60863 6.02229 3.95042 2.08208 3.29391 3.3465 1.8189 2.6433 2.61713 2.26335 1.91451 1.66115 1.26921 1.56682 0.808596 0.953568
internal_count=637 452 185 364 52 312 201 157 144 77 67 111 129 109 45 64 41 44 88 40 44 63 76 67 58 40 53 56 46 43
cat_boundaries=0 1
cat_threshold=2
is_linear=0
shrinkage=0.0675


Tree=64
num_leaves=31
num_cat=3
split_feature=33 53 45 14 13 37 37 59 54 53 59 59 57 63 51 61 55 58 21 60 33 63 36 39 46 46 46 47 50 33
split_gain=1.05289 1.45933 0.972702 0.959065 0.971878 0.94789 0.861887 0.836926 0.788545 1.46243 1.24323 1.15061 1.26538 1.31207 1.08413 0.997268 0.914285 0.702192 0.232314 0.126102 0.0819072 0.00942388 0.00363782 0.00263253 0.00251932 0.00176972 0.000500331 0.000161347 6.92394e-05 2.0189e-05
threshold=39.386540774089049 6.3750000000000009 7.1250000000000009 0 1 57.500000000000007 75.500000000000014 11.490000000000002 5.2550001000000011 29.054999000000006 12.245000000000003 10.735000000000001 7.2650001000000008 50.149999500000007 24.965000500000006 14.550000000000002 4.1150000000000011 7.2000000500000008 2 21.500000000000004 21.778106508875741 122.25000000000001 125.50000000000001 48.500000000000007 21.814999500000003 22.615000000000006 15.285000000000002 28.165000000000003 5.8999998500000013 24.325801842254702
decision_type=8 8 10 9 9 10 10 10 8 8 8 8 8 8 10 8 10 8 9 8 10 10 10 10 8 8 10 10 10 10
left_child=1 5 7 4 -3 -1 -5 -2 9 11 -11 -6 14 -14 16 -12 -13 -15 -17 21 -7 22 -18 -4 27 26 -22 -24 29 -28
right_child=2 3 23 6 8 20 -8 -9 -10 10 15 12 13 17 -16 18 19 -19 -20 -21 25 -23 24 -25 -26 -27 28 -29 -30 -31
leaf_value=0.0369290012674569 0.040450896945707887 0.051891090288998548 0.069793961871532556 0.065746699400417677 0.023749580405698772 -0.034073698748018598 -0.0017663664246594002 -0.024962721703074633 -0.054596482655600874 -0.025463889048432199 -0.0031519142361775229 0.015009667830810746 0.03504838559714752 -0.076059853598649432 0.00016933901590753035 0.077962830578464176 -0.077237067550026309 0.00071817380845341327 0.041324483062179229 -0.046148798157705381 -0.071968739115348151 -0.066112399242016978 -0.069774987000934416 0.075362615158911503 -0.075294942323582151 -0.074308535074021145 -0.069289099400113949 -0.071330418271130402 -0.069952550915579642 -0.0686303866855629
leaf_weight=0.48265079967677893 1.8307700641453259 1.3008284289389849 0.74887324310839154 1.7803242299705808 2.6978979129344269 0.31427898537367616 1.6694528996013103 1.7363893669098613 1.5487714535556723 1.850480900146066 1.6414227532222865 0.71226399298757215 2.592485949397088 1.0414531854912641 2.0901163490489125 1.7652776278555395 1.0422442983835942 1.1333822160959242 1.425066018477082 1.0729963569901881 0.38465612847358022 0.89137389231473196 0.71496952930465363 0.79999270662665367 0.79838178120553482 0.52872680500149716 0.33681516302749492 0.5284362486563623 0.38703200872987509 0.57206317642703652
leaf_count=4 23 19 31 18 37 10 28 19 27 22 16 14 30 19 24 22 13 22 22 28 8 32 33 11 10 7 18 13 14 43
internal_value=-0.000385907 -0.00502565 0.0280037 -0.000275393 -0.00490564 -0.0497399 0.0330751 0.00860945 -0.00804331 -0.00476576 0.0215829 -0.0162615 -0.0248163 0.00261439 -0.0414733 0.0396009 -0.0565824 -0.0360482 0.0615972 -0.0666831 -0.066316 -0.0722254 -0.0739923 0.0726702 -0.072336 -0.0709026 -0.069831 -0.070436 -0.0691965 -0.0688745
internal_weight=36.4199 31.3038 5.11603 28.2976 24.8478 3.00622 3.44978 3.56716 23.547 21.9982 6.68225 15.316 12.6181 4.76732 7.85078 4.83177 5.76067 2.17484 3.19034 5.0484 2.52357 3.97541 3.08403 1.54887 2.04179 2.20929 1.68057 1.24341 1.29591 0.908878
internal_count=637 553 84 449 403 104 46 42 384 357 82 275 238 71 167 60 143 41 44 129 100 101 69 42 56 90 83 46 75 61
cat_boundaries=0 1 2 3
cat_threshold=1 2 1
is_linear=0
shrinkage=0.0675


Tree=65
num_leaves=29
num_cat=3
split_feature=45 34 62 56 61 57 60 31 40 61 63 54 39 27 48 61 56 59 59 55 27 46 33 59 37 45 51 59
split_gain=0.992583 1.03637 1.28391 1.05128 1.02442 0.87088 1.00538 1.19821 1.39938 1.08775 1.48375 1.23735 1.01559 0.992188 0.974513 1.5072 0.9227 0.810338 0.724145 0.552594 0.455926 0.278742 0.0849447 0.0640218 0.051944 0.022431 0.00301311 0.000164089
threshold=9.9949999000000016 1.6225000000000003 0.97500002500000005 8.5349998500000002 40.500000000000007 8.8000002000000013 15.15 83.500000000000014 0 12.750000000000002 63.549999000000007 4.3650000000000011 50.500000000000007 1 29.384999000000004 11.750000000000002 6.3950000000000005 13.850000000000001 10.540000000000001 5.5750000500000008 2 23.070000500000003 29.349285149474547 12.200000000000001 75.500000000000014 8.0850000500000032 21.835000000000004 11.615
decision_type=10 10 10 10 8 10 10 8 9 10 10 10 10 9 8 8 8 10 10 10 9 10 10 10 10 10 10 8
left_child=1 2 -1 5 23 6 7 8 20 -8 11 -11 -10 -9 15 -15 -13 22 -4 -20 -3 -18 -12 -5 -14 26 27 -26
right_child=-2 3 18 4 -6 -7 9 13 12 10 17 16 24 14 -16 -17 21 -19 19 -21 -22 -23 -24 -25 25 -27 -28 -29
leaf_value=-0.019832421722205038 0.056183779525958398 -0.017808748728102244 0.078858448251341251 -0.051394973424817463 0.015176786160899956 -0.059122928485206123 0.078079498432094621 -0.042144057476974923 -0.0022915304563956474 -0.024692886830080588 -0.072740716687533 -0.0063197828570562753 -0.058603379988573678 0.059061844692266045 0.066657892245153311 -0.048286582909340681 0.042289601044883648 0.018475243407764155 -0.0097102680336133736 0.051080433228610125 0.038952489372153253 0.080306037307124087 -0.041628239670805936 -0.074496046194759788 -0.070956443029309715 -0.085814839964634876 -0.075908347823478439 -0.06921024100703449
leaf_weight=2.2607616977766147 1.3593920581042755 1.3492934955284062 1.6069609895348547 0.82451068470254529 0.97294662334024895 1.2146358611062158 1.1181615041568864 1.2199685499072075 1.3369003776460902 1.7076210854575018 1.1355134965851905 1.3063310608267782 1.0053493375889959 1.0777119379490625 1.6812051264569161 1.3330005113966761 1.8774772365577521 0.85165403131395567 1.3168602408841255 1.4116395395249126 1.2348196180537343 1.65194671228528 0.61712809791788448 1.6216766512952743 0.41812766157090675 0.83377316594123829 0.62032917514443386 0.59280375391244899
leaf_count=27 28 23 19 23 15 21 11 24 22 30 39 17 26 15 19 35 29 13 16 37 18 18 16 37 13 5 8 33
internal_value=-0.000381581 -0.00263002 0.0214071 -0.00837414 -0.0434081 -0.00342099 -0.000475402 -0.0131705 -0.0307446 0.015234 0.00755206 0.0247024 -0.0522781 0.0112835 0.0272125 -0.000296338 0.0421451 -0.0355388 0.0429118 0.0217409 0.00931463 0.0600832 -0.0617856 -0.0667096 -0.0715345 -0.0768084 -0.072205 -0.0699325
internal_weight=35.5585 34.1991 6.59622 27.6029 3.41913 24.1838 22.9691 12.7033 7.3914 10.2658 9.14767 6.54338 4.80728 5.31189 4.09192 2.41071 4.83576 2.6043 4.33546 2.7285 2.58411 3.52942 1.75264 2.44619 3.47038 2.46503 1.63126 1.01093
internal_count=637 609 99 510 75 435 414 241 148 173 162 94 107 93 69 50 64 68 72 53 41 47 55 60 85 59 54 46
cat_boundaries=0 1 2 3
cat_threshold=1 2 1
is_linear=0
shrinkage=0.0675


Tree=66
num_leaves=31
num_cat=2
split_feature=45 59 39 38 34 63 59 59 63 61 63 39 61 59 58 53 40 55 50 1 39 39 58 31 36 50 48 36 38 55
split_gain=0.98569 1.29776 1.05289 0.91455 1.19631 0.874122 1.48449 1.24018 0.987194 1.09178 0.819882 0.777767 0.983562 0.719796 0.709886 1.07645 0.660438 0.57837 0.739151 0.515334 0.251357 0.104183 0.0585528 0.0311833 0.00333858 0.00331739 0.000320663 0.000304282 4.97445e-05 1.89241e-05
threshold=7.315000050000001 13.750000000000002 39.500000000000007 127.50000000000001 2.0048999500000004 63.549999000000007 12.145000000000001 11.035000000000002 306.65001000000007 7.7500000000000009 91.349998500000012 49.500000000000007 13.65 10.855000000000002 7.5799999000000016 29.054999000000006 0 7.3850000000000007 4.9649999000000014 1 69.500000000000014 71.500000000000014 4.8500001500000005 55.500000000000007 123.50000000000001 6.4849999000000009 18.415000000000003 158.50000000000003 99.849998500000012 7.1050000000000013
decision_type=10 10 10 8 8 8 8 8 10 10 10 10 10 10 8 10 9 10 10 1 8 10 10 10 10 10 8 8 10 8
left_child=1 3 27 5 -5 6 17 10 19 -10 -7 -8 -13 -4 15 16 -15 18 -1 21 -11 23 -20 -9 -3 26 28 -2 -25 -29
right_child=2 24 13 4 -6 7 11 8 9 20 -12 12 -14 14 -16 -17 -18 -19 22 -21 -22 -23 -24 25 -26 -27 -28 29 -30 -31
leaf_value=0.015250354730225556 0.071122425899790079 -0.076449758197934425 0.045505755856279119 -0.023669182908776006 0.057736724846118095 0.061547346204520292 0.072685177252884134 -0.08770485089126788 0.063308727963672179 -0.069918702333058427 -0.017836609361981712 -0.036752045288312059 0.047227672251172206 -0.0033164988447306268 0.038397621358771242 0.02839601234971062 -0.04988876203991436 0.015305359507582036 -0.046324238489645869 -0.0087269707696592171 -0.0074484070549803976 -0.047733860452209807 -0.072222368582221488 -0.069865031743363309 -0.069764676885433655 -0.076176360076894642 -0.071234118638542676 0.069342748415636701 -0.068818206821718617 0.068689737400655052
leaf_weight=0.72588072251529556 0.54676718823611614 0.62347719911485799 1.9148098099976767 1.3346333559602492 2.1434919843450189 0.99971652869134908 1.4563484378159044 0.76435332000254952 0.72999055311083783 0.64827639237046208 1.4562736935913561 1.1167096411809327 1.4743268322199581 3.0109409894794226 1.819873001426459 2.516655451618135 2.5728205181658232 1.1061107860878108 0.56136346794664849 0.74907351564616753 0.53617953788489114 0.7470098896883427 1.3647832651622591 0.37420244840905081 0.7496006740257144 0.57756894826889027 0.71371113229542982 0.491280415095389 0.46239889180287719 0.34363267850130796
leaf_count=13 13 8 20 23 35 11 14 5 6 26 30 22 23 33 17 30 29 16 12 19 16 24 36 15 39 8 22 21 29 22
internal_value=-0.000370002 -0.00931607 0.0141255 -0.00496686 0.0264995 -0.0115741 0.00485161 -0.0262121 -0.0420674 -0.00162217 0.0144768 0.0332172 0.0110333 0.00761599 0.000302528 -0.00825607 -0.0247755 -0.0256971 -0.0427985 -0.059712 -0.0416396 -0.0702063 -0.0646745 -0.0760105 -0.0728002 -0.0718098 -0.0701831 0.0698846 -0.0692864 0.069074
internal_weight=34.6323 21.4155 13.2168 20.0424 3.47813 16.5643 7.80552 8.75875 6.30276 1.91445 2.45599 4.04738 2.59104 11.8351 9.92029 8.10042 5.58376 3.75814 2.65203 4.38832 1.18446 3.63924 1.92615 2.89223 1.37308 2.12788 1.55031 1.38168 0.836601 0.834913
internal_count=637 452 185 405 58 347 136 211 170 48 41 59 45 129 109 92 62 77 61 122 42 103 48 79 47 74 66 56 44 43
cat_boundaries=0 1 2
cat_threshold=2 2
is_linear=0
shrinkage=0.0675


Tree=67
num_leaves=28
num_cat=2
split_feature=53 34 57 46 39 21 0 60 34 34 32 48 54 63 5 48 36 63 62 0 53 44 37 50 50 49 62
split_gain=0.892262 1.36714 0.901938 0.994741 1.07223 1.02452 0.811089 0.802882 0.753821 1.11791 0.756371 2.21875 1.02285 0.968214 0.748009 0.597115 0.752695 0.280606 0.181474 0.172627 0.0687537 0.0179065 0.00131489 0.000999973 0.00039902 3.16091e-05 1.60768e-05
threshold=6.3750000000000009 2.2503999500000007 4.5100000000000007 18.290000000000003 82.500000000000014 0 73.500000000000014 18.250000000000004 1.6225000000000003 1.8388000000000002 177.50000000000003 14.260000000000002 4.2850001000000004 50.149999500000007 1 29.384999000000004 144.50000000000003 1.0000000180025095e-35 1.3950000000000002 67.500000000000014 12.785000000000002 4.3499999000000011 65.500000000000014 6.3250000500000008 4.4900000000000011 5.7950001000000011 1.2150000000000001
decision_type=8 8 8 10 8 9 2 10 10 8 8 8 10 10 9 10 10 8 8 2 10 10 10 10 8 10 10
left_child=1 18 -2 5 8 7 -6 17 -5 -10 11 -11 -12 -13 -7 16 -14 -4 23 -19 -8 -21 -23 24 -1 26 -26
right_child=2 -3 3 4 6 14 20 -9 9 10 12 13 15 -15 -16 -17 -18 19 -20 21 -22 22 -24 -25 25 -27 -28
leaf_value=-0.071631190833083461 0.051216829832903495 0.024498191575675021 -0.016505814232215733 0.043680444181124614 -0.0030546039972518531 0.040958294339567908 0.076422863075295833 0.012192085430484174 -0.045503015133720216 -0.043785393097734729 0.042821436291171064 0.070839762085005226 -0.058704016295177033 0.0088286769913082652 -0.025873826297381892 0.014670537083706787 -0.00023275865884721394 -0.037176763234563842 -0.025695782709256289 -0.084370164876917439 0.05268333277479028 -0.073963061191918922 -0.069449154482587039 -0.072968261643063054 -0.068453809586787373 -0.069523649953075264 -0.069129938184302561
leaf_weight=0.34013953991234269 1.7031839033588791 1.3011937066912649 0.60780306579545174 1.7293978594243586 1.1692167082801455 1.5974566722288728 1.2869480224326255 0.95972597319632758 2.4178755246102783 1.7583117163740087 1.3006980828940875 2.7575388876721263 2.6069721197709441 1.964469628408551 1.4607881419360664 1.3977930322289465 1.6304489998146889 0.65685165720060501 0.51909804483875621 0.86003548279404674 0.97846646700054396 0.55354096181690671 0.62717599980533123 0.59093479672446836 0.43842723919078719 0.30743193440139294 0.25252094026654959
leaf_count=7 30 18 15 23 32 22 21 20 36 26 15 32 34 30 34 17 26 19 12 15 27 11 34 13 38 15 15
internal_value=-0.000367169 -0.0314124 0.00351003 0.00064106 0.00811184 -0.0207797 0.0426042 -0.0421583 0.00136669 -0.00325481 0.00435917 0.0209401 -0.0111327 0.0450417 0.00903555 -0.0235861 -0.0362058 -0.0579389 -0.061124 -0.0672743 0.0661694 -0.0769617 -0.0715654 -0.0706555 -0.0696345 -0.0689543 -0.0687009
internal_weight=33.7744 3.74975 30.0247 28.3215 20.9981 7.32338 3.43463 4.26513 17.5635 15.8341 13.4162 6.48032 6.93591 4.72201 3.05824 5.63521 4.23742 3.30541 2.44855 2.6976 2.26541 2.04075 1.18072 1.92945 1.33852 0.99838 0.690948
internal_count=637 118 519 489 319 170 80 114 239 216 180 88 92 62 56 77 60 94 100 79 48 60 45 88 75 68 53
cat_boundaries=0 1 2
cat_threshold=2 4
is_linear=0
shrinkage=0.0675


Tree=68
num_leaves=27
num_cat=4
split_feature=45 15 38 8 58 35 0 21 63 60 58 0 39 54 32 24 0 60 54 63 45 58 44 39 61 59
split_gain=0.852075 0.908919 1.14892 1.21761 1.14756 1.8289 1.32111 1.12948 1.00679 0.923913 1.16172 0.82305 0.957874 0.760438 0.659254 0.580034 0.530514 0.413765 0.408685 0.393145 0.510388 0.308261 0.0109296 0.000310195 5.73012e-05 1.28616e-05
threshold=9.9949999000000016 0 96.150001500000016 1 6.4349999500000008 1.9047000500000002 80.500000000000014 2 28.050000500000003 18.050000000000004 6.1949999500000006 77.500000000000014 69.500000000000014 4.2149999000000014 173.50000000000003 3 74.500000000000014 16.450000000000003 4.8750000000000009 8.2500000000000018 7.2950001000000011 5.2600000000000007 7.1400001000000008 79.500000000000014 15.050000000000002 11.815000000000003
decision_type=10 9 10 9 10 10 2 9 8 8 10 2 10 8 10 9 2 8 10 10 8 8 10 10 10 10
left_child=1 2 3 -1 6 -6 7 8 -3 10 21 13 -13 14 -4 -11 17 -7 22 -9 -21 -5 23 24 25 -15
right_child=-2 4 11 9 5 16 -8 19 -10 15 -12 12 -14 18 -16 -17 -18 -19 -20 20 -22 -23 -24 -25 -26 -27
leaf_value=0.061321608711332985 0.054598353870025242 0.047595204037315549 -0.050907561722832097 -0.030094422468077399 0.031912622979307879 0.0031829184782707224 -0.041002595066847572 0.075850016871108247 -0.034747006883393279 -0.0088707449674935383 0.022070832644114281 -0.037244702124282603 0.045266259173281323 -0.069258681933557636 0.037246079578736865 0.055614949860161335 -0.076011187657617732 -0.05754210799943725 -0.022940638397608588 0.013660416942394782 0.061050340617407009 -0.07845632292331256 -0.078074477098370773 -0.07139090826353213 -0.069825887365745951 -0.068618004712479932
leaf_weight=1.4164243414998055 1.2372070075944055 1.1070420471951368 0.75701249903067747 1.0832862108945862 2.3163416059687743 1.1784304538741714 1.2894372604787339 1.7523226123303155 1.7398244687356053 1.2689871215261519 1.303915807045996 1.4240347631275656 1.1658973186276851 0.25946411583572648 0.78979076724499464 1.273129811976105 1.4813000266440211 0.90298468433320511 0.95367488358169783 2.0403360049240291 2.1024611322209239 1.3474628208205102 1.3436794914305208 0.49912608647719015 0.66376045532524586 0.31742146634496748
leaf_count=19 28 17 28 19 33 24 19 22 37 23 24 33 22 13 12 17 22 21 22 37 33 25 14 16 30 27
internal_value=-0.000359238 -0.00249892 -0.0139303 0.00479205 0.00890129 -0.0147785 0.0227792 0.0321869 -0.00272714 -0.00796446 -0.0293304 -0.0315518 -0.000101138 -0.0461391 -0.00589671 0.0234246 -0.0451353 -0.0231615 -0.0615578 0.0490476 0.0377107 -0.0569034 -0.0735016 -0.0699699 -0.0693982 -0.0689062
internal_weight=33.0148 31.7775 15.8671 7.69321 15.9105 5.87906 10.0314 8.74199 2.84687 6.27678 3.73466 8.17386 2.58993 5.58393 1.5468 2.54212 3.56272 2.08142 4.03713 5.89512 4.1428 2.43075 3.08345 1.73977 1.24065 0.576886
internal_count=637 609 344 127 265 100 165 146 54 108 68 217 55 162 40 40 67 45 122 92 70 44 100 86 70 40
cat_boundaries=0 1 2 3 4
cat_threshold=2 4 2 1
is_linear=0
shrinkage=0.0675


Tree=69
num_leaves=28
num_cat=1
split_feature=45 59 39 39 59 62 56 33 33 61 61 62 33 51 50 0 48 39 58 61 38 46 53 36 37 21 55
split_gain=0.840991 1.20953 0.944761 0.924248 0.705326 0.687147 0.913369 0.995745 0.971523 0.789357 1.46581 0.786562 0.67418 0.554287 1.07014 0.747655 0.435817 0.375645 0.172902 0.148047 0.0141253 0.00155683 0.000687712 0.000228811 0.000201241 7.4842e-05 1.31662e-05
threshold=7.315000050000001 13.145000000000001 39.500000000000007 29.500000000000004 10.790000000000001 0.92500001500000006 6.9649999000000014 25.09118231263135 24.761515117866587 12.450000000000001 17.150000500000004 0.97500002500000005 23.457676249361885 24.965000500000006 7.4649999000000014 73.500000000000014 3.7650000000000006 48.500000000000007 7.0250001000000006 8.849999900000002 67.349998500000012 22.355000500000006 25.244999500000002 97.000000000000014 82.500000000000014 0 7.1050000000000013
decision_type=10 10 10 10 10 8 8 10 8 10 10 10 10 10 10 2 10 8 10 10 10 10 8 10 10 9 8
left_child=1 3 23 -1 -4 16 9 8 12 -7 -11 -9 -8 14 -6 -15 -5 -3 20 -13 -19 25 24 26 -21 -22 -2
right_child=2 17 4 5 13 6 7 11 -10 10 -12 19 -14 15 -16 -17 -18 18 -20 22 21 -23 -24 -25 -26 -27 -28
leaf_value=0.038694489025686001 0.069133881293156188 -0.0010554235661717276 0.048444495024299011 -0.0052299128054774701 0.013278348109012421 0.046530867832139153 0.0013105487981241849 0.014036596323969941 0.038252312371525724 -0.07027648028565793 0.033416189867675077 -0.033489234373403481 -0.0722886729778493 0.044314800655783151 -0.058180964962554683 -0.0060476827273437308 -0.073399355317425502 -0.085611189810352151 -0.032561727937321448 -0.070613595526777484 -0.069930745268614314 -0.074175817823547069 -0.072658168467115591 0.070772084611499433 -0.068995707157988764 -0.06854255695333715 0.068555327448294845
leaf_weight=2.1894378392025891 0.42970822099596151 0.55936220474541132 1.6195897944271553 0.69271382316946706 2.0808889195322977 2.4978306395933023 1.6124602439813318 0.81048797024413977 2.0424579661339521 1.0096369644161316 1.6142312558367846 0.63835392892360721 0.87467669788748015 2.2117987740784883 1.7644965127110479 3.4193972898647189 1.1152192251756785 0.40797134488821063 0.6126434952020644 0.83823250420391582 0.30125342775136177 0.44631392695009708 0.59956784360110749 0.49215720593929291 0.60175740579143167 0.42885728483088348 0.30744280107319355
leaf_count=35 21 10 18 12 24 33 31 17 16 38 26 17 29 28 20 39 34 3 19 27 11 7 11 13 38 38 22
internal_value=-0.000355663 -0.00893968 0.013499 -0.00226454 0.0072788 -0.00826397 -0.00289562 -0.0171192 0.00375591 0.0193713 -0.00648366 -0.0442249 -0.0245728 0.000243405 -0.0195115 0.0137335 -0.0472801 -0.0504402 -0.0630135 -0.0618582 -0.0747884 -0.0710352 -0.0707373 0.069645 -0.0699375 -0.0691153 0.0688926
internal_weight=32.2189 19.8935 12.3255 17.1371 11.0962 14.9476 13.1397 8.01799 4.52959 5.1217 2.62387 3.4884 2.48714 9.47658 3.84539 5.6312 1.80793 2.7564 2.19704 2.67791 1.5844 1.17642 2.03956 1.22931 1.43999 0.730111 0.737151
internal_count=637 452 185 364 129 329 283 186 76 97 64 110 60 111 44 67 46 88 78 93 59 56 76 56 65 49 43
cat_boundaries=0 1
cat_threshold=1
is_linear=0
shrinkage=0.0675


Tree=70
num_leaves=24
num_cat=2
split_feature=53 38 46 37 33 39 38 5 33 33 56 34 63 33 45 21 38 63 56 63 50 58 46
split_gain=0.784819 1.06557 0.754421 1.138 1.10159 0.912406 0.896436 0.916017 0.70335 0.635804 0.933805 0.968108 0.918128 0.887202 0.531705 0.408836 0.406043 0.220521 0.21543 0.0608073 0.00240476 0.000107763 1.72942e-05
threshold=6.0050001500000016 96.150001500000016 18.290000000000003 77.500000000000014 39.386540774089049 82.500000000000014 107.85000000000001 0 30.453741468386692 25.903248280473381 7.2249999000000011 1.98039995 160.25000000000003 23.979276698240934 7.4649999000000014 1 109.85000000000001 92.500000000000014 6.3950000000000005 28.050000500000003 6.6299999000000005 5.2349999000000009 16.925000000000004
decision_type=8 10 10 8 8 8 10 9 8 10 8 10 8 10 10 9 10 10 10 8 10 8 10
left_child=1 -1 3 19 5 8 7 -5 9 12 18 -12 13 -4 -10 -8 -7 -6 -11 -2 21 -3 -23
right_child=2 20 4 6 17 16 15 -9 14 10 11 -13 -14 -15 -16 -17 -18 -19 -20 -21 -22 22 -24
leaf_value=0.0086629712093768199 -0.045944107881307691 -0.070444979633376356 -0.0030314285472664974 -0.016703713911603042 0.073940409797821405 0.063567116136296967 -0.075798204540799261 0.046751500044902493 -0.072060260116641753 0.025345997400184509 0.036124969592995056 -0.036008381634070857 0.02133155728207433 -0.06244737359058844 -0.0029546148792936951 -0.0097007528039007394 0.008802727250431696 0.027870711685740276 0.060111509846925495 -0.072765501882674069 -0.074927444877307084 -0.069319932860369429 -0.068610299433734062
leaf_weight=1.4502572962082951 0.58557148277759785 0.34713556384667732 2.7657566117122858 2.0153215895406902 1.2824576385319226 1.5609115529805415 0.83860363531857729 2.134149415884167 1.0427089617587619 1.4538045879453423 1.472264791838825 1.9984374097548423 2.7686233310960233 1.954040043056011 0.98790613003075112 0.86736474791541673 1.0199115853756664 0.75039636809378851 1.8398993317969141 1.1250729872845113 0.59893297776579857 0.31033506384119391 0.31560127902776003
leaf_count=37 14 17 35 39 34 39 37 32 25 23 18 32 31 31 15 25 18 21 24 39 9 16 26
internal_value=-0.000360942 -0.0330656 0.00311168 -0.0151515 0.00972411 0.00463662 -0.00100204 0.0159325 -0.00127334 0.00402183 0.019022 -0.00540956 -0.00952802 -0.0276302 -0.03844 -0.0421923 0.0419249 0.0569345 0.0447664 -0.0635843 -0.0715624 -0.0694911 -0.0689621
internal_weight=31.4855 3.02226 28.4632 7.56608 20.8971 18.8643 5.85544 4.14947 16.2834 14.2528 6.76441 3.4707 7.48842 4.7198 2.03062 1.70597 2.58082 2.03285 3.2937 1.71064 1.572 0.973072 0.625936
internal_count=637 105 532 186 346 291 133 71 234 194 97 50 97 66 40 62 57 55 47 53 68 59 42
cat_boundaries=0 1 2
cat_threshold=2 2
is_linear=0
shrinkage=0.0675


Tree=71
num_leaves=24
num_cat=2
split_feature=29 53 48 57 48 45 59 38 31 16 59 60 56 38 36 53 35 63 53 61 59 47 53
split_gain=0.768399 0.843653 1.01346 0.897156 0.820775 0.949476 1.24911 0.828233 0.944418 0.813205 0.572775 0.612916 0.631456 0.887341 0.833128 1.24789 0.663815 0.800524 0.479858 0.200938 0.103433 0.00413474 0.000111289
threshold=0 29.054999000000006 42.424999000000007 8.8850002000000021 23.985000500000002 8.2750001000000015 13.795000000000002 107.85000000000001 124.00000000000001 1 10.595000000000001 11.550000000000002 7.1250000000000009 92.849998500000012 116.50000000000001 15.875000000000002 1.8825999500000001 22.500000000000004 10.975000000000001 18.849999500000003 10.540000000000001 40.940000500000004 7.3250000500000008
decision_type=9 10 10 10 10 10 10 10 8 9 8 8 8 8 10 8 10 8 10 10 10 10 8
left_child=1 3 -3 4 5 6 7 10 18 -7 -1 -12 14 -14 -13 -16 -15 -18 20 -8 -9 22 -22
right_child=-2 2 -4 -5 -6 9 19 8 -10 -11 11 12 13 16 15 -17 17 -19 -20 -21 21 -23 -24
leaf_value=0.037199821271071826 0.043633360255204111 0.062477623817760161 -0.011752857205826691 -0.069919449116046389 -0.051525959371896031 -0.0031538418353437678 -0.074030562563996524 -0.037913257394530282 0.031414675592714575 0.06175502368296093 -0.053007720160261632 0.063320360880660606 -0.058172251675083567 0.031583001929885987 -0.044778868319931706 0.045760091462575342 0.021916188754003099 -0.058279501289443085 -0.0095698716879824824 -0.028308991406573614 -0.068863815925072527 -0.077340051576472155 -0.070235387263188898
leaf_weight=2.3302671620622464 1.7089048647321785 1.8450877023860806 1.5353440404869614 0.99588603246956964 1.5875598760321725 1.6765887318179011 1.2841665993910272 0.5480280783958732 0.96766824275255192 1.8496089763939372 0.9001641464419653 1.5957898711785663 1.319380997214467 2.1694315210916102 1.3389370739459994 1.4391051856800912 1.0698537924326958 1.2069010352715848 1.1713936501182614 0.66461335122585286 0.42798007652163472 0.45227886363863934 0.72808349831029784
leaf_count=31 37 32 27 23 31 22 35 22 9 30 27 22 33 30 38 18 20 30 33 21 34 5 27
internal_value=-0.000356051 -0.00293898 0.0287632 -0.00710506 -0.00457528 -0.00135418 -0.00715155 -0.00149382 -0.0272796 0.030893 0.00679056 0.000371678 0.00511064 -0.00956102 0.0244508 0.0021229 0.0048641 -0.0205953 -0.044347 -0.0584376 -0.0632388 -0.0718683 -0.0697276
internal_weight=30.813 29.1041 3.38043 25.7237 24.7278 23.1402 19.614 17.6653 4.29543 3.5262 13.3698 11.0396 10.1394 5.76557 4.37383 2.77804 4.44619 2.27675 3.32776 1.94878 2.15637 1.60834 1.15606
internal_count=637 600 59 541 518 487 435 379 130 52 249 218 191 113 78 56 80 50 121 56 88 66 61
cat_boundaries=0 1 2
cat_threshold=1 2
is_linear=0
shrinkage=0.0675


Tree=72
num_leaves=29
num_cat=3
split_feature=59 51 59 16 59 23 56 61 33 14 49 55 38 61 45 62 55 38 61 57 48 56 50 36 38 36 49 39
split_gain=0.744569 1.15803 1.42194 1.04572 1.18471 1.03837 0.633974 0.818312 0.794192 0.819499 0.986245 0.794501 0.762278 0.733142 0.715238 0.635936 0.49053 0.434002 0.271762 0.230211 0.226851 0.0302503 0.0165305 0.00681011 0.00260373 0.00130988 0.001065 0.000251635
threshold=16.245000000000001 23.950000000000006 13.145000000000001 0 13.795000000000002 1 6.4549999000000007 12.450000000000001 38.903583005431678 2 5.1350000000000007 5.1899998000000007 106.85000000000001 17.550000000000004 6.6250000000000009 1.4650000000000001 7.4300001000000009 117.15000000000002 25.250000000000004 5.3300002000000015 8.1849999500000017 7.0150001000000008 5.5100000000000007 120.50000000000001 103.50000000000001 124.50000000000001 4.7000000500000008 69.500000000000014
decision_type=10 10 10 9 10 9 8 10 8 9 10 10 10 10 10 10 10 10 8 8 8 10 10 10 10 10 8 10
left_child=1 2 5 4 -3 6 7 -1 9 -8 20 12 -12 -9 15 22 18 19 21 -5 -11 -4 -13 -22 -21 -24 -25 -27
right_child=-2 3 16 17 -6 -7 8 13 -10 10 11 14 -14 -15 -16 -17 -18 -19 -20 24 23 -23 25 26 -26 27 -28 -29
leaf_value=0.054767527722950314 -0.058689758232647098 -0.039047597452381941 -0.058823814537161026 0.031208488508775663 0.038867585211400671 0.066702341086757891 0.043432898634382523 -0.041579717687641807 0.029356283452910824 -0.024010551896245569 0.040647885336725038 -0.057664603180202674 -0.034950371425259412 0.034732720077626719 0.00077922673846814769 0.007091775724519008 0.0035856247186723234 0.011145285422787707 -0.023999136778080996 0.072148307325329619 -0.080025492468956974 -0.076739530060403099 -0.074445089222263436 -0.073526889098050829 0.07701234668028345 -0.069464846018946716 -0.06918405823195331 -0.071545620370954424
leaf_weight=1.7875580908730651 0.96486042393371363 1.8620060435496273 0.61620435235090587 0.78424129262566555 1.7017864501103757 1.0429289517924321 0.93404481094330549 1.2331720446236434 1.9825955717824406 0.53143181395716466 1.9527473617345097 0.49089751206338483 0.882286887615919 1.0724160522222517 2.2455884125083685 0.66624721139669407 0.733737502247095 1.0253062471747396 0.7600931804627179 1.2138365367427471 0.64802776835858811 1.4165133323986081 0.55878187343478192 0.48031334532424774 0.85436248034238804 0.58201730111613847 0.55408011889085185 0.48586572986096144
leaf_count=28 15 26 21 16 27 18 11 37 25 21 29 25 38 17 32 10 19 12 19 39 9 39 9 9 11 28 33 14
internal_value=-0.000353207 0.0015811 -0.00631206 0.0245531 -0.00184145 0.00131581 -0.0026749 0.0204911 -0.00997174 -0.0170521 -0.0226578 -0.0114546 0.0171211 -0.00608392 -0.0275625 -0.0504246 -0.0455291 0.0488106 -0.0584328 0.0623493 -0.0624559 -0.0713085 -0.0685209 -0.0745997 0.0741576 -0.0717971 -0.0712006 -0.0704116
internal_weight=30.0639 29.0991 21.6575 7.44154 3.56379 18.131 17.0881 4.09315 12.9949 11.0123 10.0783 7.86443 2.83503 2.30559 5.0294 2.78381 3.52655 3.87775 2.79281 2.85244 2.21385 2.03272 2.11756 1.68242 2.0682 1.62666 1.03439 1.06788
internal_count=637 622 491 131 53 393 375 82 293 268 257 185 67 54 118 86 98 78 79 66 72 60 76 51 50 51 42 42
cat_boundaries=0 1 2 3
cat_threshold=2 1 2
is_linear=0
shrinkage=0.0675


Tree=73
num_leaves=27
num_cat=4
split_feature=29 53 48 48 21 2 36 56 40 39 63 55 59 53 58 52 62 35 62 59 46 61 34 61 33 59
split_gain=0.676984 0.726503 0.919167 0.785525 0.719075 1.38812 1.25242 0.871852 0.829084 1.07806 0.713584 0.976117 1.11125 0.941265 1.06669 0.519928 0.454621 0.432451 0.382399 0.0128076 0.00256651 0.00133002 0.000451333 3.88339e-05 6.64704e-06 1.88067e-06
threshold=0 29.054999000000006 42.424999000000007 23.985000500000002 1 2 134.50000000000003 8.3450003000000024 3 66.500000000000014 41.500000000000007 4.815000050000001 12.245000000000003 14.760000000000003 6.0899999000000014 28.399999500000003 1.2050000000000003 2.0798000000000001 1.3350000000000002 9.7649999000000012 21.684999500000004 15.350000000000003 1.5404500000000001 32.699998500000007 29.684192219448047 11.675000000000002
decision_type=9 10 10 10 9 9 10 8 9 10 10 10 8 8 10 8 10 8 10 10 10 10 10 8 10 10
left_child=1 3 -3 4 5 18 7 15 9 -8 13 -12 -13 14 -6 -7 20 -14 19 -1 22 -21 -10 24 25 -24
right_child=-2 2 -4 -5 10 6 8 -9 16 -11 11 12 17 -15 -16 -17 -18 -19 -20 21 -22 -23 23 -25 -26 -27
leaf_value=-0.083911118739566512 0.042075961129139035 0.060410184224506329 -0.011809028065791845 -0.051984299772354553 0.038404192210929521 0.015571799337257459 -0.041367309909577217 -0.018093519693196107 -0.072176518419530322 0.051120823691762948 -0.054218506719326195 -0.039763333329316905 0.010976560597586458 0.060551426898706767 -0.051026666084597057 0.070458965085176836 -0.013135148969886563 0.064065091251380865 -0.015910815224443511 -0.068320468048390495 -0.07464931750756891 -0.072501713308540452 -0.06845703161344846 -0.069443465061268195 -0.068741531438573797 -0.068160902066385046
leaf_weight=0.44917440321295865 1.6190139297395969 1.7483673915266984 1.4849526276811955 1.6359845539554942 1.4244668269530012 1.5951964044943507 1.1863590627908656 1.638487833086401 0.21632037684321959 1.1128692489583043 1.4583858186379073 1.3858684264123438 1.6168658426031473 2.2459114221855998 1.0597674762830136 1.5507833100855348 0.92189164273440827 1.2316514346748588 0.70980546716600645 0.56722815800458171 0.69652415998280037 0.8912311855237931 0.1699630580842495 0.2528065019287169 0.23109864955767989 0.22986831492744386
leaf_count=10 37 32 27 32 23 35 27 29 4 19 28 27 28 33 24 21 25 23 13 29 10 27 14 13 17 30
internal_value=-0.000350623 -0.00282932 0.0272424 -0.00680143 -0.00356543 -0.0145368 -0.00287565 0.0218333 -0.0264361 0.00339867 0.00950765 -0.00659165 0.00981175 0.0288833 0.000253236 0.0426279 -0.0516696 0.0339312 -0.058207 -0.0739449 -0.0714431 -0.0708755 -0.069413 -0.0687366 -0.0684533 -0.0682868
internal_weight=29.3308 27.7118 3.23332 24.4785 22.8425 12.4196 9.80217 4.78447 5.0177 2.29923 10.4229 5.69277 4.23439 4.73015 2.48423 3.14598 2.71847 2.84852 2.61744 1.90763 1.79658 1.45846 1.10006 0.883737 0.63093 0.399831
internal_count=637 600 59 541 509 323 244 85 159 46 186 106 78 80 47 56 113 51 79 66 88 56 78 74 61 44
cat_boundaries=0 1 2 3 4
cat_threshold=1 2 1 1
is_linear=0
shrinkage=0.0675


Tree=74
num_leaves=27
num_cat=0
split_feature=45 34 62 56 61 38 38 46 60 0 58 59 62 59 59 63 39 54 55 37 48 59 57 52 48 39
split_gain=0.662838 0.688168 0.911512 0.814254 0.96005 0.68332 0.700218 0.9194 0.697867 1.2131 0.896702 0.678866 0.773815 0.645969 0.612575 0.723226 0.562482 0.436407 0.433573 0.358029 0.0642727 0.0556279 0.0543382 0.00674707 0.000428395 0.00020983
threshold=9.9949999000000016 1.6225000000000003 0.97500002500000005 8.5349998500000002 42.949998500000007 104.50000000000001 103.15000000000002 17.625000000000004 18.450000000000003 65.500000000000014 4.7950001000000011 13.240000000000002 1.2250000000000003 10.540000000000001 12.245000000000003 205.20000500000003 23.500000000000004 4.2750001000000006 5.5750000500000008 72.500000000000014 4.4349999000000002 12.165000000000001 4.924999950000001 44.965000000000011 7.1050000000000013 77.500000000000014
decision_type=10 10 10 10 8 10 10 10 10 2 10 8 8 10 10 8 10 8 10 10 10 10 10 10 10 10
left_child=1 2 -1 5 21 6 7 16 9 -7 -10 14 19 -4 15 -9 -3 -11 -15 -13 -19 -5 -18 25 -24 -22
right_child=-2 3 13 4 -6 8 -8 11 10 17 -12 12 -14 18 -16 -17 22 20 -20 -21 23 -23 24 -25 -26 -27
leaf_value=-0.019203155355836679 0.052227900535760603 0.003453918649910525 0.076594549749565505 -0.049349759339951657 0.025189322449302477 0.02128763754865369 0.058688924141680261 -0.021750749624763189 0.065809854681438934 -0.013604946634726854 -0.022727932617311965 -0.0098329022320171773 0.023254699781147647 -0.012518248458827054 0.053533992644485218 0.054708390258821557 -0.042820804115930131 -0.047848936687532352 0.047523265663581275 -0.064700722282726553 -0.069615596687580494 -0.073495247420448134 -0.072367458150338376 -0.078305640392358475 -0.069539189252891501 -0.071384098767351148
leaf_weight=1.8355736741796196 1.0525835137814272 1.0290770903229778 1.3291104482486846 0.63394384691491712 0.71351782605051983 1.3228144568856794 1.080419483128934 1.5847546476870751 0.85949709638953242 0.88865873171016607 1.3241454411763696 1.1422959114424895 1.8831829978153107 1.1162708490155639 2.3696103394031525 0.8748269686475395 0.46103475801646687 0.5533097451552752 1.0763850449584422 1.0308729633688924 0.60727778426371537 1.3834985117428003 0.48314022016711533 0.86117529124021519 0.49300626292824745 0.61548747401684523
leaf_count=27 28 8 19 23 13 27 17 39 12 34 34 24 32 16 38 12 18 24 37 17 32 39 17 8 23 19
internal_value=-0.000342141 -0.00235044 0.0193629 -0.00759137 -0.042107 -0.00274869 0.00676325 0.00182117 -0.0195645 -0.0338342 0.0121212 0.0119416 -0.0084158 0.0394638 0.0290412 0.00544433 -0.0346413 -0.0545143 0.0169564 -0.0358602 -0.0682992 -0.065908 -0.061919 -0.073729 -0.070939 -0.0705058
internal_weight=28.6055 27.5529 5.35734 22.1955 2.73096 19.4646 12.4322 11.3518 7.03237 4.84872 2.18364 8.88554 4.05635 3.52177 4.82919 2.45958 2.46626 3.52591 2.19266 2.17317 2.63725 2.01744 1.43718 2.08394 0.976146 1.22277
internal_count=637 609 99 510 75 435 245 228 190 144 46 162 73 72 89 51 66 117 53 41 83 62 58 59 40 51
is_linear=0
shrinkage=0.0675


Tree=75
num_leaves=29
num_cat=1
split_feature=45 59 38 34 39 36 62 0 62 33 56 5 34 60 61 61 60 0 53 62 58 33 37 62 45 61 46 62
split_gain=0.650413 0.93937 0.746254 1.15442 0.657904 0.685928 0.669543 0.866909 0.579571 0.833402 0.631409 1.06477 0.641344 0.87239 0.637468 1.00992 0.491547 0.445575 0.404986 0.16115 0.0951184 0.00882131 0.000867138 0.000733086 0.000600828 0.000171622 2.44638e-05 2.29401e-05
threshold=7.315000050000001 13.145000000000001 127.50000000000001 2.0048999500000004 82.500000000000014 156.50000000000003 1.2750000000000001 73.500000000000014 0.92500001500000006 25.903248280473381 6.9649999000000014 0 1.6225000000000003 14.050000000000002 12.450000000000001 17.150000500000004 1.0000000180025095e-35 64.500000000000014 14.390000000000002 1.5050000000000001 7.2149999000000014 21.015194559228657 61.500000000000007 1.3350000000000002 7.1849999500000008 14.450000000000001 19.034999500000001 1.2050000000000003
decision_type=10 10 8 8 8 10 10 2 10 10 8 9 10 10 10 10 10 2 8 8 10 10 10 8 10 10 10 8
left_child=1 2 8 -4 5 6 7 -2 9 -1 14 16 -13 -14 -10 -16 -12 -3 -8 22 21 -19 -6 25 27 -18 -27 -23
right_child=4 17 3 -5 19 -7 18 -9 10 -11 11 12 13 -15 15 -17 23 20 -20 -21 -22 24 -24 -25 -26 26 -28 -29
leaf_value=-0.076798229501401194 0.028610331106277264 0.006939171360115101 -0.019844144742867168 0.072947475311621227 0.06888320034659845 -0.030708317679249371 0.015720806085632741 -0.030504818504948034 0.044778857916030215 0.0022854450595737293 -0.0037682448192955654 0.056938560855621191 -0.062772342418023847 0.019844872524274346 -0.070112055561314127 0.028002373464385368 -0.070842739013921935 -0.082196556760095407 0.065743050650370172 0.022826133710014681 -0.039071626852514911 -0.068325398115984093 0.072923038798374071 -0.072720828818944303 -0.072339548409465909 -0.068709442100792356 -0.069541057722766322 -0.069187689059559507
leaf_weight=1.2556823645718442 2.2477009324356878 0.51486935559660141 1.1018646655138593 1.3709269273094831 0.50809782044962104 1.8492341581732032 1.5058216191828253 2.2735384302213788 2.075291853398082 1.175517260096967 0.70941315684467587 0.89767331257462624 0.90170779568143222 1.6441935775801537 0.75853489036671851 1.2924613645300267 0.41779588861390904 0.39657620713114716 1.44515148922801 0.47502022236585628 0.49568385398015369 0.27010463457554579 0.4623943418264389 0.60227532917633664 0.34866094775497913 0.35306329955346882 0.2965382244437933 0.29312040517106652
leaf_count=33 34 12 22 30 33 22 17 31 31 32 17 9 34 32 33 22 15 4 24 16 17 31 8 13 7 28 13 17
internal_value=-0.000337118 -0.00849224 -0.00225406 0.0316 0.0126693 0.00609864 0.0152077 -0.00111616 -0.00901601 -0.0385602 -0.00179636 -0.0161113 0.00788098 -0.00941651 0.0184036 -0.008284 -0.0508386 -0.0484468 0.0402177 0.0550403 -0.0642529 -0.0737924 0.070808 -0.0708379 -0.0701374 -0.0697755 -0.0690891 -0.0687742
internal_weight=27.9389 17.172 14.8529 2.47279 10.767 9.32145 7.47221 4.52124 12.3801 2.4312 9.94895 5.82266 3.44357 2.5459 4.12629 2.051 2.37909 2.31902 2.95097 1.44551 1.80415 1.30846 0.970492 1.66967 0.911886 1.0674 0.649602 0.563225
internal_count=637 452 364 52 185 128 106 65 312 65 247 161 75 66 86 55 86 88 41 57 76 59 41 69 55 56 41 48
cat_boundaries=0 1
cat_threshold=2
is_linear=0
shrinkage=0.0675


Tree=76
num_leaves=27
num_cat=3
split_feature=39 58 16 49 0 62 61 46 57 57 37 57 61 21 34 34 56 48 45 63 57 46 52 48 15 55
split_gain=0.620088 0.748894 0.827777 0.711446 0.629797 1.19903 0.74442 0.729427 1.07963 0.777469 1.06005 1.12149 0.967195 0.822076 0.625875 0.805014 0.401504 0.356007 0.341529 0.280218 0.0843695 0.00124137 0.000748397 0.00035198 4.39289e-05 2.31295e-05
threshold=44.500000000000007 5.9749999000000011 0 4.9149999500000012 66.500000000000014 1.3150000000000002 13.050000000000002 17.625000000000004 4.3700001000000013 7.8900001000000008 89.500000000000014 6.8950000000000005 10.65 1 1.6477499500000004 2.0615500500000006 8.1750002000000013 12.490000000000002 7.0250001000000006 24.050000500000003 6.3599999000000009 22.355000500000006 14.515000000000002 19.920000000000005 2 5.0850000500000005
decision_type=10 8 9 10 2 8 8 8 8 8 10 10 10 9 10 10 10 10 8 8 10 10 10 8 9 10
left_child=1 2 -1 -3 5 6 -2 8 -6 10 11 12 -9 -11 -14 19 20 -12 -8 -16 -5 -21 -10 24 25 -24
right_child=4 3 -4 16 7 -7 18 9 22 13 17 -13 14 -15 15 -17 -18 -19 -20 21 -22 -23 23 -25 -26 -27
leaf_value=-0.044897065170105541 0.043951546598393572 -0.019102088304305345 0.030744203558710326 0.075540537186497517 0.042396972618298938 0.056226140733448629 -0.071018241664668413 0.050387288772056581 -0.073287143989838724 -0.06950676590269525 -0.0062326929354949183 0.061702605969098122 0.037366049043811987 -0.0052565998577682677 -0.020243316348059166 0.0080462019053706719 0.012974193731639938 -0.057437818977619383 -0.0051198298882977498 -0.070553041811214176 0.04848852491202138 -0.074693579127121407 -0.069087010172012589 -0.071356152190864081 -0.069640146984771265 -0.0683520376458885
leaf_weight=1.4431860917247832 0.63054949976504149 0.85006808955222357 1.2134038773365345 1.4414347130805261 0.48971589747816624 1.9282184373587368 0.8633580619934943 1.4151223413646183 0.30533987749367941 1.5872127376496792 1.1004321598447862 1.825902448967099 0.9010796546936034 2.1182646038942048 0.72095175413414914 1.776816322468221 0.92788990167900909 1.4130045250058172 0.61257801391184341 0.6786118133459238 0.82646055705845345 0.64204560779035091 0.42439161543734372 0.4008587133139373 0.37130210036411837 0.36106621567159891
leaf_count=32 15 14 33 32 10 24 34 23 6 37 32 25 10 35 13 33 20 32 13 31 29 10 27 11 17 39
internal_value=-0.000333567 0.0174968 -0.0103477 0.0357801 -0.00614424 0.0177657 -0.0174399 -0.0119795 -0.0467875 -0.00620414 0.00319704 0.0152633 0.00144122 -0.0327777 -0.013235 -0.025176 0.0503786 -0.0350192 -0.0436675 -0.0540893 0.0656823 -0.072566 -0.0702315 -0.0696325 -0.0690351 -0.0687492
internal_weight=27.2693 6.70244 2.65659 4.04585 20.5668 4.0347 2.10649 16.5321 2.35267 14.1794 10.474 7.96053 6.13463 3.70548 4.71951 3.81843 3.19579 2.51344 1.47594 2.04161 2.2679 1.32066 1.86296 1.55762 1.15676 0.785458
internal_count=637 160 65 95 477 86 62 391 110 281 209 145 120 72 97 87 81 64 47 54 61 41 100 94 83 66
cat_boundaries=0 1 2 3
cat_threshold=2 2 2
is_linear=0
shrinkage=0.0675


Tree=77
num_leaves=27
num_cat=2
split_feature=53 34 57 55 34 49 54 33 57 39 61 55 51 61 24 51 61 44 16 62 48 44 50 59 50 62
split_gain=0.61769 0.955725 0.609176 0.584603 0.878595 0.793331 0.738881 0.971127 0.562858 0.685392 0.538977 0.624561 0.624743 0.672971 0.707607 0.588589 0.529728 0.443906 0.338642 0.147617 0.0549318 0.041015 0.000355879 0.00032507 0.000170415 1.56782e-05
threshold=6.3750000000000009 2.2503999500000007 4.5100000000000007 4.7349999000000009 1.48795005 5.815000050000001 4.5450001000000011 29.684192219448047 5.0049999000000005 35.500000000000007 11.15 5.1899998000000007 24.324999500000004 12.050000000000002 0 19.525000500000001 30.400000500000004 7.2349999000000009 1 1.3950000000000002 7.8450000500000003 5.8700001000000013 6.3250000500000008 11.055000000000001 4.4900000000000011 1.0950000000000004
decision_type=8 8 8 10 10 8 8 8 8 10 8 8 10 8 9 10 8 10 9 10 10 10 10 8 10 10
left_child=1 19 -2 5 21 -4 -7 -8 -6 -10 -11 -12 13 -13 15 16 23 -17 -14 22 -16 -5 24 -15 -1 -26
right_child=2 -3 3 4 8 6 7 -9 9 10 11 12 18 14 20 17 -18 -19 -20 -21 -22 -23 -24 -25 25 -27
leaf_value=-0.070679943463530931 0.047640366430146942 0.022401440919421624 -0.071313342573398442 0.044912433301574635 -0.045334789313737994 0.028564742061955709 -0.06920395770675894 0.011499662391454569 0.057263480315638111 -0.047364758078823385 0.045802515108028213 0.035903220160757011 0.0034082352979114957 -0.071580943775971809 -0.042800125928552202 0.028955604457196936 0.0056920826564774802 -0.019320746227334588 0.047557357834398052 -0.023535270153451346 -0.070684319006631621 0.070700387632251283 -0.071483092599507428 -0.069173382274173106 -0.068289534088867301 -0.068916606054848992
leaf_weight=0.24755981937051108 1.3275733264163161 1.0103417178615925 1.0504424567334378 0.4331090841442371 1.0470752976834745 1.7186594046652315 1.3299063926097008 1.3887927392497657 1.0949365566484637 0.94711157912388166 1.5338092241436232 1.2168316172901539 1.6045867949724197 0.4621417536400253 0.49360589962452628 2.0427002096548681 0.70321287494152795 1.5088325021788476 1.5623688013292849 0.40324862860143174 0.92533729411661625 0.80016285134479403 0.42730938270688057 0.57152576674707245 0.33313354104757309 0.39953977055847645
leaf_count=7 30 18 38 10 22 32 35 16 30 22 29 17 17 15 11 30 14 18 25 10 36 37 13 35 39 31
internal_value=-0.000333415 -0.0301953 0.00321181 0.000582803 0.00678318 -0.0185651 -0.00607818 -0.0279781 0.00247759 0.00589091 0.00174639 0.00543066 -0.000152413 -0.0102801 -0.0186586 -0.00730206 -0.0395031 0.00844589 0.0251885 -0.0595419 -0.0609843 0.061644 -0.0698575 -0.0702498 -0.0691488 -0.0686315
internal_weight=26.5839 2.82113 23.7627 22.4351 16.9473 5.4878 4.43736 2.7187 15.7141 14.667 13.5721 12.625 11.0911 7.92419 6.70736 5.28841 1.73688 3.55153 3.16696 1.81079 1.41894 1.23327 1.40754 1.03367 0.980233 0.732673
internal_count=637 118 519 489 368 121 83 51 321 299 269 247 218 176 159 112 64 48 42 100 47 47 90 50 77 70
cat_boundaries=0 1 2
cat_threshold=1 2
is_linear=0
shrinkage=0.0675


Tree=78
num_leaves=27
num_cat=2
split_feature=0 53 33 34 14 59 61 63 52 34 59 37 46 39 56 5 63 58 59 50 50 63 61 36 55 52
split_gain=0.589833 0.64387 0.863318 0.863594 1.12508 0.748257 0.686824 0.685574 1.13019 0.890204 0.678827 0.636815 0.543036 0.919181 0.524181 0.500828 0.465222 0.420325 0.146521 0.0857283 0.0292035 0.0195348 0.00518565 0.00111918 0.000473479 7.7767e-05
threshold=84.500000000000014 27.585000000000004 30.453741468386692 1.9545999500000002 0 12.265000000000002 14.550000000000002 58.799999000000007 44.965000000000011 2.0789500500000004 10.935 82.500000000000014 20.609999500000004 60.500000000000007 6.4399998000000007 1 166.30000500000003 4.9649999000000014 13.750000000000002 7.6050000000000013 5.8350000500000005 17.849999500000003 21.550000000000004 134.50000000000003 6.6849999500000008 29.974999500000006
decision_type=2 8 10 8 9 10 8 10 10 10 8 8 8 10 10 9 8 10 10 10 10 8 8 10 10 10
left_child=1 2 3 4 10 12 -7 9 15 11 16 -5 -3 -14 -12 -9 -1 -4 -8 23 -17 -13 -19 -16 25 -25
right_child=-2 5 17 7 -6 6 18 8 -10 -11 14 21 13 -15 19 20 -18 22 -20 -21 -22 -23 -24 24 -26 -27
leaf_value=-0.037013235061090312 0.045874648236627277 -0.048397474677378496 -0.00093966395010387836 0.011766926393099451 0.050640606021998082 -0.005264691573027446 0.073423912726793536 -0.0032192837100394368 0.05172773585938803 -0.01735456470313982 -0.013054836293877006 0.063764717208874333 -0.020317277200798952 0.048391520451255485 -0.07329791099737587 -0.053722876739545657 0.035908495160981456 -0.072131553947878152 0.039430095444358659 -0.042461895743539951 -0.075243560837879933 0.077367252116115004 -0.06394883681325382 -0.068593186624062427 -0.072035572748015544 -0.069899188091693376
leaf_weight=0.71795368101448587 1.2001577839255322 1.0177161325700561 0.5629513999447221 1.4627608070150029 0.83055845438502718 1.1914155418053272 1.2539375904016199 0.97198226512409747 0.85240704379975785 1.4829561295919118 1.299132489133626 0.92535406234674122 2.2075547487474982 1.4831300550140438 0.89004497486166734 0.44260192755609817 0.89618986845016491 0.97482982510700789 1.0712432181462643 0.59330035187304009 0.81876213476061821 1.001819072291255 0.55307339783757936 0.42257722886279203 0.41117996722459793 0.40860895346850157
leaf_count=20 25 24 14 22 15 17 20 30 14 33 31 25 36 26 23 32 20 32 34 12 24 15 26 39 12 16
internal_value=-0.000338364 -0.00257983 -0.010263 -0.00438879 -0.022705 0.0128511 0.036409 0.0105004 -0.0143953 0.0262655 -0.033508 0.0453475 -0.00474375 0.00729388 -0.0483393 -0.0396327 0.00347369 -0.050799 0.0577625 -0.0651566 -0.0676921 0.0708358 -0.0691696 -0.0714709 -0.070162 -0.0692352
internal_weight=25.9442 24.744 16.519 14.4282 6.46955 8.225 3.5166 7.95864 3.08575 4.87289 5.63899 3.38993 4.7084 3.69068 4.02484 2.23335 1.61414 2.09085 2.32518 2.72571 1.26136 1.92717 1.5279 2.13241 1.24237 0.831186
internal_count=637 612 455 383 188 157 71 195 100 95 173 62 86 62 133 86 40 72 54 102 56 40 58 90 67 55
cat_boundaries=0 1 2
cat_threshold=1 4
is_linear=0
shrinkage=0.0675


Tree=79
num_leaves=28
num_cat=4
split_feature=59 45 29 45 49 14 54 59 32 39 62 56 54 16 58 48 54 46 5 56 32 37 34 52 39 59 63
split_gain=0.583473 0.87655 0.552667 0.501024 0.579848 0.574256 0.616031 0.888423 0.99879 0.554086 0.549372 0.914732 0.794446 0.791044 0.567231 0.537706 0.755119 0.644737 0.493567 0.311345 0.168024 0.029565 0.00124311 0.000273974 4.91484e-05 1.84958e-05 8.39186e-06
threshold=16.245000000000001 9.9949999000000016 0 7.2349999000000009 7.0250001000000006 1 4.5050001000000011 13.750000000000002 177.50000000000003 67.500000000000014 1.0850000000000002 7.3750000000000009 4.2149999000000014 2 6.0450001000000011 3.2250000500000007 3.8399999 16.614999500000007 3 6.2149999000000014 175.50000000000003 51.500000000000007 1.7308000000000001 30.394999500000001 52.500000000000007 10.660000000000002 26.500000000000004
decision_type=10 10 9 10 10 9 10 8 10 10 8 10 8 9 10 10 8 10 9 8 8 10 10 10 10 8 10
left_child=1 2 3 4 5 -1 15 8 9 20 11 -5 -12 14 -14 17 -17 -7 -10 -18 -8 -21 -23 24 -24 -26 -27
right_child=-2 -3 -4 10 -6 6 7 -9 18 -11 12 -13 13 -15 -16 16 19 -19 -20 21 -22 22 23 -25 25 26 -28
leaf_value=0.046575979217000116 -0.055914087015644175 0.071651597078226464 0.041047673940240829 0.022383939879457738 -0.071004346390011033 -0.030861992569763869 0.039329080314997364 -0.06116797823818123 0.0031928066045481518 -0.0085615355711196363 0.064894121569197896 -0.05986593086408068 0.060413545857919845 -0.028636221168925009 0.00083815479094348348 0.017465843460449628 -0.017419928703776604 0.038076045524551121 -0.070797452123430055 -0.049793535342316231 0.076073228470685289 -0.073061630192531035 -0.069520546906302286 -0.071131207722646181 -0.069113976142588976 -0.068674283456538504 -0.068060884923965004
leaf_weight=0.82107456587255001 0.83222198998555441 0.78674819692969222 1.3574655237607753 1.2746515404432988 0.7029580622911461 1.4560860935598596 1.3758013821206994 0.80854374542832363 1.0235414148773998 0.87214631657116104 1.4056935133412487 1.1923771221190689 1.3624313371255996 1.765622896607965 1.5641572833992539 0.79519430547952685 0.7322716336930174 1.0740686133503912 0.68614385137334433 0.36351475119590793 0.96456601377576578 0.66375461756251786 0.44939827988855519 0.36231855861842621 0.206840462051332 0.18196769547648728 0.23014563485048711
leaf_count=12 15 26 36 23 15 32 37 29 26 30 20 21 28 29 30 23 26 17 30 6 13 19 23 13 11 15 32
internal_value=-0.000331977 0.00155763 -0.000769929 -0.00331147 -0.0112846 -0.00807195 -0.0117359 0.00440667 0.0151783 0.0373601 0.00950734 -0.0173695 0.0203809 0.00704562 0.0285726 -0.0259341 -0.0413844 -0.00159731 -0.0265015 -0.0560534 0.0544729 -0.0675632 -0.0706473 -0.0695272 -0.0689832 -0.0685931 -0.0683317
internal_weight=25.3117 24.4795 23.6927 22.3353 13.7703 13.0674 12.2463 5.73074 4.9222 3.21251 8.56493 2.46703 6.09791 4.69221 2.92659 6.51556 3.98541 2.53015 1.70969 3.19021 2.34037 2.45794 2.09443 1.43067 1.06835 0.618954 0.412113
internal_count=637 622 596 560 409 394 382 165 136 80 151 44 107 87 58 217 168 49 56 145 50 119 113 94 81 58 47
cat_boundaries=0 1 2 3 4
cat_threshold=1 2 1 4
is_linear=0
shrinkage=0.0675


Tree=80
num_leaves=27
num_cat=2
split_feature=39 58 58 49 0 62 57 57 55 60 35 0 40 54 56 21 54 0 54 63 58 52 44 50 33 44
split_gain=0.560459 0.651541 0.717553 0.551804 0.533036 0.948154 0.640757 0.703032 0.809281 0.879986 0.67824 0.775681 0.64011 0.639059 0.632456 0.514695 0.964976 0.359084 0.283999 0.195823 0.08472 0.0087528 0.00346931 0.00146736 3.18727e-05 7.30008e-06
threshold=44.500000000000007 5.9749999000000011 5.1050000000000013 4.9149999500000012 66.500000000000014 1.2750000000000001 8.329999950000003 6.7049999000000007 7.5450001000000011 19.050000000000004 2.0618499500000005 81.500000000000014 0 4.3750000000000009 6.5600002000000011 1 4.8050000500000012 66.500000000000014 4.5250001000000006 24.450000000000003 7.0050001000000011 52.709999500000002 6.1150000000000011 6.8050000500000012 22.315392490149122 5.7149999000000014
decision_type=10 8 10 10 2 8 10 10 10 10 8 2 9 10 8 9 8 2 10 8 10 10 10 10 10 10
left_child=1 2 -1 -3 5 14 7 10 9 13 11 12 18 -9 -2 16 -12 -5 -6 -14 22 23 -19 24 -21 -26
right_child=4 3 -4 17 6 -7 -8 8 -10 -11 15 -13 19 -15 -16 -17 -18 20 -20 21 -22 -23 -24 -25 25 -27
leaf_value=0.03850829652780046 0.026101511426929808 -0.014295895469522446 -0.037976312928556327 0.0099494036513567766 0.015426270851508255 0.051181967502756429 -0.060094721368910961 0.013533529002545725 0.058378022407920359 0.048408807913281546 0.016972668030416582 0.022714218016841058 -0.035313591540658981 -0.064497431772795627 -0.054561730515100826 0.03100035563140207 -0.078152646281696631 0.077181848809994 -0.038323127132103722 -0.069366033962717177 0.045043384586783669 -0.080040283712736429 0.070387224657775915 -0.072975877262931005 -0.068239876770431238 -0.068720762442194869
leaf_weight=0.88519921572879257 0.81199307739734927 0.7935251193121079 1.5160133391618726 0.77014465397223864 0.89054848602972481 1.8359340396709738 1.1523680835962284 0.8403864749707276 1.3477277206256983 0.94813549891114224 1.29905181680806 0.96686340868473042 0.85882644448429557 1.109605314908549 0.97427086508832883 1.7620711815543484 0.77620672434568394 0.67059467593207978 0.90109980734996498 0.25827700016088806 0.71455101016908873 0.64202161133289326 0.69957267958670855 0.67360223270952702 0.30850190971978009 0.26945844246074557
leaf_count=27 18 14 38 14 26 29 31 21 22 17 39 18 24 32 39 36 14 9 23 14 25 5 33 11 37 21
internal_value=-0.000325355 0.0175248 -0.00978051 0.0354959 -0.00612266 0.0171175 -0.0117329 -0.00770973 0.0151636 -0.00493256 -0.0178192 -0.0324467 -0.0435523 -0.0308685 -0.0178941 0.00417233 -0.018607 0.0493358 -0.0116067 -0.062563 0.0638861 -0.0734385 0.0737127 -0.0706313 -0.0687427 -0.0684641
internal_weight=24.6766 6.0496 2.40121 3.64839 18.627 3.6222 15.0048 13.8524 4.24586 2.89813 9.60653 5.7692 4.80234 1.94999 1.78626 3.83733 2.07526 2.85486 1.79165 3.01069 2.08472 2.15186 1.37017 1.50984 0.836237 0.57796
internal_count=637 160 65 95 477 86 391 360 92 70 268 179 161 53 57 89 53 81 49 112 67 88 42 83 72 58
cat_boundaries=0 1 2
cat_threshold=1 2
is_linear=0
shrinkage=0.0675


Tree=81
num_leaves=29
num_cat=1
split_feature=39 53 8 57 47 32 0 46 52 49 39 45 56 55 0 57 45 62 48 60 58 34 31 46 46 51 59 62
split_gain=0.533552 0.612363 0.905892 0.501142 0.538916 0.587137 0.624867 0.632647 0.848425 0.561915 0.483127 0.515568 0.600797 0.470229 0.466789 0.461377 0.419474 0.305992 0.277087 0.257177 0.050608 0.000710688 0.000413786 0.000345137 0.000292798 0.00011908 0.000104104 9.54494e-06
threshold=29.500000000000004 6.3750000000000009 0 4.3700001000000013 38.854999500000005 182.50000000000003 62.500000000000007 17.625000000000004 33.700001000000007 7.1649999500000012 71.500000000000014 8.1150002500000031 6.5250001000000006 6.565000050000001 73.500000000000014 7.8900001000000008 6.3599999000000009 1.1050000000000002 8.5000000000000018 17.550000000000004 4.2349999000000009 1.5203500000000003 62.500000000000007 19.034999500000001 24.685000500000005 14.690000000000003 10.935 1.0950000000000004
decision_type=10 8 9 8 10 10 2 8 10 8 10 10 8 10 2 8 10 8 8 8 10 10 10 8 10 10 10 10
left_child=13 2 -2 -3 5 6 -5 18 14 -6 11 -11 -13 17 16 19 -9 -1 -8 -16 -4 -22 -20 -15 25 -23 -24 -27
right_child=1 3 20 4 9 -7 7 8 -10 10 -12 12 -14 23 15 -17 -18 -19 22 -21 21 24 26 -25 -26 27 -28 -29
leaf_value=0.034624268105859841 0.029187706249444754 0.043910884009966511 -0.035754138972095791 0.040153516159901634 0.038494939497198413 -0.070276188187099492 -0.0035514315482283094 -0.053513175971198007 -0.068860706965903684 -0.039356854818047751 0.039950600007472775 -0.030694228067010221 0.02556265081840052 0.071463258106150854 0.014334327610142104 -0.018356722639767706 0.01215135308166411 -0.019813757588099608 -0.072286598689567674 0.059974869538549927 -0.073397268609640492 -0.070578512141313318 -0.070271884895606623 0.068710507411404109 -0.0714801057519137 -0.068133053701358234 -0.068772793199872756 -0.068691494558511368
leaf_weight=1.0080226385034647 0.65416457178071141 1.114152180962267 0.22430708911270203 1.0348694659769533 2.2285540308803293 0.77751083509065289 0.37394117936491933 0.95347296539694049 0.83109297626651812 1.7347290823236114 1.1070980951189993 1.3570742844603958 2.3850666396319866 0.43063135445117939 1.1366444949526346 0.99085855088196684 0.82832503831014037 0.88215750595554721 0.32764275232329965 1.1136735130567101 0.28392229601740826 0.15762628149241187 0.39112414326518774 0.40054823877289891 0.27624914236366749 0.21178404882084578 0.45848413603380322 0.40831243246793747
leaf_count=18 16 23 11 16 32 34 14 37 19 30 20 18 38 12 32 30 15 25 9 19 4 5 16 33 6 32 38 35
internal_value=-0.000324705 -0.00391087 -0.0375001 -2.22017e-05 -0.00273699 -0.0141475 -0.00897688 -0.0158427 -0.00568685 0.00919806 -0.000718407 -0.00893927 0.00516129 0.0278241 0.00476579 0.0200225 -0.0229869 0.00921774 -0.0541703 0.0369217 -0.0654253 -0.0703999 -0.0702488 0.0701367 -0.0695924 -0.0689219 -0.0694629 -0.0685008
internal_weight=24.082 21.3607 2.21637 19.1443 18.0302 9.21764 8.44013 7.40526 5.85407 8.81252 6.58397 5.47687 3.74214 2.72136 5.02297 3.24118 1.7818 1.89018 1.55119 2.25032 1.5622 1.33789 1.17725 0.83118 1.05397 0.777723 0.849608 0.620096
internal_count=637 549 109 440 417 279 245 229 152 138 106 86 56 88 133 81 52 43 77 51 93 82 63 45 78 72 54 67
cat_boundaries=0 1
cat_threshold=4
is_linear=0
shrinkage=0.0675


Tree=82
num_leaves=27
num_cat=6
split_feature=34 62 53 37 13 62 14 21 56 61 27 48 64 58 39 59 63 5 0 46 48 57 33 59 5 39
split_gain=0.53206 0.600248 0.574622 0.539072 0.514541 0.589646 0.527954 0.668767 0.931848 0.741569 0.630846 0.567856 0.694218 0.543007 0.555664 0.484892 0.484814 0.428248 0.363401 0.34269 0.196982 0.0516205 0.00173441 0.000720224 9.62343e-05 1.13488e-05
threshold=1.6225000000000003 0.97500002500000005 6.3750000000000009 57.500000000000007 0 1.4450000500000002 1 2 6.9649999000000014 35.049999000000007 3 28.500000000000004 9.5500002000000013 7.7000000500000008 69.500000000000014 10.540000000000001 8.2500000000000018 4 76.500000000000014 20.970000500000001 22.530000000000005 4.1549999500000006 24.499370841785829 12.595000000000001 5 55.500000000000007
decision_type=10 10 8 10 9 10 9 9 8 8 9 8 8 10 8 10 8 9 2 8 10 10 10 8 9 10
left_child=1 -1 3 -2 -4 6 7 8 11 13 20 12 -6 14 17 -3 -12 -9 -17 -7 22 -5 -10 -24 -23 -26
right_child=2 15 4 21 5 19 -8 9 10 -11 16 -13 -14 -15 -16 18 -18 -19 -20 -21 -22 24 23 -25 25 -27
leaf_value=-0.013608105533373794 0.033009573855656185 0.074378683138500643 0.046830610688856571 -0.03233675223891215 -0.051628416598727717 -0.0064082738227806482 0.035179790768739866 -0.0019952606451302604 -0.074189753370545411 0.048033944528974901 0.042417920345887337 0.054895619957637982 0.041029237137397194 0.042481980181360957 0.025103681708089392 -0.0075153256072090328 -0.034885924630701969 -0.05805230376281123 0.053403951829427102 -0.062657877675725934 -0.02435865522388956 -0.06977090875166149 -0.06773207020056693 -0.0711020382402337 -0.068896526401884206 -0.068214688938142767
leaf_weight=1.5289246328175092 0.33259252365678804 1.0847830320708456 0.94331465568393469 0.20557645382359613 0.8675442971289159 0.86160583700984661 1.7426185875665474 1.1325944592244923 0.65061587118543007 1.7853191997855899 0.58172825444490395 0.92512438260018814 0.64035707782022666 0.93504248140379775 1.0844277816358951 1.086457618512213 1.0138786148745567 1.3744614776223867 0.75702613219618786 1.1550011807121334 0.51613780017942179 0.62254635337740183 0.44981093518435922 0.80798864911776047 0.1849942887201903 0.27891191036906093
leaf_count=29 4 19 20 7 32 21 36 25 17 37 9 15 15 18 30 33 36 27 26 21 14 37 27 30 14 38
internal_value=-0.000325978 0.0206727 -0.00522824 -0.0436261 -0.00165694 -0.00442493 0.00032897 -0.00442869 -0.0197086 0.0111934 -0.0396631 0.0132628 -0.0122797 -0.00333697 -0.0152659 0.0385716 -0.0067024 -0.0327278 0.0175012 -0.0386249 -0.0613547 -0.0633536 -0.0713604 -0.0698969 -0.0692225 -0.0684866
internal_weight=23.5494 4.45719 19.0922 1.62462 17.4676 16.5243 14.5076 12.765 6.45319 6.31185 4.02016 2.43303 1.5079 4.52653 3.59148 2.92827 1.59561 2.50706 1.84348 2.01661 2.42455 1.29203 1.90842 1.2578 1.08645 0.463906
internal_count=637 107 530 100 430 410 368 332 195 137 133 62 47 100 82 78 45 52 59 42 88 96 74 57 89 52
cat_boundaries=0 1 2 3 4 5 6
cat_threshold=2 1 2 1 2 4
is_linear=0
shrinkage=0.0675


Tree=83
num_leaves=29
num_cat=3
split_feature=45 15 38 8 58 35 0 21 63 55 56 0 39 44 0 53 45 62 54 57 60 63 58 45 33 50 46 62
split_gain=0.506605 0.521306 0.744517 0.726152 0.670427 1.15834 0.812113 0.696181 0.609198 0.543946 0.848353 0.509387 0.595262 0.488267 0.322648 0.290687 0.250712 0.376307 0.242361 0.0805258 0.0720885 0.0592086 0.0866494 0.00225039 0.000504637 0.000226812 3.39283e-05 5.23734e-06
threshold=9.9949999000000016 0 96.150001500000016 1 6.4349999500000008 1.9047000500000002 80.500000000000014 2 28.050000500000003 6.8450000500000012 7.2249999000000011 77.500000000000014 69.500000000000014 8.4699997500000013 74.500000000000014 20.510000000000002 7.2950001000000011 1.1050000000000002 4.8750000000000009 6.2449999000000007 16.250000000000004 141.29999500000002 6.4799998000000008 8.0850000500000032 18.184045949814834 6.8050000500000012 19.034999500000001 1.2150000000000001
decision_type=10 9 10 9 10 10 2 9 8 8 8 2 10 10 2 8 8 10 10 8 8 10 10 10 10 10 10 8
left_child=1 2 3 -1 6 -6 7 8 -3 10 -5 13 -13 18 15 -7 17 -9 21 -18 -12 23 -23 24 -4 26 27 -26
right_child=-2 4 11 9 5 14 -8 16 -10 -11 20 12 -14 -15 -16 -17 19 -19 -20 -21 -22 22 -24 -25 25 -27 -28 -29
leaf_value=0.056895312426851523 0.051338507549257208 0.043667817237343982 -0.072714006705966699 0.01270244239381727 0.030157228086462765 -0.050232520817378272 -0.039078087874361754 0.055870601784738398 -0.032981150879028268 0.026464674850815301 -0.07446788122053434 -0.035428635860995657 0.042431747079929437 0.0071833429446731129 -0.07112245034288521 0.010536786961789625 0.047154040191929737 -0.00038822050078969671 -0.015450836905133269 0.074676717284585262 -0.044557576671216861 -0.069349041319291552 -0.021343996915803558 -0.075214574725588526 -0.068180786048215827 -0.070950586772221852 -0.069341915811264851 -0.068608286933680374
leaf_weight=1.0027610342949629 0.83346977643668552 0.77052886877208937 0.2399474158883107 1.4689795610029253 1.6590916379354892 0.76969775697216403 0.90350141935050476 1.152584711089734 1.2212577774189413 1.492901027202606 0.75059333443641629 1.005635308101773 0.80592606193386007 0.68212533742189396 1.0491365848574785 0.67156211612746131 0.85891627101227608 1.0220923954620955 0.55000568996183563 1.110671509988606 0.71866217628121387 0.38947415503207583 0.30584962829016149 0.51216687262058247 0.27832257095724322 0.27362633589655161 0.24621390015818179 0.24595613777637482
leaf_count=19 28 17 4 29 33 31 19 20 37 36 25 33 22 9 22 14 21 28 20 23 18 28 15 6 37 7 14 22
internal_value=-0.000324021 -0.00226728 -0.0127239 0.0050248 0.00798387 -0.0135369 0.0206694 0.0294669 -0.00332926 -0.00671344 -0.0235711 -0.0301477 -0.000790167 -0.04443 -0.0426458 -0.0219168 0.0452291 0.0294291 -0.0560053 0.0626744 -0.0598377 -0.0649575 -0.0482332 -0.0714316 -0.0699226 -0.0692812 -0.0686883 -0.0683813
internal_weight=22.9917 22.1582 10.9691 5.4339 11.189 4.14949 7.03955 6.13605 1.99179 4.43114 2.93824 5.53525 1.81156 3.72369 2.4904 1.44126 4.14426 2.17468 3.04156 1.96959 1.46926 2.49156 0.695324 1.79623 1.28407 1.04412 0.770493 0.524279
internal_count=637 609 344 127 265 100 165 146 54 108 72 217 55 162 67 45 92 48 153 44 43 133 43 90 84 80 73 59
cat_boundaries=0 1 2 3
cat_threshold=2 4 2
is_linear=0
shrinkage=0.0675


Tree=84
num_leaves=31
num_cat=3
split_feature=53 59 61 23 33 48 59 46 33 46 62 33 45 61 60 0 33 63 49 21 58 61 48 38 59 31 61 56 21 57
split_gain=0.501658 0.719696 0.617116 0.612041 0.696896 0.711243 0.63751 0.833391 0.534314 0.491745 0.599261 0.762894 0.483484 0.450968 0.477235 0.461416 0.319107 0.583647 0.287584 0.276954 0.202915 0.0654542 0.03214 0.0222389 0.000528901 0.000466831 2.47519e-05 1.8465e-05 1.84089e-05 2.89153e-06
threshold=29.054999000000006 12.245000000000003 14.550000000000002 0 30.453741468386692 24.354999500000002 11.035000000000002 18.329999500000003 22.148625843469571 20.609999500000004 1.4450000500000002 28.356097433150456 4.565000050000001 12.850000000000003 15.350000000000003 71.500000000000014 25.463726829610977 45.949998500000007 5.1150000000000011 1 4.9649999000000014 16.250000000000004 15.475000000000001 1.0000000180025095e-35 13.475000000000003 44.500000000000007 32.699998500000007 5.4199998000000003 2 7.7049999000000007
decision_type=8 10 8 9 10 10 8 8 8 8 8 8 10 10 8 2 10 8 10 9 10 10 8 10 10 10 8 10 9 10
left_child=3 9 -3 4 5 6 18 12 -9 -2 11 -11 -8 15 -15 -10 19 -18 -1 -16 -6 -4 24 -14 -22 -25 27 -27 29 -29
right_child=1 2 21 -5 20 -7 7 8 13 10 -12 -13 23 14 16 -17 17 -19 -20 -21 22 -23 -24 25 -26 26 -28 28 -30 -31
leaf_value=-0.0013615962922106644 -0.047077754496665652 -0.0030504387918383028 0.073284040073097689 0.052761754640185482 -0.010692713907729662 -0.060362475967828476 0.030889447403843379 -0.044329514720032201 0.071372351756839786 -0.0052915310339580321 -0.032315965830617403 0.074648163990119407 -0.045397658774186299 -0.043901852992072575 0.00086810010436919082 0.0035408737974026716 0.031033561716330645 -0.048338615634426749 0.045619232998919131 0.05345240671366349 -0.069074381688333117 0.048688843829843502 -0.048014392083112908 -0.072239195179296015 -0.072354956524211408 -0.069199390448017734 -0.069352427266116956 -0.068039642609238643 -0.068911555514995435 -0.06842034000897057
leaf_weight=0.91342792264185435 0.92576140118762751 1.018661715090275 1.0395587189123032 0.73583173984661776 0.44146807584911663 0.97106456290930587 0.27935631200671096 1.0102169848978526 0.89688098989427067 1.2805078474339104 1.0955756693147121 0.9456125390715896 0.20589496381580819 1.0061834640800951 0.87267595413140953 0.93144139088690281 0.77422074833884802 0.92811254784464847 1.6957343637477604 0.95659553585574053 0.43065154762007263 0.93768020626157511 0.41245453106239449 0.20818551070988167 0.4664325900375843 0.16779687628149953 0.23558307089842867 0.30696658545639366 0.21841178135946393 0.12914692866615951
leaf_count=28 24 17 25 21 13 23 4 21 18 24 19 21 4 35 22 26 14 27 39 19 30 27 18 4 12 9 13 53 15 12
internal_value=-0.00032153 0.0142966 0.0396309 -0.00729001 -0.0103461 -0.00484531 -0.00025201 -0.00866291 0.00127542 -0.00357272 0.0085522 0.0286653 -0.0505213 0.00851232 -0.00289133 0.0368155 0.0087929 -0.0122402 0.029172 0.0283664 -0.0502682 0.0616201 -0.0636098 -0.0659716 -0.0707801 -0.0693174 -0.0687424 -0.0685677 -0.0684057 -0.0681524
internal_weight=22.4381 7.24336 2.9959 15.1947 14.4589 12.7079 11.7368 9.12767 7.37633 4.24746 3.3217 2.22612 1.75134 6.36611 4.53779 1.82832 3.5316 1.70233 2.60916 1.82927 1.75101 1.97724 1.30954 1.47199 0.897084 1.26609 1.05791 0.822322 0.654525 0.436114
internal_count=637 157 69 480 459 386 363 296 182 88 64 45 114 161 117 44 82 41 67 41 73 52 60 110 42 106 102 89 80 65
cat_boundaries=0 1 2 3
cat_threshold=1 2 2
is_linear=0
shrinkage=0.0675


Tree=85
num_leaves=28
num_cat=1
split_feature=33 53 62 38 61 39 54 34 57 57 39 14 53 54 39 60 59 55 55 50 35 48 62 46 50 49 34
split_gain=0.479043 0.638416 0.529491 0.499337 0.455711 0.438253 0.541205 0.468364 0.411898 0.518032 0.839022 0.47557 0.519568 0.719836 0.704955 0.598983 0.486957 0.417438 0.600047 0.369158 0.0446605 0.0167306 0.00381287 0.00020138 0.000106757 1.08347e-05 2.08197e-06
threshold=39.386540774089049 6.3750000000000009 0.90500000500000011 76.349998500000012 17.050000000000004 35.500000000000007 4.3950000000000005 2.2588000500000005 4.1549999500000006 5.9049999500000006 44.500000000000007 0 14.390000000000002 4.2550001000000011 70.500000000000014 13.850000000000003 12.265000000000002 4.5950000500000012 6.315000050000001 7.065000050000001 1.6202000000000003 6.8299999000000016 1.1250000000000002 22.724999500000003 4.4900000000000011 5.7950001000000011 1.8896000000000002
decision_type=8 8 10 10 8 10 10 10 8 10 10 9 8 10 10 8 8 10 10 10 10 10 8 10 10 10 10
left_child=1 3 -2 -1 -4 6 -3 8 -7 10 -10 12 13 -11 22 -14 -17 21 19 -19 -5 -12 -15 24 -22 26 -26
right_child=2 5 4 20 -6 7 -8 -9 9 11 17 -13 15 14 -16 16 -18 18 -20 -21 23 -23 -24 -25 25 -27 -28
leaf_value=0.032209906516831137 -0.023224181984793299 -0.012599022833227292 0.010895762924494545 -0.032242863691424838 0.072035447575359929 0.047339035567604007 0.066485983112423361 -0.045701761295434858 0.035795091733235689 0.024269667961547024 -0.055904356689210191 0.042291114827324783 -0.024982072605225402 -0.065208486480208286 0.015244489038452335 0.00050850734937009845 0.055288189794802815 -0.022779113854733891 -0.055942236118629973 0.042414559525592421 -0.07012808774830484 -0.072320411984450231 -0.072446334309744315 -0.070874185317162497 -0.068236131828518523 -0.068648519889260615 -0.067904735959337076
leaf_weight=0.30316600855440512 0.77660623565316145 0.68476567417383438 1.1088148429989817 0.17146990727633227 1.1130246385000644 0.76894043106585463 0.92932363506406546 1.1382276017684478 0.96442563738674003 1.0562452170997834 0.43183236406184711 1.415115672163666 1.2119970778003333 0.50956719089299451 0.63582827907521267 1.3179793455637994 1.6841434985399244 0.85508184484206162 1.1919003450311718 0.73668018681928515 0.19834783859550931 0.81999475136399269 0.94962454144842934 0.276745212264359 0.1804673409787938 0.26913596026133746 0.16566613549366593
leaf_count=4 13 12 32 6 39 17 32 31 16 26 24 26 31 31 16 28 27 35 27 16 7 28 26 7 23 24 33
internal_value=-0.000308255 -0.0042913 0.0247537 -0.0455766 0.0415235 -0.000556901 0.0329347 -0.00400284 -0.000740647 -0.00342347 -0.0207667 0.00645234 -0.000433389 -0.0211653 -0.0440722 0.0150696 0.031239 -0.0342841 -0.0197257 0.00739304 -0.0642654 -0.0666575 -0.0699188 -0.0693013 -0.0687663 -0.0683273 -0.0680775
internal_weight=21.8651 18.8667 2.99845 1.565 2.22184 17.3017 1.61409 15.6876 14.5494 13.7804 4.99992 8.7805 7.36539 3.15127 2.09502 4.21412 3.00212 4.03549 2.78366 1.59176 1.26183 1.25183 1.45919 1.09036 0.813617 0.615269 0.346133
internal_count=637 553 84 104 71 449 44 405 374 357 146 211 185 99 73 86 55 130 78 51 100 52 57 94 87 80 56
cat_boundaries=0 1
cat_threshold=1
is_linear=0
shrinkage=0.0675


Tree=86
num_leaves=26
num_cat=0
split_feature=45 34 56 61 62 38 38 46 60 0 58 59 63 60 61 63 59 57 54 58 47 59 57 52 39
split_gain=0.44282 0.472503 0.496229 0.720464 0.488024 0.450497 0.525614 0.545418 0.476089 0.736718 0.551247 0.473998 0.536709 0.502321 0.44996 0.439631 0.401919 0.528962 0.37034 0.336652 0.258273 0.0440054 0.0404135 0.00286453 0.000168527
threshold=9.9949999000000016 1.6225000000000003 8.5349998500000002 42.949998500000007 0.97500002500000005 104.50000000000001 103.15000000000002 17.625000000000004 18.450000000000003 65.500000000000014 4.7950001000000011 13.240000000000002 27.550000000000004 17.550000000000004 12.850000000000003 1.0000000180025095e-35 12.245000000000003 6.7550001000000011 4.2750001000000006 5.8399999000000014 19.820000500000003 12.165000000000001 5.6199999000000007 44.965000000000011 77.500000000000014
decision_type=10 10 10 8 10 10 10 10 10 2 10 8 8 8 10 10 10 10 8 8 8 10 8 10 10
left_child=1 4 5 21 -1 6 7 15 9 -7 -10 16 -13 -14 -6 -3 17 -9 -11 -16 -17 -4 -20 24 -24
right_child=-2 2 3 -5 14 8 -8 11 10 18 -12 12 13 -15 19 20 -18 -19 22 -21 -22 -23 23 -25 -26
leaf_value=-0.013054224465910048 0.050273540899276305 0.022094829081919704 -0.046345593494221356 0.024136160148599484 0.067760531284635786 0.016735022934279725 0.057394853460194857 -0.029338003067515196 0.060606906771277086 -0.008570502150253673 -0.01999610053955227 -0.050146389866288665 0.047326461962475704 -0.019957649480678415 -0.024797014012976754 -0.01055207048005802 0.049482586123532374 0.042359842768875867 -0.049056810342204778 0.04157884754473741 -0.07338016885412621 -0.071814202702006905 -0.068819994077698635 -0.075792979434611968 -0.07075408659065989
leaf_weight=1.4118521097116237 0.76056208740919728 0.50382696511223901 0.4465982574038202 0.59680698299780477 1.1472369367256763 0.99500267510302309 0.82797197438776571 0.98857115767896198 0.6350634181872008 0.6704364339821044 0.98807308706454933 1.0017177090048792 0.91529007675126228 1.1293131285347042 0.65035257721319761 0.45223960257135298 1.7698065373115239 0.89175213780254126 0.44158162525854971 0.74924260796979081 0.87470815668348234 1.0039928328478707 0.42785231536254287 0.63132000342011452 0.39457053178921342
leaf_count=27 28 15 23 13 29 27 17 30 12 34 34 22 24 27 19 13 38 21 26 24 38 39 36 7 14
internal_value=-0.000303909 -0.00217624 -0.00717715 -0.0382897 0.0187771 -0.00279588 0.00604882 0.00106325 -0.0187576 -0.0325686 0.0115404 0.0099893 -0.00966856 0.0101629 0.036423 -0.0315857 0.0263953 0.00466504 -0.0516885 0.0107358 -0.0519676 -0.0639731 -0.0669408 -0.0723731 -0.0697479
internal_weight=21.3057 20.5452 16.5865 2.0474 3.95868 14.5391 9.3552 8.52723 5.1839 3.56076 1.62314 6.69645 3.04632 2.0446 2.54683 1.83077 3.65013 1.88032 2.56576 1.3996 1.32695 1.45059 1.89532 1.45374 0.822423
internal_count=637 609 510 75 99 435 245 228 190 144 46 162 73 51 72 66 89 51 117 43 51 62 83 57 50
is_linear=0
shrinkage=0.0675


Tree=87
num_leaves=28
num_cat=2
split_feature=36 47 61 60 63 5 39 62 49 0 61 21 63 55 34 56 34 51 39 53 61 34 46 51 36 60 54
split_gain=0.465244 0.555596 0.58167 0.8897 0.748838 0.685524 0.557222 0.493074 0.450848 0.515437 0.555157 0.493403 0.413713 0.587774 0.389676 0.338134 0.23247 0.224468 0.0895649 0.0737704 0.0575219 0.000742747 0.000110873 5.14765e-05 1.45081e-05 4.97497e-06 1.415e-06
threshold=176.50000000000003 39.365000000000002 12.450000000000001 13.15 60.700001000000007 0 45.500000000000007 1.1050000000000002 7.1250000000000009 73.500000000000014 16.750000000000004 1 34.100000500000007 5.4849999000000009 1.8569500000000003 7.6649999500000012 2.1768000000000005 20.520000500000005 59.500000000000007 1.0000000180025095e-35 19.950000000000003 1.5967999500000001 14.245000000000003 19.154999500000006 126.50000000000001 24.950000000000003 4.3650000000000011
decision_type=8 10 10 10 10 9 8 10 10 2 8 9 10 10 10 10 8 8 8 10 10 10 10 10 10 10 10
left_child=1 2 3 6 5 20 -1 18 -3 11 -11 -10 17 -14 -9 -7 -15 -2 -8 -6 -4 -21 -23 24 -24 26 -26
right_child=12 8 4 -5 19 15 7 14 9 10 -12 -13 13 16 -16 -17 -18 -19 -20 21 -22 22 23 -25 25 -27 -28
leaf_value=0.041113127870753489 0.01884161506034264 0.040803976970319476 -0.069867338754862854 0.046258170514396686 -0.02653956679190295 -0.015328296040616352 -0.073898782822325607 0.031175666515651568 -0.0060423822007439751 -0.046303648703950873 0.0075765790713934397 0.050397571556930677 -0.037735515773328891 0.0044720106333776578 -0.035915213760133256 0.042123071172326006 0.070059909637047474 0.072816824395248197 -0.0357730884724047 -0.072322276855638537 -0.034500159783193818 -0.070717958983644608 -0.068902365123275647 -0.069304845447257138 -0.068192835571933272 -0.068499519603549303 -0.067874041822798589
leaf_weight=0.60751834837720364 0.60635419213212949 1.5783591326326121 0.61112658772617579 1.3938178315293042 0.19994115829467762 0.94027268933132313 0.85439883172512066 0.73207087395712711 1.4218456451781094 1.5885180849581959 1.9297519284300504 1.4012102503329515 0.8910299898125229 0.48282928613480181 0.85525999730452895 0.92686948587652296 0.50245092203840613 0.83377074077725422 0.41813823767006408 0.42708187364041794 0.3188439579680562 0.16203846223652352 0.17254865774884798 0.53413846367038786 0.10244202380999923 0.13344144285656512 0.1666115935659036
leaf_count=16 18 27 38 28 5 29 28 14 31 26 37 25 27 16 27 19 27 33 30 8 19 4 12 30 13 11 39
internal_value=-0.000299688 -0.00469815 -0.0156544 0.000712018 -0.0325989 -0.0103922 -0.0175966 -0.0300682 0.0085226 0.000487752 -0.0167506 0.0219713 0.0228784 0.00199189 -0.00497316 0.0131912 0.037919 0.050091 -0.0613712 -0.0653211 -0.0577416 -0.0698869 -0.0690687 -0.0688277 -0.0683845 -0.0681625 -0.0679954
internal_weight=20.7927 17.4762 9.55656 4.8612 4.69536 2.79711 3.46739 2.85987 7.91969 6.34133 3.51827 2.82306 3.31644 1.87631 1.58733 1.86714 0.98528 1.44012 1.27254 1.89824 0.929971 1.6983 1.27122 1.10918 0.575044 0.402495 0.269054
internal_count=637 516 370 143 227 105 115 99 146 119 63 56 121 70 41 48 43 51 58 122 57 117 109 105 75 63 52
cat_boundaries=0 1 2
cat_threshold=2 2
is_linear=0
shrinkage=0.0675


Tree=88
num_leaves=28
num_cat=3
split_feature=53 48 23 48 59 46 50 62 33 54 33 32 37 62 22 62 31 63 57 6 36 35 61 62 45 44 37
split_gain=0.439202 0.576223 0.545738 0.671118 0.434138 0.657227 0.560785 0.552764 0.604409 0.664341 0.507095 0.50137 0.402393 0.352762 0.326326 0.298347 0.250805 0.23161 0.127579 0.0197042 0.000286785 0.000213925 2.78556e-05 9.49939e-06 3.92354e-06 2.97178e-06 1.00886e-06
threshold=29.054999000000006 42.424999000000007 0 23.985000500000002 11.035000000000002 18.729999500000002 4.8999998500000013 1.4350000000000003 22.315392490149122 4.9749999000000011 25.330091674512087 174.50000000000003 77.500000000000014 1.0950000000000004 1 1.0450000000000002 75.500000000000014 287.44999500000006 7.4749999000000011 2 114.50000000000001 1.5340500000000004 32.699998500000007 1.1850000000000003 5.5850000500000005 5.6549999500000006 90.500000000000014
decision_type=10 10 9 10 8 8 10 8 8 10 10 8 8 10 9 8 10 8 8 9 10 10 8 8 10 10 10
left_child=2 -2 3 4 15 6 -6 8 -7 11 -9 12 -10 -13 19 -1 -14 -17 -15 20 -8 -22 23 25 -25 26 -23
right_child=1 -3 -4 -5 5 7 14 10 9 -11 -12 13 16 18 -16 17 -18 -19 -20 -21 21 22 -24 24 -26 -27 -28
leaf_value=-0.017993569777024928 0.058795696757582422 -0.0092395350463760732 0.052027392688279092 -0.056211369492565368 0.014244062767238729 -0.044373067088414507 -0.071714237371466052 0.0057517017519074674 0.032752697730404033 -0.04149474084579028 -0.057556144574093249 0.0117666419190397 0.0050544300990854824 0.066993577636459203 0.0081657496427142515 0.012326469524846811 -0.049221667881483674 0.056201602006086045 0.035332418254921921 -0.048477891791759695 -0.071037033396533777 -0.067974543162059753 -0.069283771505104966 -0.068881379200315909 -0.068472145071194729 -0.068452701203137095 -0.068239264165286292
leaf_weight=0.68243385688402414 1.2365120137110346 1.0478420408908276 0.76327722030692413 1.1458605993539084 0.71741279540583258 0.89025770989246389 0.20552549324929636 1.0452270656824123 0.96590275131166103 0.85041535366326559 1.2854355128947643 1.5144819871056827 0.75759006361477055 1.3579234848730268 0.31484549865126665 1.158069971483201 0.79493452096357942 1.0409175995737312 1.0120434327982364 0.23827199777588282 0.19892094563692797 0.14841555838938769 0.23441803315654408 0.21728614345192909 0.20981891127303243 0.17025799048133194 0.11754258710425347
leaf_count=30 33 28 24 33 28 20 6 22 22 18 33 39 20 28 14 30 24 21 27 16 5 26 15 19 21 19 16
internal_value=-0.000296678 0.0275877 -0.00382809 -0.00629611 -0.00274981 -0.00791479 -0.0371369 -0.000179158 0.0081164 0.0145589 -0.0291646 0.0220038 -0.00145444 0.0372126 -0.0550717 0.0209954 -0.0227364 0.0330953 0.0534734 -0.0665112 -0.0693716 -0.0690003 -0.0686312 -0.0684541 -0.0686803 -0.0682325 -0.0680915
internal_weight=20.3218 2.28435 18.0375 17.2742 16.1283 13.2469 2.77272 10.4742 8.14355 7.25329 2.33066 6.40288 2.51843 3.88445 2.0553 2.88142 1.55252 2.19899 2.36997 1.74046 1.50219 1.29666 1.09774 0.863321 0.427105 0.436216 0.265958
internal_count=637 61 576 552 519 438 185 253 198 178 55 160 66 94 157 81 44 51 55 143 127 121 116 101 40 61 42
cat_boundaries=0 1 2 3
cat_threshold=1 1 1
is_linear=0
shrinkage=0.0675


Tree=89
num_leaves=29
num_cat=3
split_feature=39 53 53 33 27 59 63 14 46 35 31 63 34 47 55 39 45 37 48 58 33 36 47 34 45 15 36 52
split_gain=0.435708 0.442533 0.564449 0.599592 0.472321 0.45878 0.590119 0.549481 0.568179 0.483352 0.82806 0.497608 0.418663 0.409148 0.363232 0.354135 0.232584 0.223634 0.174295 0.166494 0.00046253 0.000258445 0.000179406 0.000150415 8.16217e-05 1.72203e-05 5.65329e-06 1.6642e-06
threshold=29.500000000000004 29.054999000000006 38.924999000000007 27.762707340393831 0 10.595000000000001 229.34999500000004 1 17.625000000000004 1.9343000000000001 85.500000000000014 63.549999000000007 2.1994500000000006 39.594999500000007 6.565000050000001 58.500000000000007 7.1450000000000005 82.500000000000014 12.490000000000002 7.0899999000000014 28.716467190771692 138.50000000000003 28.165000000000003 1.5203500000000003 4.565000050000001 2 126.50000000000001 21.460000000000004
decision_type=10 8 8 8 9 8 8 9 8 8 10 8 10 10 10 10 10 10 8 8 10 10 8 10 10 9 10 10
left_child=14 5 -3 4 17 6 -2 8 23 13 11 -11 19 21 18 -5 -13 -4 -1 20 -12 -10 -16 -7 -25 26 -26 -28
right_child=1 2 3 15 -6 7 -8 -9 9 10 12 16 -14 -15 22 -17 -18 -19 -20 -21 -22 -23 -24 24 25 -27 27 -29
leaf_value=-0.019515237249513102 -0.018541065052389276 0.055747963081201488 -0.015238490985288846 -0.0017824055478980281 0.017503017294897914 -0.071074023768735589 0.057000315478204298 0.027605599395664839 -0.071259516069139009 0.049239453269371257 -0.072464055976112288 -0.047858920782301279 -0.0013037666817922954 -0.017550715544249255 0.070684780140940359 0.055696972409549877 0.019861414943622532 -0.065159622185063826 0.026642356119828754 -0.022252996608656657 -0.069445401891244485 -0.069169000472744879 0.068455049455378059 -0.069985036181374624 -0.068544010402270553 -0.068917061204877852 -0.067879771772326791 -0.068186471135445459
leaf_weight=0.57716840831563154 0.94062749040313121 1.072247402742504 0.7655471640173348 0.89803963154554356 0.96980767138302315 0.15151258651166688 0.94405658403411519 1.1186302546411777 0.67906064912676922 1.4720162805169823 0.38764506403822463 0.46150759002193797 1.2732199302408842 1.6348620317876337 0.35101685184054066 1.070577025413513 0.46278568217530847 0.8775341515429318 1.0523767429403961 0.48811164777725946 0.57331108511425555 0.4466846875147894 0.30927984765730798 0.19842626852914691 0.15188076999038458 0.22840396850369871 0.14961538778152317 0.17477542103733867
leaf_count=13 27 26 20 16 18 4 17 35 20 25 12 31 33 29 12 27 9 20 30 17 32 34 33 7 12 18 34 26
internal_value=-0.000289665 -0.00389499 0.0116616 0.00134371 -0.019852 -0.011263 0.0192983 -0.0169928 -0.0225771 -0.0163493 -0.00407152 0.0248656 -0.0295436 -0.0391143 0.0274069 0.0294761 -0.0139519 -0.0419003 0.0102938 -0.0543564 -0.0706631 -0.07043 0.0696404 -0.0691059 -0.0687757 -0.0684352 -0.0682041 -0.068045
internal_weight=19.8807 17.5909 5.65375 4.58151 2.61289 11.9371 1.88468 10.0524 8.93382 7.8792 5.1186 2.39631 2.72229 2.76061 2.28984 1.96862 0.924293 1.64308 1.62955 1.44907 0.960956 1.12575 0.660297 1.05461 0.903102 0.704676 0.476272 0.324391
internal_count=637 549 127 101 58 422 44 378 343 242 159 65 94 83 88 43 40 40 43 61 44 54 45 101 97 90 72 60
cat_boundaries=0 1 2 3
cat_threshold=1 1 2
is_linear=0
shrinkage=0.0675


Tree=90
num_leaves=28
num_cat=2
split_feature=34 47 62 59 62 54 61 44 62 49 34 62 61 59 0 21 52 37 61 36 51 47 46 63 59 31 5
split_gain=0.411148 0.442717 0.41796 0.412892 0.618557 0.569465 0.726992 0.437758 0.482912 0.486047 0.399964 0.438354 0.388027 0.337464 0.26821 0.240846 0.228671 0.171358 0.0978191 0.00351397 0.000649853 0.000137497 4.50311e-05 4.05036e-05 1.44919e-05 7.23586e-06 5.37704e-06
threshold=1.6225000000000003 39.365000000000002 0.97500002500000005 13.145000000000001 0.85500001500000011 4.5050001000000011 32.699998500000007 5.0450001000000011 1.1749999500000003 5.8550000000000013 1.8321500500000003 1.0850000000000002 17.050000000000004 10.540000000000001 76.500000000000014 0 32.465000000000011 95.500000000000014 15.350000000000003 100.50000000000001 20.884999000000004 31.250000000000004 16.760000000000002 5.3500001500000005 10.710000000000003 88.500000000000014 1
decision_type=10 10 10 8 8 10 8 10 10 10 10 8 8 10 2 9 10 8 8 10 10 10 8 8 10 10 9
left_child=2 3 -1 5 -5 6 17 -7 9 18 -3 -12 -13 -4 -15 -14 19 20 -9 -6 23 22 -21 -2 -25 -24 -26
right_child=1 10 13 4 16 7 -8 8 -10 -11 11 12 15 14 -16 -17 -18 -19 -20 21 -22 -23 25 24 26 -27 -28
leaf_value=-0.010138008278669938 -0.069575924415000739 -0.032435591933887856 0.071785367785993592 0.039844638284398 -0.07683366308544072 0.047416587294460459 0.014377109593139625 -0.0070620291091946247 -0.044678281503762365 0.0419215100385079 -0.019480107571265875 -0.00046838459592127751 0.011677262304704072 -0.0055173622239035715 0.052823514978942228 0.051983706063992906 -0.01258894244972328 -0.019752267470288579 -0.068654235270540626 -0.069585592753308889 -0.072451039466961853 -0.070547105226674511 -0.068120789887420499 -0.069035229668950884 -0.068116316358163273 -0.068615081320734253 -0.06857715033426387
leaf_weight=1.3233508775010734 0.26601141877472134 1.0133922034874547 0.83336014929227564 0.3529505920596433 0.3765277564525602 1.0513706388883295 1.0353196419309822 0.22105160134378854 0.88078200619202096 1.1161176359746603 1.4481523330323396 1.9776775883510707 1.0313967587426305 0.88528019632212795 0.60398916318081319 1.9572671062778682 0.38946249778382469 0.4144496237859131 0.25075582577846944 0.19060025888029486 0.30182321881875396 0.24285388085991144 0.25829091912601143 0.23261179565452039 0.19799994304776192 0.28254506434313953 0.27640551479998976
leaf_count=29 16 24 19 8 4 19 27 18 37 26 32 37 28 33 26 36 16 19 23 14 6 8 37 14 29 26 26
internal_value=-0.000288506 -0.0050126 0.0201393 -0.0156887 -0.0416329 -0.00699216 -0.030161 0.0109411 -0.0045931 0.0176411 0.00697149 0.0131972 0.0227257 0.0373902 0.0181434 0.0380738 -0.0581575 -0.057457 -0.039797 -0.0712957 -0.0697147 -0.0691555 -0.0686934 -0.0688659 -0.0685988 -0.068379 -0.0683848
internal_weight=19.4118 15.7658 3.64598 8.33793 2.09323 6.2447 2.72462 3.52008 2.46871 1.58793 7.42789 6.41449 4.96634 2.32263 1.48927 2.98866 1.74028 1.6893 0.471807 1.35082 1.27485 0.97429 0.731436 0.973029 0.707017 0.540836 0.474405
internal_count=637 530 107 373 113 260 137 123 104 67 157 133 101 78 59 64 105 110 41 89 91 85 77 85 69 63 55
cat_boundaries=0 1 2
cat_threshold=2 2
is_linear=0
shrinkage=0.0675


Tree=91
num_leaves=26
num_cat=3
split_feature=29 45 33 48 35 51 53 63 16 56 60 27 38 51 50 54 59 62 62 49 62 60 46 39 62
split_gain=0.412809 0.430221 0.41674 0.520627 0.487744 0.671182 0.632104 0.450046 0.566382 0.537289 0.603072 0.423348 0.758232 0.406778 0.52443 0.360253 0.353088 0.259799 0.141772 0.136484 0.125158 0.0148067 0.00107371 9.32394e-05 1.27464e-05
threshold=0 9.9949999000000016 31.138224631807024 29.850000500000004 2.2005500500000008 30.200000000000003 6.5200000000000005 243.59999500000004 1 7.2249999000000011 17.450000000000003 2 101.50000000000001 23.950000000000006 7.1699998000000003 4.6649999500000012 12.145000000000001 1.2650000000000003 1.1850000000000003 5.9949999000000007 1.3650000000000004 20.050000000000004 22.285001000000005 50.500000000000007 1.1050000000000002
decision_type=9 10 10 8 8 8 8 10 9 8 10 9 10 10 10 10 10 10 10 8 10 8 10 10 10
left_child=1 2 4 21 5 6 20 8 9 10 -8 12 19 14 15 16 -10 -9 22 -6 23 -4 -11 -1 -25
right_child=-2 -3 3 -5 11 -7 7 17 13 18 -12 -13 -14 -15 -16 -17 -18 -19 -20 -21 -22 -23 -24 24 -26
leaf_value=-0.069961324899119409 0.041440201697739758 0.049745947399768176 -0.071235472882300588 0.014908117683762188 0.034679092173329741 -0.069328269672341097 -0.031499822806404634 0.0022515773547971797 -0.033895388504749269 -0.068899424935463055 0.049260991950871739 -0.023553182742122314 -0.01558240845298885 0.045473539737712641 -0.041248386563028011 0.041849114962541387 0.029897689005114591 0.053982926728482573 -0.03380563744162085 0.073266904711561304 -0.012727746910964658 -0.054748318636260118 -0.073709359421483739 -0.067995762668186993 -0.068763890660838073
leaf_weight=0.33823901915457177 1.022348371567207 0.68668117723427613 0.66733693098649238 0.56894756969995808 0.66187483258545499 0.75624683266505677 1.0374340072739872 0.77346946694888252 0.92520194710232206 0.44412505847867567 0.70933281490579236 0.76577942073345218 0.94897652475628991 1.1119440207257865 1.0630761152133343 1.2295603668317197 0.69023316935636103 1.0331356143578885 1.0162949149962512 1.131711935158819 0.23622564063407481 0.39513554866425704 0.40362376347184181 0.1691378871910274 0.23545246873982251
leaf_count=17 37 27 32 15 16 26 37 30 30 38 13 18 23 24 20 25 18 23 32 35 12 23 7 34 25
internal_value=-0.000283477 -0.00265337 -0.00473173 -0.0372002 -0.00135379 -0.00774479 -0.0036654 0.0011991 -0.0052136 -0.025602 0.00129579 0.0208208 0.0332109 0.0094514 -0.000797801 0.0143172 -0.00663828 0.031835 -0.0508074 0.0590271 -0.0555245 -0.0651039 -0.0711895 -0.0691342 -0.0684428
internal_weight=19.0215 17.9992 17.3125 1.63142 15.6811 12.1727 11.4165 10.4374 8.63083 3.61081 1.74677 3.50834 2.74256 5.02002 3.90807 2.845 1.61544 1.80661 1.86404 1.79359 0.979055 1.06247 0.847749 0.742829 0.40459
internal_count=637 600 573 70 503 411 385 297 244 127 50 92 74 117 93 73 48 53 77 51 88 55 45 76 59
cat_boundaries=0 1 2 3
cat_threshold=1 2 1
is_linear=0
shrinkage=0.0675


Tree=92
num_leaves=28
num_cat=0
split_feature=36 47 61 60 63 35 34 39 62 34 49 0 51 61 63 55 34 51 39 39 53 33 44 52 55 36 62
split_gain=0.402571 0.442715 0.47329 0.683721 0.647486 0.58635 0.512421 0.492813 0.409455 0.426649 0.355588 0.420574 0.447304 0.436976 0.343475 0.459561 0.20145 0.193073 0.178279 0.0861216 0.0723898 0.000386293 6.6543e-05 6.9021e-05 1.3686e-05 1.09225e-05 2.11788e-06
threshold=176.50000000000003 39.365000000000002 12.450000000000001 13.15 60.700001000000007 2.0858000500000005 1.9570499500000003 45.500000000000007 1.1050000000000002 1.8580500500000003 7.1250000000000009 73.500000000000014 24.840000500000006 16.750000000000004 34.100000500000007 5.4849999000000009 2.1768000000000005 20.520000500000005 60.500000000000007 59.500000000000007 1.0000000180025095e-35 19.12583831050312 4.6649999500000012 32.145000500000009 6.1499998500000013 137.50000000000003 1.2850000000000004
decision_type=8 10 10 10 10 10 10 10 10 10 10 2 10 8 10 10 8 8 10 10 10 10 10 10 10 10 10
left_child=1 2 3 7 5 6 18 -1 19 -10 -3 12 -12 -13 17 -16 -17 -2 -4 -9 -6 -22 -23 24 26 -26 -24
right_child=14 10 4 -5 20 -7 -8 8 9 -11 11 13 -14 -15 15 16 -18 -19 -20 -21 21 22 23 -25 25 -27 -28
leaf_value=0.041114725238227824 0.018602898038680187 0.037966581071220619 0.0049876830903018733 0.042670645465661398 -0.024084118930208318 -0.069046534525839642 0.048974710776950807 -0.073402971265164443 0.031423252873766676 -0.042537347311341712 -0.011112878062060454 -0.043283572937724744 0.0457280305940337 0.0066550381804830671 -0.034596347504297832 0.004775650482249102 0.06980560835657193 0.071481483402729584 -0.050627085690663466 -0.033080819934621822 -0.072009423256213539 -0.070182953150331268 -0.067959206416844248 -0.069753717097706835 -0.069073121714263344 -0.068416077872315018 -0.068344630941307119
leaf_weight=0.55187060404569122 0.55071714217774492 1.4177714232355345 0.5337446292396637 1.2431833108421413 0.17917084787040938 0.57804473733995099 0.8137598184403031 0.74049442005343757 0.71392699424177386 0.70756945572793484 1.1280570579692724 1.4604039639234545 1.4309824076481161 1.7610451024956999 0.7985281837172804 0.44716571283061057 0.42175256251357496 0.73381079151295137 0.51700140081811696 0.35803095356095582 0.24378807004541148 0.20173691026866425 0.16012565908022203 0.27407364407554269 0.21479759190697223 0.24880496028345078 0.10929460916668177
leaf_count=16 18 27 18 28 5 38 24 28 15 26 21 26 35 37 27 16 27 33 25 30 6 7 36 13 12 31 12
internal_value=-0.000278732 -0.00460726 -0.0151444 0.000434471 -0.0316438 -0.00964994 0.00876453 -0.0166583 -0.0293103 -0.00539166 0.00767356 0.000243642 0.0206718 -0.015984 0.0225777 0.00236892 0.0363397 0.0488108 -0.0223766 -0.0602612 -0.0645652 -0.0695583 -0.069064 -0.0688398 -0.0684982 -0.0687205 -0.0681156
internal_weight=18.5397 15.5877 8.38942 4.31508 4.07434 2.44255 1.86451 3.07189 2.52002 1.4215 7.19826 5.78049 2.55904 3.22145 2.95197 1.66745 0.868918 1.28453 1.05075 1.09853 1.63179 1.45262 1.20883 1.0071 0.733023 0.463603 0.26942
internal_count=637 516 370 143 227 105 67 115 99 41 146 119 56 63 121 70 43 51 43 58 122 117 111 104 91 43 48
is_linear=0
shrinkage=0.0675


Tree=93
num_leaves=28
num_cat=5
split_feature=59 45 29 45 33 62 53 54 16 49 33 35 62 21 59 0 26 33 55 61 48 53 54 38 0 62 21
split_gain=0.389579 0.591242 0.354659 0.339078 0.453299 0.428812 0.535123 0.422065 0.560876 0.399522 0.361333 0.384443 0.495419 0.462933 0.462894 0.412756 0.367046 0.339336 0.305726 0.2784 0.261681 0.162146 0.135536 0.0968354 0.000233199 0.000164937 3.13202e-05
threshold=16.245000000000001 9.9949999000000016 0 7.2349999000000009 21.123061147706387 1.0850000000000002 18.710000000000004 4.424999950000001 1 7.0250001000000006 31.138224631807024 1.9986000000000004 1.0350000000000004 2 12.865 80.500000000000014 3 23.275240852980044 5.4849999000000009 11.550000000000002 10.565000000000001 4.4449999500000006 3.9850000000000008 90.500000000000014 70.500000000000014 1.3550000000000002 4
decision_type=10 10 9 10 10 10 10 8 9 10 10 8 10 9 8 2 9 10 10 10 8 10 8 10 2 10 9
left_child=1 2 3 9 -5 6 -6 -7 -9 10 11 12 22 16 15 17 20 -14 -18 -15 -13 -12 -1 -19 -24 -23 -26
right_child=-2 -3 -4 4 5 7 -8 8 -10 -11 21 13 14 19 -16 -17 18 23 -20 -21 -22 25 24 -25 26 -27 -28
leaf_value=-0.01356293107922755 -0.053351341895844472 0.070553046612598438 0.038934671122961943 0.063324700411123661 -0.054123421526071205 0.05084054815168336 0.012732726213693205 -0.037518533899484043 0.029691238270047399 -0.069320367215110437 -0.0081756529474599771 0.040275504571109184 0.017030892004749741 0.065093856640602299 -0.056733871602225462 0.051357156593859137 -0.073892891749357925 -0.01369201663815536 -0.00023250981294684582 0.008298674472304585 -0.011858092593780678 -0.068580373964809774 -0.071060382705873157 -0.069448767681392035 -0.068335462943275235 -0.070855685333285123 -0.06940376898611339
leaf_weight=0.25373960263095541 0.60895873547997226 0.54834273271262546 0.97152257873677328 0.63238645624369283 1.081118385307491 1.1684813713654878 1.1009823111817238 0.98526883870363235 1.3285976639017465 0.50717783439904529 0.29414615733549077 0.82225300732534368 0.85936017299536682 0.86997186718508668 0.5912582721794023 0.74655822222121049 0.53111853555310518 0.22518853796645999 0.49692732968833297 0.71760038682259619 0.94036843953654181 0.30200233357027173 0.34847025037743162 0.38381057500373572 0.29068560875020921 0.27950340369716287 0.21942085796035826
leaf_count=13 15 26 36 31 22 21 23 21 33 15 9 27 27 18 30 16 22 9 24 32 26 33 16 33 39 8 12
internal_value=-0.000277769 0.00156946 -0.000662473 -0.00307037 0.0091218 0.00307052 -0.020391 0.0177719 0.00107261 -0.0110017 -0.00777706 -0.00342466 -0.0187834 0.0103213 -0.00367263 0.0104917 -0.00623354 -0.0102855 -0.0382876 0.0394218 0.0124619 -0.0490157 -0.0569053 -0.0488317 -0.0697144 -0.069674 -0.068795
internal_weight=18.1052 17.4963 16.9479 15.9764 6.29684 5.66445 2.1821 3.48235 2.31387 9.67956 9.17238 8.29673 3.91849 4.37824 2.80618 2.21492 2.79067 1.46836 1.02805 1.58757 1.76262 0.875652 1.11232 0.608999 0.858577 0.581506 0.510106
internal_count=637 622 596 560 151 120 45 75 54 409 394 344 195 149 115 85 99 69 46 50 53 50 80 42 67 41 51
cat_boundaries=0 1 2 3 4 5
cat_threshold=1 2 2 2 2
is_linear=0
shrinkage=0.0675


Tree=94
num_leaves=29
num_cat=1
split_feature=39 53 53 59 62 33 57 55 48 33 52 59 60 0 0 54 32 59 50 57 61 58 33 54 50 44 46 16
split_gain=0.385432 0.408146 0.485947 0.588457 0.469296 0.537213 0.416927 0.479633 0.513127 0.397604 0.507 0.47658 0.447017 0.550318 0.539509 0.443815 0.308915 0.301925 0.324646 0.237525 0.14793 0.108879 0.0665497 0.0606586 0.000272962 0.000132385 5.96878e-05 9.54439e-06
threshold=29.500000000000004 29.054999000000006 38.924999000000007 12.245000000000003 0.92500001500000006 25.903248280473381 8.6199999000000016 8.2899999500000003 23.985000500000002 30.453741468386692 44.965000000000011 13.570000000000002 21.050000000000004 77.500000000000014 62.500000000000007 4.2149999000000014 175.50000000000003 12.865 7.065000050000001 6.2449999000000007 11.350000000000003 4.9849999000000009 30.386089583160985 4.4549999000000007 5.8350000500000005 6.8650000000000011 15.870000000000003 0
decision_type=10 8 8 8 10 8 10 10 10 10 10 8 10 2 2 8 8 8 8 8 10 10 8 10 10 10 10 9
left_child=17 6 -3 -4 -5 -6 7 8 9 10 11 12 13 14 -2 16 -16 23 -19 -15 -17 -11 -7 -1 26 -13 -22 -28
right_child=1 2 3 4 5 22 -8 -9 -10 21 -12 25 -14 19 15 20 -18 18 -20 -21 24 -23 -24 -25 -26 -27 27 -29
leaf_value=0.036123214709773498 0.037640855666319341 0.054819882348142321 -0.048228855742023923 -0.022467049412762355 -0.011226768105695574 0.043519418082281568 -0.068390006718996948 0.037824909864784623 -0.066517905199185642 -0.020620730158463427 0.029057061651801629 -0.068944565260870977 0.040166562858027867 -0.01001140280283435 -0.040278498762258148 -0.021988276889995297 0.038621846584476663 -0.049292118664697349 0.029323438836447807 0.051596041691959402 -0.069936250428667746 -0.069699956029100521 0.072997991178885543 0.071266716086114859 -0.070956239749645864 -0.070959959468437084 -0.068035941792521773 -0.068799359227397591
leaf_weight=0.39144642930478157 0.46707340143620113 0.9709323088172831 0.85174734238535155 1.0455304605420681 0.81233339547179673 0.72010720125399497 0.55449270131066519 0.93301132903434414 0.74887310573831278 0.33076926553621877 1.7168161198496816 0.31573287665378291 0.80177109234500665 0.50173446559347179 0.47179952810984138 0.3626155680976807 0.4341400358825922 0.3559366753324863 0.73055914929136645 0.66049063776154082 0.18514730082824804 0.54574661969672889 0.67695261724293243 0.52242135512642562 0.93797809351235628 0.28036439139395952 0.15882430761121213 0.14073201199062169
leaf_count=17 8 26 18 22 20 25 23 28 24 12 34 37 26 29 34 16 7 8 38 17 9 38 16 25 30 8 30 12
internal_value=-0.000277938 -0.00384931 0.0118742 0.00172066 0.0147914 0.0324229 -0.0114182 -0.00825716 -0.0130024 -0.00818079 -0.00311186 -0.0127698 -0.00612229 -0.0147122 -0.0293259 -0.0409482 -0.00246825 0.0276196 0.00356894 0.025 -0.0604747 -0.051179 0.0578034 0.0562133 -0.0702841 -0.0698925 -0.0689835 -0.0683946
internal_weight=17.6261 15.6257 5.0776 4.10667 3.25492 2.20939 10.5481 9.99362 9.06061 8.31174 7.43522 5.7184 5.12231 4.32054 3.15831 2.69124 0.90594 2.00036 1.0865 1.16223 1.7853 0.876516 1.39706 0.913868 1.42268 0.596097 0.484704 0.299556
internal_count=637 549 127 101 83 61 422 399 371 347 297 263 218 192 146 138 41 88 46 46 97 50 41 42 81 45 51 42
cat_boundaries=0 1
cat_threshold=2
is_linear=0
shrinkage=0.0675


Tree=95
num_leaves=27
num_cat=1
split_feature=59 44 36 0 15 0 55 62 48 62 61 57 60 38 59 37 55 63 64 57 33 62 60 44 33 45
split_gain=0.34866 0.486842 0.355159 0.344717 0.355556 0.342065 0.70549 0.522437 0.520547 0.518656 0.529003 0.401358 0.385843 0.636756 0.436204 0.404452 0.306162 0.28794 0.28768 0.214238 0.205763 0.186564 0.0229601 0.00190688 0.000378703 8.06354e-05
threshold=16.245000000000001 8.9349999000000029 176.50000000000003 74.500000000000014 0 66.500000000000014 8.2899999500000003 0.92500001500000006 34.60999850000001 1.3150000000000002 12.250000000000002 8.1050000500000028 19.050000000000004 95.849998500000012 10.595000000000001 68.500000000000014 5.2850001000000004 396.10001000000005 6.2500000000000009 6.674999950000001 23.275240852980044 1.2250000000000003 12.750000000000002 6.8650000000000011 23.715726940804256 6.8050000500000012
decision_type=10 10 8 2 9 2 10 10 8 10 10 10 10 10 10 8 10 8 8 8 10 8 8 8 10 10
left_child=1 2 5 4 -4 9 7 18 11 10 -1 12 13 14 -9 -16 -10 22 23 -14 -5 -12 -15 -7 -24 -26
right_child=-2 -3 3 20 -6 6 -8 8 16 -11 21 -13 19 17 15 -17 -18 -19 -20 -21 -22 -23 24 -25 25 -27
leaf_value=0.03734544261123967 -0.051631218801205241 0.049775617040491049 -0.029312554379773703 0.070561805801672012 0.044595914877966984 -0.0698721175967668 0.045002519191129089 0.056350965507252895 0.048041662873889043 0.056860230154413653 -0.05537605939599087 -0.071438198387936414 -0.012441704633631791 -0.050004722023694589 -0.060311939229170539 0.019266646907180485 -0.0044852984723671519 -0.0021861358218553334 -0.014919605314422071 0.041947323945362686 0.016871940103376282 0.00046808096438832647 -0.071675976516715798 -0.075621306819374109 -0.068468551109422085 -0.070119104248966058
leaf_weight=0.80106886592693927 0.58198920544236799 0.900901223067195 0.8384702333714813 0.70858975732699014 0.45887568988837413 0.59571162157225943 0.9131576153449722 0.51731353811919722 0.93318430159706656 0.91106738010421384 0.71353242296026986 0.62155603989958752 0.60609070677310195 0.31512800138443653 0.54859071900136736 0.61971011268906306 1.1033787117339668 0.40899631945649173 0.63150142668746423 0.72431875951588165 0.60114451870322227 0.44105469784699392 0.62319551012478769 0.47043315996415924 0.28991462592966855 0.25214594649150968
leaf_count=23 15 36 25 30 32 39 27 10 28 19 37 24 28 28 24 26 23 16 20 18 20 14 18 12 36 9
internal_value=-0.000280996 0.00152487 -0.00125305 0.0214908 -0.00317088 -0.00579984 -0.0116027 -0.017184 -0.00958863 0.0147952 -0.0048014 -0.0203379 -0.013863 -0.0254115 0.00474859 -0.0181005 0.0195834 -0.052319 -0.0510237 0.0171695 0.0459191 -0.0340435 -0.0661695 -0.0724089 -0.0705411 -0.0692363
internal_weight=17.131 16.549 15.6481 2.60708 1.29735 13.0411 10.1743 9.26117 7.56352 2.86672 1.95566 5.52696 4.9054 3.57499 1.68561 1.1683 2.03656 1.88938 1.69765 1.33041 1.30973 1.15459 1.48038 1.06614 1.16526 0.542061
internal_count=637 622 586 107 57 479 386 359 288 93 74 237 213 167 60 50 51 107 71 46 50 51 91 51 63 45
cat_boundaries=0 1
cat_threshold=2
is_linear=0
shrinkage=0.0675


Tree=96
num_leaves=27
num_cat=0
split_feature=38 44 56 35 0 45 60 39 54 56 56 36 56 56 46 55 55 61 58 63 44 55 34 51 44 31
split_gain=0.347824 0.446355 0.44638 0.736845 0.407625 0.593564 0.532926 0.464987 0.408816 0.365296 0.389595 0.427055 0.518603 0.612449 0.423131 0.393849 0.357846 0.179621 0.17808 0.176388 0.059919 0.00379379 0.000146908 2.77691e-05 4.93187e-06 1.35933e-06
threshold=104.50000000000001 8.7500000000000018 8.4149999500000003 1.7909500000000003 66.500000000000014 6.3599999000000009 18.050000000000004 64.500000000000014 4.6849999500000008 8.1750002000000013 7.2349999000000009 141.50000000000003 6.8999998500000013 6.315000050000001 18.729999500000002 4.7600000000000007 7.2650001000000008 19.050000000000004 5.5399999500000012 95.750000000000014 9.4600000500000014 5.6250000000000009 1.7200500500000002 15.395000000000001 5.7550001000000011 80.500000000000014
decision_type=10 10 10 10 2 8 8 10 10 10 10 8 10 10 10 10 8 8 8 8 10 10 10 10 10 10
left_child=1 2 9 -4 8 22 19 -8 -2 10 11 12 13 14 -1 -13 17 -12 -17 -7 -3 -5 -6 -24 25 -25
right_child=4 20 3 21 5 6 7 -9 -10 -11 16 15 -14 -15 -16 18 -18 -19 -20 -21 -22 -23 23 24 -26 -27
leaf_value=-0.048179035744550805 -0.012010124513776598 0.034191140417868381 0.028465340703098873 -0.06260218282388591 -0.07039644272073356 -0.016728197407998569 -0.020303371130032794 0.047411021930976696 0.064175059822550506 0.05081934323651676 -0.066419775235147013 -0.009824743283341467 0.046542610194449587 -0.064374811840356067 0.022196497819765851 0.025681539930407973 0.021243673302417436 -0.010448175128801201 0.068388428177116087 -0.064406666221137596 0.070567645728157283 -0.071167809967069451 -0.069282506871154267 -0.068214223791173603 -0.06847760647752095 -0.067908216569803156
leaf_weight=0.52390541601926033 0.79823925421805941 0.37556850630790073 0.59318966954015262 0.42512334603816271 0.25049329269677378 0.68851688457652938 0.91658505098894216 0.93172714929096401 0.53668137977365404 0.84877869521733362 0.72347732377238516 0.6930747972801331 0.76827015401795495 0.84019140363670874 1.5145952599123118 0.78145597130060163 0.52424649964086723 0.40886862878687691 1.0328297546948306 0.72664914361666899 0.45780553855001926 0.52844235440716147 0.16808318463154137 0.16315729892812669 0.3294388324720785 0.11123194615356624
leaf_count=32 35 20 18 26 16 24 29 19 13 22 38 16 21 25 34 29 16 17 37 21 20 17 10 23 34 25
internal_value=-0.00028349 0.00667566 0.00279732 -0.0306037 -0.013952 -0.0240967 -0.0100366 0.0138312 0.0186188 0.00876325 0.0041932 0.0120145 -0.00272896 -0.0158786 0.00410961 0.0334588 -0.0248632 -0.0462095 0.0499936 -0.0412098 0.0541742 -0.067349 -0.0689761 -0.0685152 -0.0683016 -0.0680902
internal_weight=16.6606 11.0398 10.2064 1.54676 5.6208 4.28588 3.26348 1.84831 1.33492 8.65969 7.81092 6.15432 3.64696 2.87869 2.0385 2.50736 1.65659 1.13235 1.81429 1.41517 0.833374 0.953566 1.0224 0.771911 0.603828 0.274389
internal_count=637 388 348 61 249 201 93 48 48 287 265 194 112 91 66 82 71 55 66 45 40 43 108 92 82 48
is_linear=0
shrinkage=0.0675


Tree=97
num_leaves=31
num_cat=0
split_feature=33 47 37 48 59 48 63 61 55 53 54 56 39 33 48 62 51 32 0 54 36 46 55 57 35 56 36 61 36 63
split_gain=0.335056 0.443968 0.466847 0.419029 0.397624 0.359018 0.347162 0.340045 0.372653 0.340223 0.344018 0.373051 0.338777 0.325583 0.314883 0.435904 0.331663 0.28819 0.490281 0.246634 0.198217 0.136654 0.067294 0.0447074 0.0214385 0.0108107 0.00170343 3.36485e-05 1.21437e-05 1.12733e-05
threshold=21.123061147706387 36.815001000000002 91.500000000000014 17.109999500000004 13.145000000000001 15.690000000000001 1.0000000180025095e-35 36.049999000000007 8.2600002500000027 29.054999000000006 4.2650001000000008 7.7249999000000011 57.500000000000007 26.293150818102465 9.9200001000000011 0.90500000500000011 18.054999000000006 175.50000000000003 77.500000000000014 4.5750000500000008 110.50000000000001 24.685000500000005 5.5050001000000011 5.7850001000000004 1.9122500000000002 6.2349999000000009 115.50000000000001 8.849999900000002 121.50000000000001 8.9499998000000023
decision_type=10 10 10 10 8 8 8 8 8 10 10 10 8 8 10 10 8 10 2 10 10 8 8 8 10 8 10 10 10 10
left_child=14 2 3 4 5 12 -6 8 9 10 -3 13 20 -12 15 -1 -16 18 24 -18 -2 -9 -8 -17 -14 -4 -24 -27 -22 -29
right_child=1 7 25 -5 6 -7 22 21 -10 -11 11 -13 17 -15 16 23 19 -19 -20 -21 28 -23 26 -25 -26 27 -28 29 -30 -31
leaf_value=-0.0093286971633273347 -0.00033252116319890113 0.018519093873667496 -0.047864245689323758 -0.061503469074118772 0.040805871380733258 0.040369749757102509 -0.029610259733916792 0.057017686144483555 0.039716283754485292 0.023263244239204787 -0.043234011608624813 -0.066231407670297268 -0.070400834306587057 0.013853515285221028 -0.067582185863687999 0.04481815825295879 0.05381329640334824 0.03485778339278621 0.049859459766512966 -0.024254826724656772 -0.069347723209575468 0.016031188076100541 -0.07650817961511415 0.070535057718323579 -0.04368142286009033 -0.069455658983936186 -0.069047689580439872 -0.068863717236504321 -0.068683921162435338 -0.06818002965449281
leaf_weight=0.6234096132684529 0.30938124796375532 0.85966510232538018 0.13420466106617812 0.65214496757835139 0.19291833695024219 1.0334392900113014 0.24171363841742288 0.70116117503493991 0.86812334321439255 1.167242527939379 0.8592878431081773 0.89268452720716585 0.27631019172258653 0.96790496190078568 0.31227118335664239 0.53365196555387195 0.37481079273857187 0.96520893252454698 0.30293434299528599 0.36290134349837899 0.24615714279934764 0.78625835967250179 0.2231843089684844 0.72839572047814738 0.27102009486407042 0.23651861143298447 0.37163967289961874 0.18722962681204081 0.25632486620452255 0.26600988721475005
leaf_count=16 8 17 16 38 6 18 19 14 21 29 16 25 19 27 9 19 25 38 13 17 13 27 3 24 21 14 37 16 28 44
internal_value=-0.00028381 -0.00484915 -0.0181003 -0.0108063 -0.0037572 0.00666502 -0.0408189 0.00665565 -0.000946165 -0.00838278 -0.0187021 -0.0304666 -0.00659243 -0.0129935 0.0203523 0.03685 -0.00927279 0.00961632 -0.0190374 0.0154094 -0.0428381 0.035352 -0.0596429 0.0596608 -0.0571703 -0.0653926 -0.0718469 -0.068803 -0.0690091 -0.0684625
internal_weight=16.2041 13.2687 6.16634 5.34238 4.69023 3.66078 1.02946 7.10233 5.61491 4.74678 3.57954 2.71988 2.62734 1.82719 2.93544 1.88546 1.04998 1.81547 0.850265 0.737712 0.811863 1.48742 0.836538 1.26205 0.54733 0.823963 0.594824 0.689758 0.502482 0.45324
internal_count=637 527 351 261 223 158 65 176 135 114 85 68 140 43 110 59 51 91 53 42 49 41 59 43 40 90 40 74 41 60
is_linear=0
shrinkage=0.0675


Tree=98
num_leaves=31
num_cat=1
split_feature=39 58 58 49 55 0 34 38 39 58 6 53 46 44 61 61 62 32 57 0 57 60 58 49 52 57 44 49 33 34
split_gain=0.343653 0.395665 0.436596 0.329958 0.316603 0.44114 0.309656 0.490099 0.371823 0.459007 0.396355 0.382936 0.341897 0.601893 0.299785 0.272154 0.245169 0.235741 0.27905 0.200577 0.186111 0.0967011 0.0483216 0.0109927 0.00464963 0.00226264 0.000888125 0.000293415 6.58566e-05 1.6465e-05
threshold=44.500000000000007 5.9749999000000011 5.1050000000000013 4.9149999500000012 4.5950000500000012 82.500000000000014 1.8388000000000002 104.85000000000001 56.500000000000007 4.5750000500000008 0 16.804999000000006 19.034999500000001 4.7449999000000007 31.750000000000004 12.450000000000001 1.3049999500000002 170.50000000000003 7.8650000000000011 66.500000000000014 6.8350000500000005 26.250000000000004 7.0050001000000011 6.3850000000000007 48.225000500000007 6.2149999000000014 6.0250001000000006 7.7850001000000004 32.204267443021372 1.9323000000000004
decision_type=10 8 10 10 8 2 8 10 8 8 9 10 8 8 8 8 10 10 8 2 10 8 10 10 8 10 10 10 8 10
left_child=1 2 -1 -3 5 21 7 15 9 -8 -10 16 13 -12 28 -6 24 -14 20 -5 -19 27 26 -9 25 -11 -21 29 -15 -2
right_child=4 3 -4 19 6 -7 8 23 10 11 12 -13 17 14 -16 -17 -18 18 -20 22 -22 -23 -24 -25 -26 -27 -28 -29 -30 -31
leaf_value=0.038201342820644163 -0.069314518039953296 -0.011943419917928797 -0.036418807850615055 0.011497333368714923 0.040834370387587138 0.030134349112631121 0.049701139529895806 -0.056516250189854761 -0.027617389132466228 -0.069374963544070439 0.062698668658663734 0.0068315937609562507 0.058152268302180773 -0.068363346818236331 0.019775796737184596 -0.026486264801275868 -0.011847087461388248 0.014240193530777174 -0.013593172329559547 0.073638159057074076 0.057236066340411187 -0.025611563632799803 0.044078271598025368 -0.072150385931597991 -0.075388624940931001 -0.060432699398309503 0.069298236249223266 -0.071642723089652374 -0.069934604479366932 -0.068514506549410714
leaf_weight=0.55959723051637522 0.24592338007641656 0.53807093575596843 0.98800585349090397 0.49359430046752084 0.48867910634726164 0.34993054764345277 0.40277290972880964 0.36298062570858736 0.90569142368622124 0.32474831654690228 0.35721598262898679 0.87955735344439734 1.0539314069319519 0.40390108904102828 0.24889140645973384 0.62167401402257394 0.50949679280165583 0.96564057795330904 0.77642470831051458 0.38611805438995339 0.87373688351362944 0.31593681208323698 0.45495979627594352 0.47053823666647077 0.40641253453213722 0.21379838441498578 0.48432718100957572 0.29732731357216835 0.17385187698528171 0.22395603836048394
leaf_count=27 19 14 38 14 13 9 11 32 30 21 7 21 28 57 9 27 14 31 27 6 15 17 25 12 8 26 36 6 9 28
internal_value=-0.000290692 0.0170805 -0.00943693 0.0344913 -0.00600356 -0.0357541 -0.00191974 -0.0262233 0.00364083 -0.0168437 0.013375 -0.0283272 0.0210243 -0.0105175 -0.0421563 0.00314232 -0.0495888 0.0311997 0.0203403 0.048227 0.034664 -0.0570407 0.0619055 -0.065342 -0.0699381 -0.065825 0.0712234 -0.0699833 -0.0688362 -0.0689332
internal_weight=15.7777 3.90467 1.5476 2.35707 11.873 1.43307 10.4399 1.94387 8.49607 2.73679 5.75929 2.33401 4.85359 1.18386 0.826644 1.11035 1.45446 3.66973 2.6158 1.819 1.83938 1.08314 1.32541 0.833519 0.944959 0.538547 0.870445 0.767207 0.577753 0.469879
internal_count=637 160 65 95 477 79 398 84 314 101 213 90 183 82 75 40 69 101 73 81 46 70 67 44 55 47 42 53 66 47
cat_boundaries=0 1
cat_threshold=2
is_linear=0
shrinkage=0.0675


Tree=99
num_leaves=29
num_cat=4
split_feature=39 52 39 58 33 55 62 61 39 0 36 33 15 37 55 26 62 40 35 38 33 33 62 59 33 62 15 44
split_gain=0.319955 0.336942 0.496806 0.419816 0.392275 0.545939 0.551741 0.616626 0.357642 0.357639 0.467605 0.344374 0.318771 0.272835 0.266256 0.224768 0.220114 0.172601 0.156014 0.152744 0.0927732 9.0148e-05 8.89468e-05 7.38455e-05 3.02176e-05 1.40558e-05 9.15825e-06 8.47921e-07
threshold=29.500000000000004 28.399999500000003 71.500000000000014 7.1180000500000009 25.903248280473381 8.2899999500000003 1.4450000500000002 15.250000000000002 70.500000000000014 69.500000000000014 142.50000000000003 27.147874042411441 0 84.500000000000014 6.565000050000001 1 1.1749999500000003 2 1.8308500000000001 98.849998500000012 1.0000000180025095e-35 24.672938315356795 1.385 10.445000000000002 29.349285149474547 1.2550000000000001 3 5.6450000000000005
decision_type=10 8 10 10 8 10 8 10 8 2 10 10 9 10 10 9 8 9 10 8 10 10 10 10 8 8 9 10
left_child=14 3 4 8 9 6 7 19 12 -3 -11 -4 13 15 18 -2 -9 -14 -1 -6 -10 -5 -16 -22 27 -23 -25 -15
right_child=1 2 11 21 5 -7 -8 16 20 10 -12 -13 17 24 22 -17 -18 -19 -20 -21 23 25 -24 26 -26 -27 -28 -29
leaf_value=0.034358006643367064 0.018249229179294432 0.017629414421367461 0.051460487189386367 -0.070303264080175426 0.062927490509528547 0.063233723303995432 -0.048891831669987319 -0.044903620529157695 -0.0071567130550326489 -0.0088545915005908034 -0.06957447747958051 -0.0082621325329911028 0.001196318959650382 -0.067967747791126534 0.068435680353708339 -0.044504461798760615 0.0089377375595535886 0.052783570287840531 -0.012825941493166935 0.019844797935990217 -0.070033481135968204 -0.068212646065007723 0.070283896601347901 -0.067966159758679853 -0.069296388710092166 -0.068955091937602409 -0.06870890943252074 -0.068228242584051205
leaf_weight=0.63313397578895159 0.75394528568722308 0.73302044952288303 1.397498576785438 0.20112160616554309 0.7744579515419906 0.68666008813306678 0.8833091475535183 0.75632497179321911 0.14116609096527089 1.2726097442209723 1.0585062995087353 0.64199363044463087 0.59961202275007963 0.11642048932844784 0.28295249794609834 0.39698217611294218 0.63761496264487516 0.58265772380400227 0.64411375997588038 0.72683219728060078 0.20192526048049331 0.22687779052648693 0.20430379873141646 0.13944022025680169 0.16415156528819352 0.23811480705626309 0.16530342260375619 0.11142159113660455
leaf_count=28 25 17 38 12 19 19 25 24 4 36 28 23 27 26 33 33 18 19 15 24 9 31 12 35 14 17 12 14
internal_value=-0.000285106 -0.00379175 0.00310906 -0.0201399 -0.00489573 0.00786731 -0.00219422 0.0120528 -0.0104693 -0.0234946 -0.0364261 0.0326609 0.00024713 -0.0199612 0.0267583 -0.00339601 -0.0202755 0.0266201 0.0105632 0.0420695 -0.0555494 -0.0691093 0.0692106 -0.0690324 -0.0685982 -0.0685928 -0.0683691 -0.0680951
internal_weight=15.3725 13.608 9.56883 4.03914 7.52934 4.4652 3.77854 2.89523 3.37303 3.06414 2.33112 2.03949 2.72519 1.54292 1.7645 1.15093 1.39394 1.18227 1.27725 1.50129 0.647835 0.666114 0.487256 0.506669 0.391994 0.464993 0.304744 0.227842
internal_count=637 549 271 278 210 129 110 85 218 81 64 61 158 112 88 58 42 46 43 43 60 60 45 56 54 48 47 40
cat_boundaries=0 1 2 3 4
cat_threshold=2 2 2 2
is_linear=0
shrinkage=0.0675


end of trees

feature_importances:
Pulse_pressure_(mmHg)=147
Distance_between_lowest_renal_artery_to_the_aortic_bifurcature_(cm)=146
Right_iliac_artery_maximal_diameter_(cm)=138
Anterior_Wall_thickness_(mm)=116
Body_mass_index=115
Distance_between_the_aortic_bifurcature_to_os_saccrum_(cm)=109
UniCa-score_at_max._size_over_15mm=108
Body_Surface_Area_calculated_using_the_DuBois'_formula=107
Maximal_transversiel_diameter_(cm)=107
Luminal_area_perpendicular_to_maximum_anterior-posterior_diameter_(cm2)=103
Maximal_luminal_area_(cm2)=88
Distance_between_iliac_bifurcatures_(cm)=88
Transvers_outer-to-outer_diameter_of_L3_(cm)=78
Mean_arterial_pressure=77
Maximal_circumference_(cm)=74
Distance_between_right_iliac_bifurcature_to_the_aortic_bifurcature_(cm)=74
Systolic_blood_pressure=72
Distance_between_left_iliac_bifurcature_to_the_aortic_bifurcature_(cm)=72
Left_iliac_artery_maximal_diameter_(cm)=71
Age=69
Maximal_Area_(cm2)=63
Diastolic_blood_pressure=55
Transversiel_diameter_perpendicular_to_maximum_anterior-posterior_diameter_(cm)=53
Maximal_anterior-posterior_diameter_(cm)=46
Anterior-posterior_diameter_perpendicular_to_maximum_anterior-posterior_diameter=46
Area_perpendicular_to_maximum_anterior-posterior_diameter_(cm2)=45
Platelet_inhibitors=36
Circumference_perpendicular_to_maximum_anterior-posterior_diameter_(cm)=36
Weight=35
Body_Surface_Area_calculated_using_the_Mostellers_formula=35
Statins=34
Smoking=30
Height=21
Suprarenal_mural_thrombe=17
Acetylsalicylic_acid=16
Oral_corticosteroids=16
ACE-inhibitors=11
SIRS_within_the_last_3_months=10
Coronary_artery_disease=6
Calcium-antagonists=5
UniCa-score_in_thrombus=5
Former_Stroke=4
Direct_oral_anticoagulants=4
Hypertension=3
Autoimmune_disease=3
Beta-blockers=3
Sex=2
Diabetes_Mellitus=2
Thiazides=2
Chronic_Obstructive_Pulmonary_Disease=1
Anticoagulants=1

parameters:
[boosting: gbdt]
[objective: binary]
[metric: binary_logloss]
[tree_learner: serial]
[device_type: cpu]
[data_sample_strategy: bagging]
[data: ]
[valid: ]
[num_iterations: 100]
[learning_rate: 0.0675]
[num_leaves: 31]
[num_threads: 8]
[seed: 0]
[deterministic: 0]
[force_col_wise: 0]
[force_row_wise: 0]
[histogram_pool_size: -1]
[max_depth: -1]
[min_data_in_leaf: 20]
[min_sum_hessian_in_leaf: 0.001]
[bagging_fraction: 1]
[pos_bagging_fraction: 1]
[neg_bagging_fraction: 1]
[bagging_freq: 0]
[bagging_seed: 3]
[bagging_by_query: 0]
[feature_fraction: 1]
[feature_fraction_bynode: 1]
[feature_fraction_seed: 2]
[extra_trees: 0]
[extra_seed: 6]
[early_stopping_round: 0]
[early_stopping_min_delta: 0]
[first_metric_only: 0]
[max_delta_step: 0]
[lambda_l1: 0]
[lambda_l2: 0]
[linear_lambda: 0]
[min_gain_to_split: 0]
[drop_rate: 0.1]
[max_drop: 50]
[skip_drop: 0.5]
[xgboost_dart_mode: 0]
[uniform_drop: 0]
[drop_seed: 4]
[top_rate: 0.2]
[other_rate: 0.1]
[min_data_per_group: 100]
[max_cat_threshold: 32]
[cat_l2: 10]
[cat_smooth: 10]
[max_cat_to_onehot: 4]
[top_k: 20]
[monotone_constraints: ]
[monotone_constraints_method: basic]
[monotone_penalty: 0]
[feature_contri: ]
[forcedsplits_filename: ]
[refit_decay_rate: 0.9]
[cegb_tradeoff: 1]
[cegb_penalty_split: 0]
[cegb_penalty_feature_lazy: ]
[cegb_penalty_feature_coupled: ]
[path_smooth: 0]
[interaction_constraints: ]
[verbosity: 1]
[saved_feature_importance_type: 0]
[use_quantized_grad: 0]
[num_grad_quant_bins: 4]
[quant_train_renew_leaf: 0]
[stochastic_rounding: 1]
[linear_tree: 0]
[max_bin: 255]
[max_bin_by_feature: ]
[min_data_in_bin: 3]
[bin_construct_sample_cnt: 200000]
[data_random_seed: 1]
[is_enable_sparse: 1]
[enable_bundle: 1]
[use_missing: 1]
[zero_as_missing: 0]
[feature_pre_filter: 1]
[pre_partition: 0]
[two_round: 0]
[header: 0]
[label_column: ]
[weight_column: ]
[group_column: ]
[ignore_column: ]
[categorical_feature: 1,2,3,4,5,6,7,8,9,10,11,12,13,14,15,16,17,18,19,20,21,22,23,24,25,26,27,28,29,30,40,41,42,43,65]
[forcedbins_filename: ]
[precise_float_parser: 0]
[parser_config_file: ]
[objective_seed: 5]
[num_class: 1]
[is_unbalance: 0]
[scale_pos_weight: 1]
[sigmoid: 1]
[boost_from_average: 1]
[reg_sqrt: 0]
[alpha: 0.9]
[fair_c: 1]
[poisson_max_delta_step: 0.7]
[tweedie_variance_power: 1.5]
[lambdarank_truncation_level: 30]
[lambdarank_norm: 1]
[label_gain: ]
[lambdarank_position_bias_regularization: 0]
[eval_at: ]
[multi_error_top_k: 1]
[auc_mu_weights: ]
[num_machines: 1]
[local_listen_port: 12400]
[time_out: 120]
[machine_list_filename: ]
[machines: ]
[gpu_platform_id: -1]
[gpu_device_id: -1]
[gpu_use_dp: 0]
[num_gpu: 1]

end of parameters

pandas_categorical:[[0, 1], [0.0, 1.0, 9.0], [0.0], [0.0, 1.0, 9.0], [0.0, 1.0, 2.0], [0.0, 1.0, 9.0], [0.0, 1.0, 9.0], [0.0, 1.0, 2.0], [0.0, 1.0, 9.0], [0.0, 1.0, 9.0], [0.0, 1.0, 9.0], [0.0, 1.0, 9.0], [0.0, 1.0, 9.0], [0.0, 1.0, 9.0], [0.0, 1.0], [0.0, 1.0], [0.0, 1.0], [0.0, 1.0], [0.0, 1.0], [0.0, 1.0], [0.0, 1.0], [0.0, 1.0], [0.0, 1.0], [0.0, 1.0], [0.0, 1.0], [0.0, 1.0], [0.0, 1.0], [0.0, 1.0], [0.0, 1.0], [0.0, 1.0], [0.0, 1.0], [1.0, 2.0], [0.0, 1.0], [0.0, 1.0], [0, 1]]
